symbol,date,open,high,low,close,volume,adj_close,price_change,pct_change,load_timestamp
BND,2016-09-16,80.0,80.63,79.47,79.91,80444089,79.91,-0.0900000000000034,-0.11,2026-09-14 16:20:12.306099
BND,2016-09-19,79.91,80.44,79.18,80.12,25443819,80.12,0.2100000000000079,0.26,2026-09-14 16:20:12.306099
BND,2016-09-20,80.12,81.0,79.64,80.48,95682745,80.48,0.3599999999999994,0.45,2026-09-14 16:20:12.306099
BND,2016-09-21,80.48,81.08,80.23,80.24,53234827,80.24,-0.2400000000000091,-0.3,2026-09-14 16:20:12.306099
BND,2016-09-22,80.24,80.59,79.36,80.13,68723918,80.13,-0.1099999999999994,-0.14,2026-09-14 16:20:12.306099
BND,2016-09-23,80.13,80.96,79.57,80.55,15883207,80.55,0.4200000000000017,0.52,2026-09-14 16:20:12.306099
BND,2016-09-26,80.55,81.12,80.32,80.45,41350590,80.45,-0.0999999999999943,-0.12,2026-09-14 16:20:12.306099
BND,2016-09-27,80.45,81.39,80.03,80.77,96117177,80.77,0.3199999999999932,0.4,2026-09-14 16:20:12.306099
BND,2016-09-28,80.77,81.15,80.51,80.64,79563840,80.64,-0.1299999999999954,-0.16,2026-09-14 16:20:12.306099
BND,2016-09-29,80.64,81.54,80.17,80.86,45468370,80.86,0.2199999999999988,0.27,2026-09-14 16:20:12.306099
BND,2016-09-30,80.86,81.29,80.0,80.74,29292674,80.74,-0.1200000000000045,-0.15,2026-09-14 16:20:12.306099
BND,2016-10-03,80.74,80.77,79.67,80.29,92770131,80.29,-0.4499999999999886,-0.56,2026-09-14 16:20:12.306099
BND,2016-10-04,80.29,80.34,79.56,80.2,85857837,80.2,-0.0900000000000034,-0.11,2026-09-14 16:20:12.306099
BND,2016-10-05,80.2,81.02,79.55,80.6,27283867,80.6,0.3999999999999915,0.5,2026-09-14 16:20:12.306099
BND,2016-10-06,80.6,80.95,80.45,80.59,84829618,80.59,-0.0099999999999909,-0.01,2026-09-14 16:20:12.306099
BND,2016-10-07,80.59,81.7,80.13,80.94,56305898,80.94,0.3499999999999943,0.43,2026-09-14 16:20:12.306099
BND,2016-10-10,80.94,81.27,80.04,80.7,70975076,80.7,-0.2399999999999948,-0.3,2026-09-14 16:20:12.306099
BND,2016-10-11,80.7,81.04,80.4,80.62,17817869,80.62,-0.0799999999999983,-0.1,2026-09-14 16:20:12.306099
BND,2016-10-12,80.62,80.95,79.98,80.39,52240891,80.39,-0.2300000000000039,-0.29,2026-09-14 16:20:12.306099
BND,2016-10-13,80.39,81.21,79.9,80.66,97484841,80.66,0.269999999999996,0.34,2026-09-14 16:20:12.306099
BND,2016-10-14,80.66,81.12,80.55,80.6,82712657,80.6,-0.0600000000000022,-0.07,2026-09-14 16:20:12.306099
BND,2016-10-17,80.6,81.52,79.95,81.17,50950234,81.17,0.5700000000000074,0.71,2026-09-14 16:20:12.306099
BND,2016-10-18,81.17,81.56,80.56,80.61,90807499,80.61,-0.5600000000000023,-0.69,2026-09-14 16:20:12.306099
BND,2016-10-19,80.61,81.23,79.18,79.88,81241532,79.88,-0.730000000000004,-0.91,2026-09-14 16:20:12.306099
BND,2016-10-20,79.88,80.3,79.58,80.21,94067624,80.21,0.3299999999999983,0.41,2026-09-14 16:20:12.306099
BND,2016-10-21,80.21,80.82,79.77,79.93,27500487,79.93,-0.2799999999999869,-0.35,2026-09-14 16:20:12.306099
BND,2016-10-24,79.93,80.06,79.47,79.95,44042651,79.95,0.019999999999996,0.03,2026-09-14 16:20:12.306099
BND,2016-10-25,79.95,80.62,79.18,80.08,79987036,80.08,0.1299999999999954,0.16,2026-09-14 16:20:12.306099
BND,2016-10-26,80.08,81.13,79.35,80.78,62029638,80.78,0.7000000000000028,0.87,2026-09-14 16:20:12.306099
BND,2016-10-27,80.78,81.63,80.59,81.07,15736193,81.07,0.289999999999992,0.36,2026-09-14 16:20:12.306099
BND,2016-10-28,81.07,82.2,80.94,81.71,36824313,81.71,0.6400000000000006,0.79,2026-09-14 16:20:12.306099
BND,2016-10-31,81.71,82.22,80.65,81.17,16494729,81.17,-0.539999999999992,-0.66,2026-09-14 16:20:12.306099
BND,2016-11-01,81.17,82.19,80.72,81.47,37845002,81.47,0.2999999999999971,0.37,2026-09-14 16:20:12.306099
BND,2016-11-02,81.47,82.32,80.82,81.64,97934263,81.64,0.1700000000000017,0.21,2026-09-14 16:20:12.306099
BND,2016-11-03,81.64,81.92,81.23,81.66,83468545,81.66,0.019999999999996,0.02,2026-09-14 16:20:12.306099
BND,2016-11-04,81.66,81.85,80.98,81.57,49998468,81.57,-0.0900000000000034,-0.11,2026-09-14 16:20:12.306099
BND,2016-11-07,81.57,82.12,81.3,82.0,34128991,82.0,0.4300000000000068,0.53,2026-09-14 16:20:12.306099
BND,2016-11-08,82.0,82.62,81.45,81.83,53022643,81.83,-0.1700000000000017,-0.21,2026-09-14 16:20:12.306099
BND,2016-11-09,81.83,82.4,80.97,81.78,80012965,81.78,-0.0499999999999971,-0.06,2026-09-14 16:20:12.306099
BND,2016-11-10,81.78,82.29,80.78,81.02,12715889,81.02,-0.7600000000000051,-0.93,2026-09-14 16:20:12.306099
BND,2016-11-11,81.02,81.1,80.5,80.66,81604397,80.66,-0.3599999999999994,-0.44,2026-09-14 16:20:12.306099
BND,2016-11-14,80.66,81.27,79.65,80.41,61684580,80.41,-0.25,-0.31,2026-09-14 16:20:12.306099
BND,2016-11-15,80.41,81.35,80.33,80.75,48539087,80.75,0.3400000000000034,0.42,2026-09-14 16:20:12.306099
BND,2016-11-16,80.75,81.42,79.51,80.16,86343882,80.16,-0.5900000000000034,-0.73,2026-09-14 16:20:12.306099
BND,2016-11-17,80.16,80.58,79.19,79.85,88595417,79.85,-0.3100000000000023,-0.39,2026-09-14 16:20:12.306099
BND,2016-11-18,79.85,80.64,78.61,79.3,55942269,79.3,-0.5499999999999972,-0.69,2026-09-14 16:20:12.306099
BND,2016-11-21,79.3,79.48,78.44,79.05,20003883,79.05,-0.25,-0.32,2026-09-14 16:20:12.306099
BND,2016-11-22,79.05,79.76,78.36,79.28,86240247,79.28,0.2300000000000039,0.29,2026-09-14 16:20:12.306099
BND,2016-11-23,79.28,79.69,79.16,79.36,70268437,79.36,0.0799999999999983,0.1,2026-09-14 16:20:12.306099
BND,2016-11-24,79.36,80.1,78.58,79.66,59527879,79.66,0.2999999999999971,0.38,2026-09-14 16:20:12.306099
BND,2016-11-25,79.66,80.34,78.99,79.8,49148261,79.8,0.1400000000000005,0.18,2026-09-14 16:20:12.306099
BND,2016-11-28,79.8,80.77,79.31,80.63,36618220,80.63,0.8299999999999983,1.04,2026-09-14 16:20:12.306099
BND,2016-11-29,80.63,81.25,80.59,80.6,60752397,80.6,-0.0300000000000011,-0.04,2026-09-14 16:20:12.306099
BND,2016-11-30,80.6,81.2,80.57,80.97,25251648,80.97,0.3700000000000045,0.46,2026-09-14 16:20:12.306099
BND,2016-12-01,80.97,81.78,79.96,80.54,65067116,80.54,-0.4299999999999926,-0.53,2026-09-14 16:20:12.306099
BND,2016-12-02,80.54,81.36,80.13,80.63,13175559,80.63,0.0899999999999892,0.11,2026-09-14 16:20:12.306099
BND,2016-12-05,80.63,81.43,80.11,80.32,51711900,80.32,-0.3100000000000023,-0.38,2026-09-14 16:20:12.306099
BND,2016-12-06,80.32,81.08,79.74,80.77,44056395,80.77,0.4500000000000028,0.56,2026-09-14 16:20:12.306099
BND,2016-12-07,80.77,81.4,80.37,80.39,83669399,80.39,-0.3799999999999954,-0.47,2026-09-14 16:20:12.306099
BND,2016-12-08,80.39,80.81,79.89,80.29,85197421,80.29,-0.0999999999999943,-0.12,2026-09-14 16:20:12.306099
BND,2016-12-09,80.29,80.58,80.04,80.45,33868216,80.45,0.1599999999999966,0.2,2026-09-14 16:20:12.306099
BND,2016-12-12,80.45,80.81,79.93,80.66,51937025,80.66,0.2099999999999937,0.26,2026-09-14 16:20:12.306099
BND,2016-12-13,80.66,81.47,79.91,81.07,91042221,81.07,0.4099999999999966,0.51,2026-09-14 16:20:12.306099
BND,2016-12-14,81.07,81.79,80.9,81.23,84097387,81.23,0.1600000000000108,0.2,2026-09-14 16:20:12.306099
BND,2016-12-15,81.23,81.5,81.03,81.26,48661988,81.26,0.0300000000000011,0.04,2026-09-14 16:20:12.306099
BND,2016-12-16,81.26,81.95,81.23,81.31,37205849,81.31,0.0499999999999971,0.06,2026-09-14 16:20:12.306099
BND,2016-12-19,81.31,81.93,81.19,81.46,40175471,81.46,0.1499999999999914,0.18,2026-09-14 16:20:12.306099
BND,2016-12-20,81.46,81.88,80.85,81.49,53630065,81.49,0.0300000000000011,0.04,2026-09-14 16:20:12.306099
BND,2016-12-21,81.49,82.56,81.28,82.05,32482188,82.05,0.5600000000000023,0.69,2026-09-14 16:20:12.306099
BND,2016-12-22,82.05,83.15,81.45,82.43,22343008,82.43,0.3800000000000096,0.46,2026-09-14 16:20:12.306099
BND,2016-12-23,82.43,82.57,81.52,82.3,83466079,82.3,-0.1300000000000096,-0.16,2026-09-14 16:20:12.306099
BND,2016-12-26,82.3,83.09,82.14,82.26,60323539,82.26,-0.039999999999992,-0.05,2026-09-14 16:20:12.306099
BND,2016-12-27,82.26,82.85,81.49,82.6,88145066,82.6,0.3399999999999892,0.41,2026-09-14 16:20:12.306099
BND,2016-12-28,82.6,82.8,81.79,82.28,15521750,82.28,-0.3199999999999932,-0.39,2026-09-14 16:20:12.306099
BND,2016-12-29,82.28,82.86,82.04,82.37,36381068,82.37,0.0900000000000034,0.11,2026-09-14 16:20:12.306099
BND,2016-12-30,82.37,83.45,82.05,82.68,62674215,82.68,0.3100000000000023,0.38,2026-09-14 16:20:12.306099
BND,2017-01-02,82.68,83.26,82.41,82.49,16447738,82.49,-0.1900000000000119,-0.23,2026-09-14 16:20:12.306099
BND,2017-01-03,82.49,83.09,81.5,81.72,41954204,81.72,-0.769999999999996,-0.93,2026-09-14 16:20:12.306099
BND,2017-01-04,81.72,81.81,81.19,81.34,48703452,81.34,-0.3799999999999954,-0.47,2026-09-14 16:20:12.306099
BND,2017-01-05,81.34,81.87,80.66,81.22,57374927,81.22,-0.1200000000000045,-0.15,2026-09-14 16:20:12.306099
BND,2017-01-06,81.22,81.98,80.6,81.63,13788864,81.63,0.4099999999999966,0.5,2026-09-14 16:20:12.306099
BND,2017-01-09,81.63,82.38,81.36,81.82,17068175,81.82,0.1899999999999977,0.23,2026-09-14 16:20:12.306099
BND,2017-01-10,81.82,82.84,81.72,82.25,75216822,82.25,0.4300000000000068,0.53,2026-09-14 16:20:12.306099
BND,2017-01-11,82.25,82.77,81.94,82.14,82476582,82.14,-0.1099999999999994,-0.13,2026-09-14 16:20:12.306099
BND,2017-01-12,82.14,83.31,81.56,82.57,14924793,82.57,0.4299999999999926,0.52,2026-09-14 16:20:12.306099
BND,2017-01-13,82.57,83.08,82.19,82.67,47846007,82.67,0.1000000000000085,0.12,2026-09-14 16:20:12.306099
BND,2017-01-16,82.67,83.63,81.93,83.03,34565033,83.03,0.3599999999999994,0.44,2026-09-14 16:20:12.306099
BND,2017-01-17,83.03,83.6,82.43,82.99,54370058,82.99,-0.0400000000000062,-0.05,2026-09-14 16:20:12.306099
BND,2017-01-18,82.99,83.77,82.75,83.14,28724784,83.14,0.1500000000000056,0.18,2026-09-14 16:20:12.306099
BND,2017-01-19,83.14,83.8,83.11,83.58,14641816,83.58,0.4399999999999977,0.53,2026-09-14 16:20:12.306099
BND,2017-01-20,83.58,84.39,82.79,83.16,23235501,83.16,-0.4200000000000017,-0.5,2026-09-14 16:20:12.306099
BND,2017-01-23,83.16,83.38,82.15,82.97,60693774,82.97,-0.1899999999999977,-0.23,2026-09-14 16:20:12.306099
BND,2017-01-24,82.97,83.38,82.21,82.48,80152478,82.48,-0.4899999999999949,-0.59,2026-09-14 16:20:12.306099
BND,2017-01-25,82.48,83.19,81.46,82.09,87522742,82.09,-0.3900000000000005,-0.47,2026-09-14 16:20:12.306099
BND,2017-01-26,82.09,82.44,81.66,82.25,86492999,82.25,0.1599999999999966,0.19,2026-09-14 16:20:12.306099
BND,2017-01-27,82.25,82.3,82.01,82.25,31772828,82.25,0.0,0.0,2026-09-14 16:20:12.306099
BND,2017-01-30,82.25,82.92,81.69,82.53,96590723,82.53,0.2800000000000011,0.34,2026-09-14 16:20:12.306099
BND,2017-01-31,82.53,83.16,82.23,82.25,19370455,82.25,-0.2800000000000011,-0.34,2026-09-14 16:20:12.306099
BND,2017-02-01,82.25,82.61,81.92,82.36,52931430,82.36,0.1099999999999994,0.13,2026-09-14 16:20:12.306099
BND,2017-02-02,82.36,82.41,81.04,81.59,12129521,81.59,-0.769999999999996,-0.93,2026-09-14 16:20:12.306099
BND,2017-02-03,81.59,82.62,81.01,81.86,63636446,81.86,0.269999999999996,0.33,2026-09-14 16:20:12.306099
BND,2017-02-06,81.86,82.56,81.1,82.03,96787528,82.03,0.1700000000000017,0.21,2026-09-14 16:20:12.306099
BND,2017-02-07,82.03,82.85,81.37,82.34,10093434,82.34,0.3100000000000023,0.38,2026-09-14 16:20:12.306099
BND,2017-02-08,82.34,82.88,81.49,82.08,43191046,82.08,-0.2600000000000051,-0.32,2026-09-14 16:20:12.306099
BND,2017-02-09,82.08,82.23,81.4,81.86,92737308,81.86,-0.2199999999999988,-0.27,2026-09-14 16:20:12.306099
BND,2017-02-10,81.86,82.15,81.56,81.78,80991444,81.78,-0.0799999999999983,-0.1,2026-09-14 16:20:12.306099
BND,2017-02-13,81.78,82.51,81.46,82.09,21141811,82.09,0.3100000000000023,0.38,2026-09-14 16:20:12.306099
BND,2017-02-14,82.09,82.6,81.66,81.97,92690917,81.97,-0.1200000000000045,-0.15,2026-09-14 16:20:12.306099
BND,2017-02-15,81.97,82.73,81.4,81.79,50915604,81.79,-0.1799999999999926,-0.22,2026-09-14 16:20:12.306099
BND,2017-02-16,81.79,82.57,80.61,81.39,83700765,81.39,-0.4000000000000057,-0.49,2026-09-14 16:20:12.306099
BND,2017-02-17,81.39,81.8,81.08,81.63,94446774,81.63,0.2399999999999948,0.29,2026-09-14 16:20:12.306099
BND,2017-02-20,81.63,82.42,80.87,81.8,97335294,81.8,0.1700000000000017,0.21,2026-09-14 16:20:12.306099
BND,2017-02-21,81.8,82.25,81.19,81.59,98887645,81.59,-0.2099999999999937,-0.26,2026-09-14 16:20:12.306099
BND,2017-02-22,81.59,82.11,80.81,81.96,72027533,81.96,0.3699999999999903,0.45,2026-09-14 16:20:12.306099
BND,2017-02-23,81.96,82.25,81.54,82.14,94979903,82.14,0.1800000000000068,0.22,2026-09-14 16:20:12.306099
BND,2017-02-24,82.14,82.81,81.69,82.47,89753057,82.47,0.3299999999999983,0.4,2026-09-14 16:20:12.306099
BND,2017-02-27,82.47,82.98,81.97,82.65,35128235,82.65,0.1800000000000068,0.22,2026-09-14 16:20:12.306099
BND,2017-02-28,82.65,83.09,82.21,82.91,62041612,82.91,0.2599999999999909,0.31,2026-09-14 16:20:12.306099
BND,2017-03-01,82.91,83.13,82.51,82.64,22558929,82.64,-0.269999999999996,-0.33,2026-09-14 16:20:12.306099
BND,2017-03-02,82.64,82.82,82.17,82.27,99898452,82.27,-0.3700000000000045,-0.45,2026-09-14 16:20:12.306099
BND,2017-03-03,82.27,83.0,81.71,82.21,74356315,82.21,-0.0600000000000022,-0.07,2026-09-14 16:20:12.306099
BND,2017-03-06,82.21,82.36,81.2,81.89,84517548,81.89,-0.3199999999999932,-0.39,2026-09-14 16:20:12.306099
BND,2017-03-07,81.89,82.52,81.06,81.5,91814422,81.5,-0.3900000000000005,-0.48,2026-09-14 16:20:12.306099
BND,2017-03-08,81.5,81.75,80.78,81.71,97170977,81.71,0.2099999999999937,0.26,2026-09-14 16:20:12.306099
BND,2017-03-09,81.71,81.81,80.62,81.27,68274013,81.27,-0.4399999999999977,-0.54,2026-09-14 16:20:12.306099
BND,2017-03-10,81.27,81.99,80.21,80.67,86763513,80.67,-0.5999999999999943,-0.74,2026-09-14 16:20:12.306099
BND,2017-03-13,80.67,80.9,79.69,80.48,61390499,80.48,-0.1899999999999977,-0.24,2026-09-14 16:20:12.306099
BND,2017-03-14,80.48,80.83,80.37,80.5,71759159,80.5,0.019999999999996,0.02,2026-09-14 16:20:12.306099
BND,2017-03-15,80.5,81.26,79.3,80.08,79087676,80.08,-0.4200000000000017,-0.52,2026-09-14 16:20:12.306099
BND,2017-03-16,80.08,80.95,80.06,80.37,84376045,80.37,0.2900000000000062,0.36,2026-09-14 16:20:12.306099
BND,2017-03-17,80.37,81.35,80.07,80.59,33685624,80.59,0.2199999999999988,0.27,2026-09-14 16:20:12.306099
BND,2017-03-20,80.59,81.32,79.9,80.89,91995144,80.89,0.2999999999999971,0.37,2026-09-14 16:20:12.306099
BND,2017-03-21,80.89,81.26,80.38,80.83,86296555,80.83,-0.0600000000000022,-0.07,2026-09-14 16:20:12.306099
BND,2017-03-22,80.83,81.09,79.71,80.3,35683702,80.3,-0.5300000000000011,-0.66,2026-09-14 16:20:12.306099
BND,2017-03-23,80.3,81.54,79.59,80.89,50384456,80.89,0.5900000000000034,0.73,2026-09-14 16:20:12.306099
BND,2017-03-24,80.89,81.1,80.23,80.33,42842581,80.33,-0.5600000000000023,-0.69,2026-09-14 16:20:12.306099
BND,2017-03-27,80.33,80.67,79.68,79.94,76521902,79.94,-0.3900000000000005,-0.49,2026-09-14 16:20:12.306099
BND,2017-03-28,79.94,80.5,79.19,80.3,17343072,80.3,0.3599999999999994,0.45,2026-09-14 16:20:12.306099
BND,2017-03-29,80.3,80.76,79.93,80.12,35291123,80.12,-0.1799999999999926,-0.22,2026-09-14 16:20:12.306099
BND,2017-03-30,80.12,80.39,79.28,80.0,48842861,80.0,-0.1200000000000045,-0.15,2026-09-14 16:20:12.306099
BND,2017-03-31,80.0,80.31,79.05,79.82,20556949,79.82,-0.1800000000000068,-0.23,2026-09-14 16:20:12.306099
BND,2017-04-03,79.82,80.09,78.73,79.49,38370452,79.49,-0.3299999999999983,-0.41,2026-09-14 16:20:12.306099
BND,2017-04-04,79.49,79.9,79.18,79.36,77769083,79.36,-0.1299999999999954,-0.16,2026-09-14 16:20:12.306099
BND,2017-04-05,79.36,80.13,79.21,79.58,73776723,79.58,0.2199999999999988,0.28,2026-09-14 16:20:12.306099
BND,2017-04-06,79.58,80.38,78.73,79.31,63137035,79.31,-0.269999999999996,-0.34,2026-09-14 16:20:12.306099
BND,2017-04-07,79.31,79.78,78.53,78.97,31358404,78.97,-0.3400000000000034,-0.43,2026-09-14 16:20:12.306099
BND,2017-04-10,78.97,79.26,78.86,78.9,83445561,78.9,-0.0699999999999931,-0.09,2026-09-14 16:20:12.306099
BND,2017-04-11,78.9,79.56,78.77,79.03,48931256,79.03,0.1299999999999954,0.16,2026-09-14 16:20:12.306099
BND,2017-04-12,79.03,79.57,78.5,79.5,65135686,79.5,0.4699999999999988,0.59,2026-09-14 16:20:12.306099
BND,2017-04-13,79.5,79.64,78.4,79.03,50510907,79.03,-0.4699999999999988,-0.59,2026-09-14 16:20:12.306099
BND,2017-04-14,79.03,79.64,78.72,79.36,56796366,79.36,0.3299999999999983,0.42,2026-09-14 16:20:12.306099
BND,2017-04-17,79.36,79.69,78.43,78.94,54837311,78.94,-0.4200000000000017,-0.53,2026-09-14 16:20:12.306099
BND,2017-04-18,78.94,79.31,78.59,79.02,70198733,79.02,0.0799999999999983,0.1,2026-09-14 16:20:12.306099
BND,2017-04-19,79.02,79.5,78.49,79.06,16947066,79.06,0.0400000000000062,0.05,2026-09-14 16:20:12.306099
BND,2017-04-20,79.06,79.31,78.43,78.71,30055850,78.71,-0.3500000000000085,-0.44,2026-09-14 16:20:12.306099
BND,2017-04-21,78.71,79.34,77.94,78.12,35441896,78.12,-0.5899999999999892,-0.75,2026-09-14 16:20:12.306099
BND,2017-04-24,78.12,79.15,77.51,78.39,93690968,78.39,0.269999999999996,0.35,2026-09-14 16:20:12.306099
BND,2017-04-25,78.39,79.6,78.01,78.88,25348729,78.88,0.4899999999999949,0.63,2026-09-14 16:20:12.306099
BND,2017-04-26,78.88,79.61,78.32,79.37,12310541,79.37,0.4900000000000091,0.62,2026-09-14 16:20:12.306099
BND,2017-04-27,79.37,79.92,79.2,79.3,14346266,79.3,-0.0700000000000073,-0.09,2026-09-14 16:20:12.306099
BND,2017-04-28,79.3,80.29,79.19,79.74,23167392,79.74,0.4399999999999977,0.55,2026-09-14 16:20:12.306099
BND,2017-05-01,79.74,81.05,79.58,80.45,13183785,80.45,0.710000000000008,0.89,2026-09-14 16:20:12.306099
BND,2017-05-02,80.45,81.15,80.22,80.36,33880833,80.36,-0.0900000000000034,-0.11,2026-09-14 16:20:12.306099
BND,2017-05-03,80.36,81.23,80.16,80.65,93830478,80.65,0.2900000000000062,0.36,2026-09-14 16:20:12.306099
BND,2017-05-04,80.65,81.12,80.38,80.38,89530246,80.38,-0.2700000000000102,-0.33,2026-09-14 16:20:12.306099
BND,2017-05-05,80.38,81.02,79.68,79.74,73770415,79.74,-0.6400000000000006,-0.8,2026-09-14 16:20:12.306099
BND,2017-05-08,79.74,80.68,79.27,79.92,55723766,79.92,0.1800000000000068,0.23,2026-09-14 16:20:12.306099
BND,2017-05-09,79.92,80.87,79.18,80.31,63977954,80.31,0.3900000000000005,0.49,2026-09-14 16:20:12.306099
BND,2017-05-10,80.31,80.41,79.81,80.4,87813809,80.4,0.0900000000000034,0.11,2026-09-14 16:20:12.306099
BND,2017-05-11,80.4,80.92,79.64,80.6,55150929,80.6,0.1999999999999886,0.25,2026-09-14 16:20:12.306099
BND,2017-05-12,80.6,80.98,80.51,80.65,69471301,80.65,0.0500000000000113,0.06,2026-09-14 16:20:12.306099
BND,2017-05-15,80.65,81.18,79.69,80.18,11500486,80.18,-0.4699999999999988,-0.58,2026-09-14 16:20:12.306099
BND,2017-05-16,80.18,80.31,79.94,80.02,76192819,80.02,-0.1600000000000108,-0.2,2026-09-14 16:20:12.306099
BND,2017-05-17,80.02,81.28,79.87,80.74,20647916,80.74,0.7199999999999989,0.9,2026-09-14 16:20:12.306099
BND,2017-05-18,80.74,81.48,80.22,81.07,83073237,81.07,0.3299999999999983,0.41,2026-09-14 16:20:12.306099
BND,2017-05-19,81.07,81.59,80.44,81.09,38116465,81.09,0.0200000000000102,0.02,2026-09-14 16:20:12.306099
BND,2017-05-22,81.09,81.59,81.02,81.46,89849073,81.46,0.3699999999999903,0.46,2026-09-14 16:20:12.306099
BND,2017-05-23,81.46,81.9,80.83,81.47,43434857,81.47,0.0100000000000051,0.01,2026-09-14 16:20:12.306099
BND,2017-05-24,81.47,81.54,81.02,81.41,18686706,81.41,-0.0600000000000022,-0.07,2026-09-14 16:20:12.306099
BND,2017-05-25,81.41,81.93,80.83,81.69,70669376,81.69,0.2800000000000011,0.34,2026-09-14 16:20:12.306099
BND,2017-05-26,81.69,82.38,80.88,82.33,14897802,82.33,0.6400000000000006,0.78,2026-09-14 16:20:12.306099
BND,2017-05-29,82.33,83.43,81.84,82.82,49497144,82.82,0.4899999999999949,0.6,2026-09-14 16:20:12.306099
BND,2017-05-30,82.82,83.45,82.71,82.84,81336922,82.84,0.0200000000000102,0.02,2026-09-14 16:20:12.306099
BND,2017-05-31,82.84,83.37,82.11,82.79,51679919,82.79,-0.0499999999999971,-0.06,2026-09-14 16:20:12.306099
BND,2017-06-01,82.79,83.81,82.59,83.4,57585284,83.4,0.6099999999999994,0.74,2026-09-14 16:20:12.306099
BND,2017-06-02,83.4,84.05,82.88,83.07,27998666,83.07,-0.3300000000000125,-0.4,2026-09-14 16:20:12.306099
BND,2017-06-05,83.07,83.27,82.88,83.23,41833442,83.23,0.1600000000000108,0.19,2026-09-14 16:20:12.306099
BND,2017-06-06,83.23,84.13,82.76,83.91,89057319,83.91,0.6799999999999926,0.82,2026-09-14 16:20:12.306099
BND,2017-06-07,83.91,84.15,83.64,83.69,22299967,83.69,-0.2199999999999988,-0.26,2026-09-14 16:20:12.306099
BND,2017-06-08,83.69,84.27,83.36,83.4,26699484,83.4,-0.289999999999992,-0.35,2026-09-14 16:20:12.306099
BND,2017-06-09,83.4,83.77,82.6,83.5,28339353,83.5,0.0999999999999943,0.12,2026-09-14 16:20:12.306099
BND,2017-06-12,83.5,83.8,83.2,83.31,21392376,83.31,-0.1899999999999977,-0.23,2026-09-14 16:20:12.306099
BND,2017-06-13,83.31,83.57,83.18,83.25,64387308,83.25,-0.0600000000000022,-0.07,2026-09-14 16:20:12.306099
BND,2017-06-14,83.25,83.33,82.53,83.26,35624175,83.26,0.0100000000000051,0.01,2026-09-14 16:20:12.306099
BND,2017-06-15,83.26,84.04,82.75,83.11,30571024,83.11,-0.1500000000000056,-0.18,2026-09-14 16:20:12.306099
BND,2017-06-16,83.11,83.9,82.97,83.6,59644694,83.6,0.4899999999999949,0.59,2026-09-14 16:20:12.306099
BND,2017-06-19,83.6,85.19,82.99,84.48,88852553,84.48,0.8800000000000097,1.05,2026-09-14 16:20:12.306099
BND,2017-06-20,84.48,85.02,83.64,84.06,98879796,84.06,-0.4200000000000017,-0.5,2026-09-14 16:20:12.306099
BND,2017-06-21,84.06,84.88,83.4,84.16,61980359,84.16,0.0999999999999943,0.12,2026-09-14 16:20:12.306099
BND,2017-06-22,84.16,84.9,84.1,84.11,30469597,84.11,-0.0499999999999971,-0.06,2026-09-14 16:20:12.306099
BND,2017-06-23,84.11,84.7,83.64,84.2,25823424,84.2,0.0900000000000034,0.11,2026-09-14 16:20:12.306099
BND,2017-06-26,84.2,84.77,83.91,84.58,11264831,84.58,0.3799999999999954,0.45,2026-09-14 16:20:12.306099
BND,2017-06-27,84.58,85.05,84.28,84.84,40141152,84.84,0.2600000000000051,0.31,2026-09-14 16:20:12.306099
BND,2017-06-28,84.84,85.57,84.69,84.82,40665440,84.82,-0.0200000000000102,-0.02,2026-09-14 16:20:12.306099
BND,2017-06-29,84.82,84.99,84.11,84.96,96564262,84.96,0.1400000000000005,0.17,2026-09-14 16:20:12.306099
BND,2017-06-30,84.96,86.14,84.61,85.32,47352855,85.32,0.3599999999999994,0.42,2026-09-14 16:20:12.306099
BND,2017-07-03,85.32,85.88,85.11,85.85,53031579,85.85,0.5300000000000011,0.62,2026-09-14 16:20:12.306099
BND,2017-07-04,85.85,86.1,85.32,85.91,26308528,85.91,0.0600000000000022,0.07,2026-09-14 16:20:12.306099
BND,2017-07-05,85.91,86.33,85.31,86.16,56491525,86.16,0.25,0.29,2026-09-14 16:20:12.306099
BND,2017-07-06,86.16,86.71,85.8,86.66,97026272,86.66,0.5,0.58,2026-09-14 16:20:12.306099
BND,2017-07-07,86.66,87.02,86.46,86.5,23198798,86.5,-0.1599999999999966,-0.18,2026-09-14 16:20:12.306099
BND,2017-07-10,86.5,86.64,85.51,85.96,93045851,85.96,-0.5400000000000063,-0.62,2026-09-14 16:20:12.306099
BND,2017-07-11,85.96,86.45,85.25,86.35,51424286,86.35,0.3900000000000005,0.45,2026-09-14 16:20:12.306099
BND,2017-07-12,86.35,86.62,85.76,86.3,93098219,86.3,-0.0499999999999971,-0.06,2026-09-14 16:20:12.306099
BND,2017-07-13,86.3,87.28,85.76,86.59,83165207,86.59,0.2900000000000062,0.34,2026-09-14 16:20:12.306099
BND,2017-07-14,86.59,87.4,86.47,87.02,96407389,87.02,0.4299999999999926,0.5,2026-09-14 16:20:12.306099
BND,2017-07-17,87.02,87.08,85.95,86.72,37068593,86.72,-0.2999999999999971,-0.34,2026-09-14 16:20:12.306099
BND,2017-07-18,86.72,86.97,85.67,86.23,27322243,86.23,-0.4899999999999949,-0.57,2026-09-14 16:20:12.306099
BND,2017-07-19,86.23,86.84,85.95,86.38,32653055,86.38,0.1499999999999914,0.17,2026-09-14 16:20:12.306099
BND,2017-07-20,86.38,87.13,86.24,86.52,36291375,86.52,0.1400000000000005,0.16,2026-09-14 16:20:12.306099
BND,2017-07-21,86.52,86.91,85.65,86.25,48515062,86.25,-0.269999999999996,-0.31,2026-09-14 16:20:12.306099
BND,2017-07-24,86.25,86.84,85.08,85.8,74471856,85.8,-0.4500000000000028,-0.52,2026-09-14 16:20:12.306099
BND,2017-07-25,85.8,86.64,85.03,85.7,61544959,85.7,-0.0999999999999943,-0.12,2026-09-14 16:20:12.306099
BND,2017-07-26,85.7,85.85,85.12,85.65,47457741,85.65,-0.0499999999999971,-0.06,2026-09-14 16:20:12.306099
BND,2017-07-27,85.65,85.97,84.95,85.39,26916223,85.39,-0.2600000000000051,-0.3,2026-09-14 16:20:12.306099
BND,2017-07-28,85.39,85.45,84.53,85.23,59984762,85.23,-0.1599999999999966,-0.19,2026-09-14 16:20:12.306099
BND,2017-07-31,85.23,86.01,84.58,85.37,55815259,85.37,0.1400000000000005,0.16,2026-09-14 16:20:12.306099
BND,2017-08-01,85.37,86.17,84.34,84.96,19503004,84.96,-0.4100000000000108,-0.48,2026-09-14 16:20:12.306099
BND,2017-08-02,84.96,85.06,84.85,84.91,72361036,84.91,-0.0499999999999971,-0.06,2026-09-14 16:20:12.306099
BND,2017-08-03,84.91,85.05,84.33,84.39,89787060,84.39,-0.519999999999996,-0.61,2026-09-14 16:20:12.306099
BND,2017-08-04,84.39,84.44,83.78,84.41,86294399,84.41,0.019999999999996,0.02,2026-09-14 16:20:12.306099
BND,2017-08-07,84.41,84.98,84.13,84.52,31461687,84.52,0.1099999999999994,0.13,2026-09-14 16:20:12.306099
BND,2017-08-08,84.52,85.26,84.25,84.54,34643726,84.54,0.0200000000000102,0.02,2026-09-14 16:20:12.306099
BND,2017-08-09,84.54,84.58,84.19,84.43,12308582,84.43,-0.1099999999999994,-0.13,2026-09-14 16:20:12.306099
BND,2017-08-10,84.43,84.65,83.76,84.34,58886954,84.34,-0.0900000000000034,-0.11,2026-09-14 16:20:12.306099
BND,2017-08-11,84.34,85.15,83.77,84.08,17950673,84.08,-0.2600000000000051,-0.31,2026-09-14 16:20:12.306099
BND,2017-08-14,84.08,84.27,83.65,83.69,90833353,83.69,-0.3900000000000005,-0.46,2026-09-14 16:20:12.306099
BND,2017-08-15,83.69,84.1,83.32,83.68,68747019,83.68,-0.0099999999999909,-0.01,2026-09-14 16:20:12.306099
BND,2017-08-16,83.68,84.41,82.92,83.53,48906498,83.53,-0.1500000000000056,-0.18,2026-09-14 16:20:12.306099
BND,2017-08-17,83.53,84.22,82.57,83.2,45910005,83.2,-0.3299999999999983,-0.4,2026-09-14 16:20:12.306099
BND,2017-08-18,83.2,83.23,82.65,82.72,14852660,82.72,-0.480000000000004,-0.58,2026-09-14 16:20:12.306099
BND,2017-08-21,82.72,82.95,82.01,82.82,81834337,82.82,0.0999999999999943,0.12,2026-09-14 16:20:12.306099
BND,2017-08-22,82.82,83.34,81.96,82.47,21153857,82.47,-0.3499999999999943,-0.42,2026-09-14 16:20:12.306099
BND,2017-08-23,82.47,82.71,81.74,82.17,95925034,82.17,-0.2999999999999971,-0.36,2026-09-14 16:20:12.306099
BND,2017-08-24,82.17,82.36,81.14,81.75,19368167,81.75,-0.4200000000000017,-0.51,2026-09-14 16:20:12.306099
BND,2017-08-25,81.75,81.92,81.61,81.89,72545356,81.89,0.1400000000000005,0.17,2026-09-14 16:20:12.306099
BND,2017-08-28,81.89,81.91,80.81,81.62,58004056,81.62,-0.269999999999996,-0.33,2026-09-14 16:20:12.306099
BND,2017-08-29,81.62,82.04,81.08,81.5,52321291,81.5,-0.1200000000000045,-0.15,2026-09-14 16:20:12.306099
BND,2017-08-30,81.5,82.22,80.66,80.91,53827176,80.91,-0.5900000000000034,-0.72,2026-09-14 16:20:12.306099
BND,2017-08-31,80.91,81.62,80.66,80.93,34416720,80.93,0.0200000000000102,0.02,2026-09-14 16:20:12.306099
BND,2017-09-01,80.93,81.4,80.13,80.23,33897247,80.23,-0.7000000000000028,-0.86,2026-09-14 16:20:12.306099
BND,2017-09-04,80.23,81.02,79.62,79.97,30712058,79.97,-0.2600000000000051,-0.32,2026-09-14 16:20:12.306099
BND,2017-09-05,79.97,80.66,79.92,80.33,87482765,80.33,0.3599999999999994,0.45,2026-09-14 16:20:12.306099
BND,2017-09-06,80.33,81.05,79.59,80.23,16824088,80.23,-0.0999999999999943,-0.12,2026-09-14 16:20:12.306099
BND,2017-09-07,80.23,80.93,79.75,80.31,61990372,80.31,0.0799999999999983,0.1,2026-09-14 16:20:12.306099
BND,2017-09-08,80.31,80.5,79.73,80.46,19500866,80.46,0.1499999999999914,0.19,2026-09-14 16:20:12.306099
BND,2017-09-11,80.46,80.86,79.59,79.72,81085560,79.72,-0.7399999999999949,-0.92,2026-09-14 16:20:12.306099
BND,2017-09-12,79.72,80.68,79.68,80.01,48508584,80.01,0.2900000000000062,0.36,2026-09-14 16:20:12.306099
BND,2017-09-13,80.01,80.76,79.45,80.47,63032131,80.47,0.4599999999999937,0.57,2026-09-14 16:20:12.306099
BND,2017-09-14,80.47,81.12,79.94,80.9,22026172,80.9,0.4300000000000068,0.53,2026-09-14 16:20:12.306099
BND,2017-09-15,80.9,81.37,80.49,80.58,73317488,80.58,-0.3200000000000074,-0.4,2026-09-14 16:20:12.306099
BND,2017-09-18,80.58,80.92,79.81,80.76,74768300,80.76,0.1800000000000068,0.22,2026-09-14 16:20:12.306099
BND,2017-09-19,80.76,81.44,79.81,80.25,49732355,80.25,-0.5100000000000051,-0.63,2026-09-14 16:20:12.306099
BND,2017-09-20,80.25,80.45,79.9,80.32,51037712,80.32,0.0699999999999931,0.09,2026-09-14 16:20:12.306099
BND,2017-09-21,80.32,81.04,79.85,80.69,84926667,80.69,0.3700000000000045,0.46,2026-09-14 16:20:12.306099
BND,2017-09-22,80.69,80.95,79.11,79.83,82544578,79.83,-0.8599999999999994,-1.07,2026-09-14 16:20:12.306099
BND,2017-09-25,79.83,80.1,79.48,79.65,69794584,79.65,-0.1799999999999926,-0.23,2026-09-14 16:20:12.306099
BND,2017-09-26,79.65,80.21,79.05,79.81,39997782,79.81,0.1599999999999966,0.2,2026-09-14 16:20:12.306099
BND,2017-09-27,79.81,80.51,79.0,79.77,79872160,79.77,-0.0400000000000062,-0.05,2026-09-14 16:20:12.306099
BND,2017-09-28,79.77,80.62,79.61,80.53,48048522,80.53,0.7600000000000051,0.95,2026-09-14 16:20:12.306099
BND,2017-09-29,80.53,81.83,79.99,81.1,47505632,81.1,0.5699999999999932,0.71,2026-09-14 16:20:12.306099
BND,2017-10-02,81.1,81.41,80.55,80.94,74244011,80.94,-0.1599999999999966,-0.2,2026-09-14 16:20:12.306099
BND,2017-10-03,80.94,81.62,80.31,80.42,33620507,80.42,-0.519999999999996,-0.64,2026-09-14 16:20:12.306099
BND,2017-10-04,80.42,80.57,79.81,79.89,67456477,79.89,-0.5300000000000011,-0.66,2026-09-14 16:20:12.306099
BND,2017-10-05,79.89,80.05,79.88,79.98,17124541,79.98,0.0900000000000034,0.11,2026-09-14 16:20:12.306099
BND,2017-10-06,79.98,80.19,79.35,80.01,87175776,80.01,0.0300000000000011,0.04,2026-09-14 16:20:12.306099
BND,2017-10-09,80.01,80.28,79.78,79.9,35802343,79.9,-0.1099999999999994,-0.14,2026-09-14 16:20:12.306099
BND,2017-10-10,79.9,81.14,79.62,80.51,54600831,80.51,0.6099999999999994,0.76,2026-09-14 16:20:12.306099
BND,2017-10-11,80.51,81.38,80.26,80.72,28829860,80.72,0.2099999999999937,0.26,2026-09-14 16:20:12.306099
BND,2017-10-12,80.72,80.98,79.54,80.08,71005693,80.08,-0.6400000000000006,-0.79,2026-09-14 16:20:12.306099
BND,2017-10-13,80.08,80.3,79.97,80.11,53831453,80.11,0.0300000000000011,0.04,2026-09-14 16:20:12.306099
BND,2017-10-16,80.11,80.73,79.52,80.09,92083715,80.09,-0.019999999999996,-0.02,2026-09-14 16:20:12.306099
BND,2017-10-17,80.09,80.67,79.73,79.79,46460647,79.79,-0.2999999999999971,-0.37,2026-09-14 16:20:12.306099
BND,2017-10-18,79.79,80.26,78.94,79.09,62465025,79.09,-0.7000000000000028,-0.88,2026-09-14 16:20:12.306099
BND,2017-10-19,79.09,79.83,78.43,79.56,47973984,79.56,0.4699999999999988,0.59,2026-09-14 16:20:12.306099
BND,2017-10-20,79.56,80.15,79.11,79.7,29180936,79.7,0.1400000000000005,0.18,2026-09-14 16:20:12.306099
BND,2017-10-23,79.7,79.97,78.93,79.45,23112783,79.45,-0.25,-0.31,2026-09-14 16:20:12.306099
BND,2017-10-24,79.45,80.06,78.68,79.01,37121666,79.01,-0.4399999999999977,-0.55,2026-09-14 16:20:12.306099
BND,2017-10-25,79.01,79.6,78.49,79.03,73188326,79.03,0.019999999999996,0.03,2026-09-14 16:20:12.306099
BND,2017-10-26,79.03,79.45,78.51,79.09,49735715,79.09,0.0600000000000022,0.08,2026-09-14 16:20:12.306099
BND,2017-10-27,79.09,79.52,78.48,79.15,10473411,79.15,0.0600000000000022,0.08,2026-09-14 16:20:12.306099
BND,2017-10-30,79.15,79.38,77.88,78.62,55634159,78.62,-0.5300000000000011,-0.67,2026-09-14 16:20:12.306099
BND,2017-10-31,78.62,78.94,77.74,78.09,88104735,78.09,-0.5300000000000011,-0.67,2026-09-14 16:20:12.306099
BND,2017-11-01,78.09,78.75,77.08,77.74,27911359,77.74,-0.3500000000000085,-0.45,2026-09-14 16:20:12.306099
BND,2017-11-02,77.74,78.24,77.23,77.77,28243483,77.77,0.0300000000000011,0.04,2026-09-14 16:20:12.306099
BND,2017-11-03,77.77,78.41,77.57,78.25,37611598,78.25,0.480000000000004,0.62,2026-09-14 16:20:12.306099
BND,2017-11-06,78.25,78.82,77.56,77.97,83777436,77.97,-0.2800000000000011,-0.36,2026-09-14 16:20:12.306099
BND,2017-11-07,77.97,78.28,76.8,77.4,28561849,77.4,-0.5699999999999932,-0.73,2026-09-14 16:20:12.306099
BND,2017-11-08,77.4,77.49,77.06,77.39,56832919,77.39,-0.0100000000000051,-0.01,2026-09-14 16:20:12.306099
BND,2017-11-09,77.39,77.99,76.88,77.63,65267941,77.63,0.2399999999999948,0.31,2026-09-14 16:20:12.306099
BND,2017-11-10,77.63,77.7,77.05,77.33,85841715,77.33,-0.2999999999999971,-0.39,2026-09-14 16:20:12.306099
BND,2017-11-13,77.33,77.78,76.77,77.54,61965153,77.54,0.2100000000000079,0.27,2026-09-14 16:20:12.306099
BND,2017-11-14,77.54,78.26,77.12,78.19,63328388,78.19,0.6499999999999915,0.84,2026-09-14 16:20:12.306099
BND,2017-11-15,78.19,78.6,78.15,78.57,50825624,78.57,0.3799999999999954,0.49,2026-09-14 16:20:12.306099
BND,2017-11-16,78.57,79.3,78.43,78.75,87217492,78.75,0.1800000000000068,0.23,2026-09-14 16:20:12.306099
BND,2017-11-17,78.75,79.51,78.66,78.76,85280922,78.76,0.0100000000000051,0.01,2026-09-14 16:20:12.306099
BND,2017-11-20,78.76,79.51,78.12,78.86,42517901,78.86,0.0999999999999943,0.13,2026-09-14 16:20:12.306099
BND,2017-11-21,78.86,79.31,78.18,78.51,99380052,78.51,-0.3499999999999943,-0.44,2026-09-14 16:20:12.306099
BND,2017-11-22,78.51,78.83,77.72,78.43,36010745,78.43,-0.0799999999999983,-0.1,2026-09-14 16:20:12.306099
BND,2017-11-23,78.43,78.8,77.83,78.55,87386860,78.55,0.1199999999999903,0.15,2026-09-14 16:20:12.306099
BND,2017-11-24,78.55,79.33,78.11,78.84,70191800,78.84,0.2900000000000062,0.37,2026-09-14 16:20:12.306099
BND,2017-11-27,78.84,79.74,78.56,78.98,36979022,78.98,0.1400000000000005,0.18,2026-09-14 16:20:12.306099
BND,2017-11-28,78.98,79.63,78.6,79.29,16234929,79.29,0.3100000000000023,0.39,2026-09-14 16:20:12.306099
BND,2017-11-29,79.29,80.09,79.24,79.35,63113103,79.35,0.059999999999988,0.08,2026-09-14 16:20:12.306099
BND,2017-11-30,79.35,79.36,79.15,79.33,43936482,79.33,-0.019999999999996,-0.03,2026-09-14 16:20:12.306099
BND,2017-12-01,79.33,79.62,78.81,79.35,30375776,79.35,0.019999999999996,0.03,2026-09-14 16:20:12.306099
BND,2017-12-04,79.35,79.47,79.08,79.47,42549651,79.47,0.1200000000000045,0.15,2026-09-14 16:20:12.306099
BND,2017-12-05,79.47,79.51,78.86,79.28,62003198,79.28,-0.1899999999999977,-0.24,2026-09-14 16:20:12.306099
BND,2017-12-06,79.28,79.79,79.11,79.12,66867190,79.12,-0.1599999999999966,-0.2,2026-09-14 16:20:12.306099
BND,2017-12-07,79.12,79.73,78.69,78.84,74458508,78.84,-0.2800000000000011,-0.35,2026-09-14 16:20:12.306099
BND,2017-12-08,78.84,79.35,78.69,78.83,70225660,78.83,-0.0100000000000051,-0.01,2026-09-14 16:20:12.306099
BND,2017-12-11,78.83,79.56,78.57,79.18,24989936,79.18,0.3500000000000085,0.44,2026-09-14 16:20:12.306099
BND,2017-12-12,79.18,79.78,78.7,79.02,73244191,79.02,-0.1600000000000108,-0.2,2026-09-14 16:20:12.306099
BND,2017-12-13,79.02,79.98,78.49,79.44,64972738,79.44,0.4200000000000017,0.53,2026-09-14 16:20:12.306099
BND,2017-12-14,79.44,79.63,78.77,79.47,96783775,79.47,0.0300000000000011,0.04,2026-09-14 16:20:12.306099
BND,2017-12-15,79.47,80.8,78.68,80.05,53757632,80.05,0.5799999999999983,0.73,2026-09-14 16:20:12.306099
BND,2017-12-18,80.05,80.75,79.86,80.23,14238049,80.23,0.1800000000000068,0.22,2026-09-14 16:20:12.306099
BND,2017-12-19,80.23,80.86,79.73,79.99,80599484,79.99,-0.2400000000000091,-0.3,2026-09-14 16:20:12.306099
BND,2017-12-20,79.99,80.55,79.67,79.89,52304264,79.89,-0.0999999999999943,-0.13,2026-09-14 16:20:12.306099
BND,2017-12-21,79.89,80.46,79.82,80.26,21409606,80.26,0.3700000000000045,0.46,2026-09-14 16:20:12.306099
BND,2017-12-22,80.26,80.73,79.71,80.07,34024556,80.07,-0.1900000000000119,-0.24,2026-09-14 16:20:12.306099
BND,2017-12-25,80.07,80.49,78.95,79.69,67146846,79.69,-0.3799999999999954,-0.47,2026-09-14 16:20:12.306099
BND,2017-12-26,79.69,80.45,79.0,79.72,67174410,79.72,0.0300000000000011,0.04,2026-09-14 16:20:12.306099
BND,2017-12-27,79.72,80.23,79.34,79.87,79229857,79.87,0.1500000000000056,0.19,2026-09-14 16:20:12.306099
BND,2017-12-28,79.87,80.07,79.82,79.93,21356764,79.93,0.0600000000000022,0.08,2026-09-14 16:20:12.306099
BND,2017-12-29,79.93,80.22,79.22,79.93,31517850,79.93,0.0,0.0,2026-09-14 16:20:12.306099
BND,2018-01-01,79.93,80.67,79.49,80.49,65537802,80.49,0.5599999999999881,0.7,2026-09-14 16:20:12.306099
BND,2018-01-02,80.49,81.26,79.44,80.23,85365639,80.23,-0.2599999999999909,-0.32,2026-09-14 16:20:12.306099
BND,2018-01-03,80.23,80.86,79.77,80.57,41632517,80.57,0.3399999999999892,0.42,2026-09-14 16:20:12.306099
BND,2018-01-04,80.57,80.71,80.12,80.3,13482466,80.3,-0.269999999999996,-0.34,2026-09-14 16:20:12.306099
BND,2018-01-05,80.3,80.85,79.88,79.89,55970718,79.89,-0.4099999999999966,-0.51,2026-09-14 16:20:12.306099
BND,2018-01-08,79.89,80.52,79.85,79.88,14370911,79.88,-0.0100000000000051,-0.01,2026-09-14 16:20:12.306099
BND,2018-01-09,79.88,80.35,78.77,79.43,63304020,79.43,-0.4499999999999886,-0.56,2026-09-14 16:20:12.306099
BND,2018-01-10,79.43,79.89,79.12,79.64,97990719,79.64,0.2099999999999937,0.26,2026-09-14 16:20:12.306099
BND,2018-01-11,79.64,80.28,79.32,79.33,53786192,79.33,-0.3100000000000023,-0.39,2026-09-14 16:20:12.306099
BND,2018-01-12,79.33,79.9,78.7,79.42,12973807,79.42,0.0900000000000034,0.11,2026-09-14 16:20:12.306099
BND,2018-01-15,79.42,79.65,79.12,79.44,95668146,79.44,0.019999999999996,0.03,2026-09-14 16:20:12.306099
BND,2018-01-16,79.44,80.18,79.08,79.84,35230784,79.84,0.4000000000000057,0.5,2026-09-14 16:20:12.306099
BND,2018-01-17,79.84,80.41,79.27,79.77,83154881,79.77,-0.0700000000000073,-0.09,2026-09-14 16:20:12.306099
BND,2018-01-18,79.77,80.25,78.94,79.65,86619562,79.65,-0.1199999999999903,-0.15,2026-09-14 16:20:12.306099
BND,2018-01-19,79.65,80.14,78.87,79.92,83475092,79.92,0.269999999999996,0.34,2026-09-14 16:20:12.306099
BND,2018-01-22,79.92,80.5,79.14,79.97,49740690,79.97,0.0499999999999971,0.06,2026-09-14 16:20:12.306099
BND,2018-01-23,79.97,80.53,78.47,79.05,77631833,79.05,-0.9200000000000016,-1.15,2026-09-14 16:20:12.306099
BND,2018-01-24,79.05,79.33,78.36,78.67,77319983,78.67,-0.3799999999999954,-0.48,2026-09-14 16:20:12.306099
BND,2018-01-25,78.67,79.49,78.04,78.83,63643049,78.83,0.1599999999999966,0.2,2026-09-14 16:20:12.306099
BND,2018-01-26,78.83,79.41,78.13,78.91,67885692,78.91,0.0799999999999983,0.1,2026-09-14 16:20:12.306099
BND,2018-01-29,78.91,79.7,78.61,78.89,75096072,78.89,-0.019999999999996,-0.03,2026-09-14 16:20:12.306099
BND,2018-01-30,78.89,79.25,78.47,78.66,32132313,78.66,-0.2300000000000039,-0.29,2026-09-14 16:20:12.306099
BND,2018-01-31,78.66,79.16,78.42,78.53,48824782,78.53,-0.1299999999999954,-0.17,2026-09-14 16:20:12.306099
BND,2018-02-01,78.53,78.87,77.76,78.43,49885242,78.43,-0.0999999999999943,-0.13,2026-09-14 16:20:12.306099
BND,2018-02-02,78.43,79.65,77.77,78.87,69403913,78.87,0.4399999999999977,0.56,2026-09-14 16:20:12.306099
BND,2018-02-05,78.87,78.97,78.25,78.86,28697404,78.86,-0.0100000000000051,-0.01,2026-09-14 16:20:12.306099
BND,2018-02-06,78.86,79.29,78.26,79.15,32134049,79.15,0.2900000000000062,0.37,2026-09-14 16:20:12.306099
BND,2018-02-07,79.15,79.26,78.58,79.17,36626016,79.17,0.019999999999996,0.03,2026-09-14 16:20:12.306099
BND,2018-02-08,79.17,79.53,78.56,79.26,30383529,79.26,0.0900000000000034,0.11,2026-09-14 16:20:12.306099
BND,2018-02-09,79.26,79.72,79.18,79.47,31627470,79.47,0.2099999999999937,0.26,2026-09-14 16:20:12.306099
BND,2018-02-12,79.47,79.84,79.01,79.21,89744144,79.21,-0.2600000000000051,-0.33,2026-09-14 16:20:12.306099
BND,2018-02-13,79.21,79.4,78.78,79.13,27639484,79.13,-0.0799999999999983,-0.1,2026-09-14 16:20:12.306099
BND,2018-02-14,79.13,79.59,79.05,79.35,26978278,79.35,0.2199999999999988,0.28,2026-09-14 16:20:12.306099
BND,2018-02-15,79.35,79.88,78.41,79.14,33116224,79.14,-0.2099999999999937,-0.26,2026-09-14 16:20:12.306099
BND,2018-02-16,79.14,79.43,78.57,78.68,82423639,78.68,-0.4599999999999937,-0.58,2026-09-14 16:20:12.306099
BND,2018-02-19,78.68,79.0,77.87,78.51,65546643,78.51,-0.1700000000000017,-0.22,2026-09-14 16:20:12.306099
BND,2018-02-20,78.51,78.88,78.45,78.6,99187478,78.6,0.0899999999999892,0.11,2026-09-14 16:20:12.306099
BND,2018-02-21,78.6,78.8,78.1,78.29,91714726,78.29,-0.309999999999988,-0.39,2026-09-14 16:20:12.306099
BND,2018-02-22,78.29,78.65,77.51,78.26,14750504,78.26,-0.0300000000000011,-0.04,2026-09-14 16:20:12.306099
BND,2018-02-23,78.26,78.31,77.88,78.18,14860439,78.18,-0.0799999999999983,-0.1,2026-09-14 16:20:12.306099
BND,2018-02-26,78.18,79.68,77.73,78.96,29606011,78.96,0.7799999999999869,1.0,2026-09-14 16:20:12.306099
BND,2018-02-27,78.96,79.39,78.7,79.04,11918251,79.04,0.0800000000000125,0.1,2026-09-14 16:20:12.306099
BND,2018-02-28,79.04,79.63,78.32,79.15,52916863,79.15,0.1099999999999994,0.14,2026-09-14 16:20:12.306099
BND,2018-03-01,79.15,79.55,78.48,78.63,66298631,78.63,-0.5200000000000102,-0.66,2026-09-14 16:20:12.306099
BND,2018-03-02,78.63,78.8,78.38,78.68,88102088,78.68,0.0500000000000113,0.06,2026-09-14 16:20:12.306099
BND,2018-03-05,78.68,79.09,78.08,78.65,62010353,78.65,-0.0300000000000011,-0.04,2026-09-14 16:20:12.306099
BND,2018-03-06,78.65,79.63,77.92,78.99,14794950,78.99,0.3399999999999892,0.43,2026-09-14 16:20:12.306099
BND,2018-03-07,78.99,79.55,78.21,78.68,44426529,78.68,-0.309999999999988,-0.39,2026-09-14 16:20:12.306099
BND,2018-03-08,78.68,79.44,78.28,78.88,22616949,78.88,0.1999999999999886,0.25,2026-09-14 16:20:12.306099
BND,2018-03-09,78.88,79.56,78.15,79.21,60200125,79.21,0.3299999999999983,0.42,2026-09-14 16:20:12.306099
BND,2018-03-12,79.21,79.93,78.55,78.85,55823183,78.85,-0.3599999999999994,-0.45,2026-09-14 16:20:12.306099
BND,2018-03-13,78.85,79.84,78.3,79.25,81481959,79.25,0.4000000000000057,0.51,2026-09-14 16:20:12.306099
BND,2018-03-14,79.25,79.67,79.12,79.33,96805438,79.33,0.0799999999999983,0.1,2026-09-14 16:20:12.306099
BND,2018-03-15,79.33,80.31,78.77,79.79,24196282,79.79,0.4600000000000079,0.58,2026-09-14 16:20:12.306099
BND,2018-03-16,79.79,79.82,78.81,79.25,99544432,79.25,-0.5400000000000063,-0.68,2026-09-14 16:20:12.306099
BND,2018-03-19,79.25,80.28,79.15,79.49,45320890,79.49,0.2399999999999948,0.3,2026-09-14 16:20:12.306099
BND,2018-03-20,79.49,80.33,79.24,79.63,71074952,79.63,0.1400000000000005,0.18,2026-09-14 16:20:12.306099
BND,2018-03-21,79.63,80.24,79.04,79.54,23731805,79.54,-0.0899999999999892,-0.11,2026-09-14 16:20:12.306099
BND,2018-03-22,79.54,80.03,78.66,79.05,31423299,79.05,-0.4900000000000091,-0.62,2026-09-14 16:20:12.306099
BND,2018-03-23,79.05,79.36,78.54,78.93,45123307,78.93,-0.1199999999999903,-0.15,2026-09-14 16:20:12.306099
BND,2018-03-26,78.93,79.02,78.23,78.91,64823867,78.91,-0.0200000000000102,-0.03,2026-09-14 16:20:12.306099
BND,2018-03-27,78.91,79.38,78.58,79.04,64055879,79.04,0.1300000000000096,0.16,2026-09-14 16:20:12.306099
BND,2018-03-28,79.04,79.98,78.49,79.47,19301864,79.47,0.4299999999999926,0.54,2026-09-14 16:20:12.306099
BND,2018-03-29,79.47,79.48,78.95,79.31,48648707,79.31,-0.1599999999999966,-0.2,2026-09-14 16:20:12.306099
BND,2018-03-30,79.31,79.44,78.11,78.61,37602477,78.61,-0.7000000000000028,-0.88,2026-09-14 16:20:12.306099
BND,2018-04-02,78.61,79.18,78.52,78.58,40850460,78.58,-0.0300000000000011,-0.04,2026-09-14 16:20:12.306099
BND,2018-04-03,78.58,79.14,78.33,78.49,95267169,78.49,-0.0900000000000034,-0.11,2026-09-14 16:20:12.306099
BND,2018-04-04,78.49,79.13,77.99,78.23,69747998,78.23,-0.2599999999999909,-0.33,2026-09-14 16:20:12.306099
BND,2018-04-05,78.23,78.91,77.48,77.88,25879524,77.88,-0.3500000000000085,-0.45,2026-09-14 16:20:12.306099
BND,2018-04-06,77.88,78.88,77.2,78.26,56774204,78.26,0.3800000000000096,0.49,2026-09-14 16:20:12.306099
BND,2018-04-09,78.26,78.84,77.4,78.04,78836213,78.04,-0.2199999999999988,-0.28,2026-09-14 16:20:12.306099
BND,2018-04-10,78.04,78.58,77.37,78.08,23658457,78.08,0.039999999999992,0.05,2026-09-14 16:20:12.306099
BND,2018-04-11,78.08,78.17,77.76,78.13,79505387,78.13,0.0499999999999971,0.06,2026-09-14 16:20:12.306099
BND,2018-04-12,78.13,78.88,78.1,78.45,90788499,78.45,0.3200000000000074,0.41,2026-09-14 16:20:12.306099
BND,2018-04-13,78.45,79.01,77.9,78.6,19352454,78.6,0.1499999999999914,0.19,2026-09-14 16:20:12.306099
BND,2018-04-16,78.6,79.44,78.5,78.87,98262035,78.87,0.2700000000000102,0.34,2026-09-14 16:20:12.306099
BND,2018-04-17,78.87,79.37,78.63,78.77,74733188,78.77,-0.1000000000000085,-0.13,2026-09-14 16:20:12.306099
BND,2018-04-18,78.77,79.2,78.4,79.13,99460851,79.13,0.3599999999999994,0.46,2026-09-14 16:20:12.306099
BND,2018-04-19,79.13,79.69,78.72,79.2,85790764,79.2,0.0700000000000073,0.09,2026-09-14 16:20:12.306099
BND,2018-04-20,79.2,79.64,78.34,79.09,39932722,79.09,-0.1099999999999994,-0.14,2026-09-14 16:20:12.306099
BND,2018-04-23,79.09,79.8,78.56,78.82,44260638,78.82,-0.2700000000000102,-0.34,2026-09-14 16:20:12.306099
BND,2018-04-24,78.82,79.81,78.09,79.17,66798899,79.17,0.3500000000000085,0.44,2026-09-14 16:20:12.306099
BND,2018-04-25,79.17,80.22,79.16,79.91,25654383,79.91,0.7399999999999949,0.93,2026-09-14 16:20:12.306099
BND,2018-04-26,79.91,80.0,79.28,79.8,22271405,79.8,-0.1099999999999994,-0.14,2026-09-14 16:20:12.306099
BND,2018-04-27,79.8,80.11,79.1,79.29,23127449,79.29,-0.5099999999999909,-0.64,2026-09-14 16:20:12.306099
BND,2018-04-30,79.29,79.57,78.87,79.37,78228604,79.37,0.0799999999999983,0.1,2026-09-14 16:20:12.306099
BND,2018-05-01,79.37,79.97,78.62,79.12,91686211,79.12,-0.25,-0.31,2026-09-14 16:20:12.306099
BND,2018-05-02,79.12,79.71,78.8,79.21,39464578,79.21,0.0899999999999892,0.11,2026-09-14 16:20:12.306099
BND,2018-05-03,79.21,79.84,79.12,79.16,70721671,79.16,-0.0499999999999971,-0.06,2026-09-14 16:20:12.306099
BND,2018-05-04,79.16,79.77,79.11,79.38,48557571,79.38,0.2199999999999988,0.28,2026-09-14 16:20:12.306099
BND,2018-05-07,79.38,80.16,78.52,79.07,74922382,79.07,-0.3100000000000023,-0.39,2026-09-14 16:20:12.306099
BND,2018-05-08,79.07,79.69,78.49,79.13,15972299,79.13,0.0600000000000022,0.08,2026-09-14 16:20:12.306099
BND,2018-05-09,79.13,79.73,78.72,79.72,88821986,79.72,0.5900000000000034,0.75,2026-09-14 16:20:12.306099
BND,2018-05-10,79.72,80.62,78.99,80.22,25499665,80.22,0.5,0.63,2026-09-14 16:20:12.306099
BND,2018-05-11,80.22,80.95,79.23,79.95,71467523,79.95,-0.269999999999996,-0.34,2026-09-14 16:20:12.306099
BND,2018-05-14,79.95,80.91,79.34,80.14,70650512,80.14,0.1899999999999977,0.24,2026-09-14 16:20:12.306099
BND,2018-05-15,80.14,81.47,79.48,81.05,87423420,81.05,0.9099999999999966,1.14,2026-09-14 16:20:12.306099
BND,2018-05-16,81.05,81.9,80.49,81.48,57542395,81.48,0.4300000000000068,0.53,2026-09-14 16:20:12.306099
BND,2018-05-17,81.48,81.76,81.37,81.69,78424792,81.69,0.2099999999999937,0.26,2026-09-14 16:20:12.306099
BND,2018-05-18,81.69,81.81,80.95,81.76,73359740,81.76,0.0700000000000073,0.09,2026-09-14 16:20:12.306099
BND,2018-05-21,81.76,82.04,81.14,81.78,47584071,81.78,0.019999999999996,0.02,2026-09-14 16:20:12.306099
BND,2018-05-22,81.78,82.16,81.03,81.2,74925229,81.2,-0.5799999999999983,-0.71,2026-09-14 16:20:12.306099
BND,2018-05-23,81.2,81.61,80.65,80.79,14187952,80.79,-0.4099999999999966,-0.5,2026-09-14 16:20:12.306099
BND,2018-05-24,80.79,81.59,80.64,80.89,35053228,80.89,0.0999999999999943,0.12,2026-09-14 16:20:12.306099
BND,2018-05-25,80.89,81.48,80.48,80.84,94927153,80.84,-0.0499999999999971,-0.06,2026-09-14 16:20:12.306099
BND,2018-05-28,80.84,81.27,80.17,80.7,13638284,80.7,-0.1400000000000005,-0.17,2026-09-14 16:20:12.306099
BND,2018-05-29,80.7,81.47,80.18,80.4,66546593,80.4,-0.2999999999999971,-0.37,2026-09-14 16:20:12.306099
BND,2018-05-30,80.4,80.84,79.38,80.0,94583955,80.0,-0.4000000000000057,-0.5,2026-09-14 16:20:12.306099
BND,2018-05-31,80.0,80.56,78.97,79.54,29903392,79.54,-0.4599999999999937,-0.57,2026-09-14 16:20:12.306099
BND,2018-06-01,79.54,80.07,78.93,79.55,99995253,79.55,0.0099999999999909,0.01,2026-09-14 16:20:12.306099
BND,2018-06-04,79.55,79.82,79.43,79.66,23899064,79.66,0.1099999999999994,0.14,2026-09-14 16:20:12.306099
BND,2018-06-05,79.66,80.36,78.74,79.09,70163235,79.09,-0.5699999999999932,-0.72,2026-09-14 16:20:12.306099
BND,2018-06-06,79.09,79.34,78.42,79.08,68999275,79.08,-0.0100000000000051,-0.01,2026-09-14 16:20:12.306099
BND,2018-06-07,79.08,80.08,78.69,79.36,26944727,79.36,0.2800000000000011,0.35,2026-09-14 16:20:12.306099
BND,2018-06-08,79.36,79.89,78.68,78.97,85940626,78.97,-0.3900000000000005,-0.49,2026-09-14 16:20:12.306099
BND,2018-06-11,78.97,79.49,78.29,79.12,51662602,79.12,0.1500000000000056,0.19,2026-09-14 16:20:12.306099
BND,2018-06-12,79.12,79.21,78.77,79.06,45734347,79.06,-0.0600000000000022,-0.08,2026-09-14 16:20:12.306099
BND,2018-06-13,79.06,79.52,78.77,78.88,30132080,78.88,-0.1800000000000068,-0.23,2026-09-14 16:20:12.306099
BND,2018-06-14,78.88,79.09,78.04,78.55,72146181,78.55,-0.3299999999999983,-0.42,2026-09-14 16:20:12.306099
BND,2018-06-15,78.55,78.93,78.16,78.86,18360857,78.86,0.3100000000000023,0.39,2026-09-14 16:20:12.306099
BND,2018-06-18,78.86,79.46,78.37,78.89,50344087,78.89,0.0300000000000011,0.04,2026-09-14 16:20:12.306099
BND,2018-06-19,78.89,79.06,78.2,78.98,82011598,78.98,0.0900000000000034,0.11,2026-09-14 16:20:12.306099
BND,2018-06-20,78.98,79.1,78.8,78.92,92962518,78.92,-0.0600000000000022,-0.08,2026-09-14 16:20:12.306099
BND,2018-06-21,78.92,79.61,78.16,78.56,51556117,78.56,-0.3599999999999994,-0.46,2026-09-14 16:20:12.306099
BND,2018-06-22,78.56,79.08,78.22,78.91,94463599,78.91,0.3499999999999943,0.45,2026-09-14 16:20:12.306099
BND,2018-06-25,78.91,80.32,78.13,79.59,14671646,79.59,0.6800000000000068,0.86,2026-09-14 16:20:12.306099
BND,2018-06-26,79.59,79.87,79.09,79.73,99058837,79.73,0.1400000000000005,0.18,2026-09-14 16:20:12.306099
BND,2018-06-27,79.73,80.53,79.56,79.79,58808763,79.79,0.0600000000000022,0.08,2026-09-14 16:20:12.306099
BND,2018-06-28,79.79,80.51,79.43,79.58,23856302,79.58,-0.2100000000000079,-0.26,2026-09-14 16:20:12.306099
BND,2018-06-29,79.58,79.73,79.36,79.51,16974116,79.51,-0.0699999999999931,-0.09,2026-09-14 16:20:12.306099
BND,2018-07-02,79.51,80.13,78.8,79.0,80493193,79.0,-0.5100000000000051,-0.64,2026-09-14 16:20:12.306099
BND,2018-07-03,79.0,79.61,78.6,78.85,60818880,78.85,-0.1500000000000056,-0.19,2026-09-14 16:20:12.306099
BND,2018-07-04,78.85,79.03,78.39,78.88,77574771,78.88,0.0300000000000011,0.04,2026-09-14 16:20:12.306099
BND,2018-07-05,78.88,79.16,78.46,78.87,78740073,78.87,-0.0099999999999909,-0.01,2026-09-14 16:20:12.306099
BND,2018-07-06,78.87,79.1,78.57,79.04,30112444,79.04,0.1700000000000017,0.22,2026-09-14 16:20:12.306099
BND,2018-07-09,79.04,80.17,78.51,79.7,81265645,79.7,0.6599999999999966,0.84,2026-09-14 16:20:12.306099
BND,2018-07-10,79.7,80.02,78.8,79.55,75369881,79.55,-0.1500000000000056,-0.19,2026-09-14 16:20:12.306099
BND,2018-07-11,79.55,79.71,78.92,79.44,63254847,79.44,-0.1099999999999994,-0.14,2026-09-14 16:20:12.306099
BND,2018-07-12,79.44,80.13,78.71,79.5,95415093,79.5,0.0600000000000022,0.08,2026-09-14 16:20:12.306099
BND,2018-07-13,79.5,80.3,78.78,79.53,10235292,79.53,0.0300000000000011,0.04,2026-09-14 16:20:12.306099
BND,2018-07-16,79.53,79.71,79.3,79.56,36775017,79.56,0.0300000000000011,0.04,2026-09-14 16:20:12.306099
BND,2018-07-17,79.56,79.57,79.22,79.4,12620886,79.4,-0.1599999999999966,-0.2,2026-09-14 16:20:12.306099
BND,2018-07-18,79.4,80.3,78.61,79.59,50370120,79.59,0.1899999999999977,0.24,2026-09-14 16:20:12.306099
BND,2018-07-19,79.59,80.31,79.5,79.63,97681508,79.63,0.039999999999992,0.05,2026-09-14 16:20:12.306099
BND,2018-07-20,79.63,80.36,79.55,79.96,11637634,79.96,0.3299999999999983,0.41,2026-09-14 16:20:12.306099
BND,2018-07-23,79.96,80.29,79.16,79.83,67807493,79.83,-0.1299999999999954,-0.16,2026-09-14 16:20:12.306099
BND,2018-07-24,79.83,80.01,79.29,79.67,24669485,79.67,-0.1599999999999966,-0.2,2026-09-14 16:20:12.306099
BND,2018-07-25,79.67,80.16,78.8,79.44,50457634,79.44,-0.2300000000000039,-0.29,2026-09-14 16:20:12.306099
BND,2018-07-26,79.44,80.15,78.89,79.48,73603824,79.48,0.0400000000000062,0.05,2026-09-14 16:20:12.306099
BND,2018-07-27,79.48,80.18,79.11,79.29,46152282,79.29,-0.1899999999999977,-0.24,2026-09-14 16:20:12.306099
BND,2018-07-30,79.29,79.39,78.4,79.04,41733569,79.04,-0.25,-0.32,2026-09-14 16:20:12.306099
BND,2018-07-31,79.04,79.1,78.37,79.04,80075399,79.04,0.0,0.0,2026-09-14 16:20:12.306099
BND,2018-08-01,79.04,79.13,78.67,78.86,29168887,78.86,-0.1800000000000068,-0.23,2026-09-14 16:20:12.306099
BND,2018-08-02,78.86,79.03,78.08,78.25,12904131,78.25,-0.6099999999999994,-0.77,2026-09-14 16:20:12.306099
BND,2018-08-03,78.25,79.27,77.74,78.72,61173924,78.72,0.4699999999999988,0.6,2026-09-14 16:20:12.306099
BND,2018-08-06,78.72,79.25,78.05,78.88,68140891,78.88,0.1599999999999966,0.2,2026-09-14 16:20:12.306099
BND,2018-08-07,78.88,79.52,78.16,78.62,68817309,78.62,-0.2599999999999909,-0.33,2026-09-14 16:20:12.306099
BND,2018-08-08,78.62,79.14,77.93,78.79,29388807,78.79,0.1700000000000017,0.22,2026-09-14 16:20:12.306099
BND,2018-08-09,78.79,78.99,78.41,78.79,83915023,78.79,0.0,0.0,2026-09-14 16:20:12.306099
BND,2018-08-10,78.79,79.52,78.34,78.7,45173370,78.7,-0.0900000000000034,-0.11,2026-09-14 16:20:12.306099
BND,2018-08-13,78.7,78.87,77.86,78.44,17232321,78.44,-0.2600000000000051,-0.33,2026-09-14 16:20:12.306099
BND,2018-08-14,78.44,79.14,77.68,78.13,14192884,78.13,-0.3100000000000023,-0.4,2026-09-14 16:20:12.306099
BND,2018-08-15,78.13,78.53,77.32,77.99,71419048,77.99,-0.1400000000000005,-0.18,2026-09-14 16:20:12.306099
BND,2018-08-16,77.99,78.18,77.79,78.02,73200906,78.02,0.0300000000000011,0.04,2026-09-14 16:20:12.306099
BND,2018-08-17,78.02,78.6,77.58,77.98,39464614,77.98,-0.039999999999992,-0.05,2026-09-14 16:20:12.306099
BND,2018-08-20,77.98,78.13,77.37,77.69,59630887,77.69,-0.2900000000000062,-0.37,2026-09-14 16:20:12.306099
BND,2018-08-21,77.69,78.21,77.17,78.03,23729132,78.03,0.3400000000000034,0.44,2026-09-14 16:20:12.306099
BND,2018-08-22,78.03,78.29,77.51,78.28,24689589,78.28,0.25,0.32,2026-09-14 16:20:12.306099
BND,2018-08-23,78.28,78.72,77.8,78.09,52417463,78.09,-0.1899999999999977,-0.24,2026-09-14 16:20:12.306099
BND,2018-08-24,78.09,78.84,77.79,78.02,58784268,78.02,-0.0700000000000073,-0.09,2026-09-14 16:20:12.306099
BND,2018-08-27,78.02,78.54,77.57,77.82,59719301,77.82,-0.2000000000000028,-0.26,2026-09-14 16:20:12.306099
BND,2018-08-28,77.82,78.51,77.49,78.08,78214033,78.08,0.2600000000000051,0.33,2026-09-14 16:20:12.306099
BND,2018-08-29,78.08,78.24,77.85,77.91,45150128,77.91,-0.1700000000000017,-0.22,2026-09-14 16:20:12.306099
BND,2018-08-30,77.91,78.37,77.42,78.08,55508615,78.08,0.1700000000000017,0.22,2026-09-14 16:20:12.306099
BND,2018-08-31,78.08,78.39,77.74,77.81,37174151,77.81,-0.269999999999996,-0.35,2026-09-14 16:20:12.306099
BND,2018-09-03,77.81,78.32,77.6,78.12,40561523,78.12,0.3100000000000023,0.4,2026-09-14 16:20:12.306099
BND,2018-09-04,78.12,78.86,77.28,77.55,27593923,77.55,-0.5700000000000074,-0.73,2026-09-14 16:20:12.306099
BND,2018-09-05,77.55,77.82,76.6,77.37,51748143,77.37,-0.1799999999999926,-0.23,2026-09-14 16:20:12.306099
BND,2018-09-06,77.37,78.07,76.81,77.3,32444062,77.3,-0.0700000000000073,-0.09,2026-09-14 16:20:12.306099
BND,2018-09-07,77.3,77.61,76.32,76.64,98139212,76.64,-0.6599999999999966,-0.85,2026-09-14 16:20:12.306099
BND,2018-09-10,76.64,77.0,76.41,76.53,26068977,76.53,-0.1099999999999994,-0.14,2026-09-14 16:20:12.306099
BND,2018-09-11,76.53,77.48,76.05,76.9,39635559,76.9,0.3700000000000045,0.48,2026-09-14 16:20:12.306099
BND,2018-09-12,76.9,77.26,76.29,76.68,79358644,76.68,-0.2199999999999988,-0.29,2026-09-14 16:20:12.306099
BND,2018-09-13,76.68,77.39,76.08,76.72,42929000,76.72,0.039999999999992,0.05,2026-09-14 16:20:12.306099
BND,2018-09-14,76.72,77.34,75.99,76.76,48011694,76.76,0.0400000000000062,0.05,2026-09-14 16:20:12.306099
BND,2018-09-17,76.76,77.06,76.08,76.64,92079385,76.64,-0.1200000000000045,-0.16,2026-09-14 16:20:12.306099
BND,2018-09-18,76.64,77.14,76.49,77.02,77943650,77.02,0.3799999999999954,0.5,2026-09-14 16:20:12.306099
BND,2018-09-19,77.02,77.71,76.76,77.0,86321873,77.0,-0.019999999999996,-0.03,2026-09-14 16:20:12.306099
BND,2018-09-20,77.0,77.15,76.8,76.89,73245124,76.89,-0.1099999999999994,-0.14,2026-09-14 16:20:12.306099
BND,2018-09-21,76.89,77.68,76.46,77.06,52918035,77.06,0.1700000000000017,0.22,2026-09-14 16:20:12.306099
BND,2018-09-24,77.06,77.9,76.51,77.14,80025728,77.14,0.0799999999999983,0.1,2026-09-14 16:20:12.306099
BND,2018-09-25,77.14,77.65,76.42,77.2,62543935,77.2,0.0600000000000022,0.08,2026-09-14 16:20:12.306099
BND,2018-09-26,77.2,77.49,76.98,77.28,76319551,77.28,0.0799999999999983,0.1,2026-09-14 16:20:12.306099
BND,2018-09-27,77.28,77.84,76.31,77.05,49537669,77.05,-0.2300000000000039,-0.3,2026-09-14 16:20:12.306099
BND,2018-09-28,77.05,77.56,76.45,76.45,80830316,76.45,-0.5999999999999943,-0.78,2026-09-14 16:20:12.306099
BND,2018-10-01,76.45,76.83,75.88,76.32,56476768,76.32,-0.1300000000000096,-0.17,2026-09-14 16:20:12.306099
BND,2018-10-02,76.32,76.53,75.62,75.93,90541835,75.93,-0.3899999999999863,-0.51,2026-09-14 16:20:12.306099
BND,2018-10-03,75.93,76.22,75.78,75.98,48442327,75.98,0.0499999999999971,0.07,2026-09-14 16:20:12.306099
BND,2018-10-04,75.98,76.61,75.9,76.03,69873588,76.03,0.0499999999999971,0.07,2026-09-14 16:20:12.306099
BND,2018-10-05,76.03,76.44,75.88,76.08,75720131,76.08,0.0499999999999971,0.07,2026-09-14 16:20:12.306099
BND,2018-10-08,76.08,76.25,75.03,75.75,39274642,75.75,-0.3299999999999983,-0.43,2026-09-14 16:20:12.306099
BND,2018-10-09,75.75,76.44,75.6,75.91,50028754,75.91,0.1599999999999966,0.21,2026-09-14 16:20:12.306099
BND,2018-10-10,75.91,76.73,75.59,76.2,90248007,76.2,0.2900000000000062,0.38,2026-09-14 16:20:12.306099
BND,2018-10-11,76.2,76.9,76.03,76.13,64626981,76.13,-0.0700000000000073,-0.09,2026-09-14 16:20:12.306099
BND,2018-10-12,76.13,76.27,75.93,76.0,69007830,76.0,-0.1299999999999954,-0.17,2026-09-14 16:20:12.306099
BND,2018-10-15,76.0,76.99,75.26,76.55,38436563,76.55,0.5499999999999972,0.72,2026-09-14 16:20:12.306099
BND,2018-10-16,76.55,76.66,76.22,76.31,51695517,76.31,-0.2399999999999948,-0.31,2026-09-14 16:20:12.306099
BND,2018-10-17,76.31,76.54,75.74,75.85,67669008,75.85,-0.4600000000000079,-0.6,2026-09-14 16:20:12.306099
BND,2018-10-18,75.85,76.67,75.15,76.23,36221225,76.23,0.3800000000000096,0.5,2026-09-14 16:20:12.306099
BND,2018-10-19,76.23,76.88,75.7,76.26,77633035,76.26,0.0300000000000011,0.04,2026-09-14 16:20:12.306099
BND,2018-10-22,76.26,76.74,75.85,76.33,74700062,76.33,0.0699999999999931,0.09,2026-09-14 16:20:12.306099
BND,2018-10-23,76.33,76.84,75.82,76.11,84568838,76.11,-0.2199999999999988,-0.29,2026-09-14 16:20:12.306099
BND,2018-10-24,76.11,76.23,75.33,75.59,32844811,75.59,-0.519999999999996,-0.68,2026-09-14 16:20:12.306099
BND,2018-10-25,75.59,75.82,75.09,75.64,56190051,75.64,0.0499999999999971,0.07,2026-09-14 16:20:12.306099
BND,2018-10-26,75.64,75.84,75.05,75.44,75979477,75.44,-0.2000000000000028,-0.26,2026-09-14 16:20:12.306099
BND,2018-10-29,75.44,75.72,75.22,75.54,18560547,75.54,0.1000000000000085,0.13,2026-09-14 16:20:12.306099
BND,2018-10-30,75.54,76.27,75.41,75.49,21239861,75.49,-0.0500000000000113,-0.07,2026-09-14 16:20:12.306099
BND,2018-10-31,75.49,76.54,75.16,76.03,68412106,76.03,0.5400000000000063,0.72,2026-09-14 16:20:12.306099
BND,2018-11-01,76.03,76.11,75.68,75.86,87427036,75.86,-0.1700000000000017,-0.22,2026-09-14 16:20:12.306099
BND,2018-11-02,75.86,76.76,75.62,76.01,95039775,76.01,0.1500000000000056,0.2,2026-09-14 16:20:12.306099
BND,2018-11-05,76.01,76.55,74.95,75.62,25370388,75.62,-0.3900000000000005,-0.51,2026-09-14 16:20:12.306099
BND,2018-11-06,75.62,76.06,74.6,75.23,17105458,75.23,-0.3900000000000005,-0.52,2026-09-14 16:20:12.306099
BND,2018-11-07,75.23,76.09,74.93,75.83,40587498,75.83,0.5999999999999943,0.8,2026-09-14 16:20:12.306099
BND,2018-11-08,75.83,76.12,75.4,76.02,23329727,76.02,0.1899999999999977,0.25,2026-09-14 16:20:12.306099
BND,2018-11-09,76.02,76.63,75.61,75.78,36800044,75.78,-0.2399999999999948,-0.32,2026-09-14 16:20:12.306099
BND,2018-11-12,75.78,76.09,75.14,75.75,60808001,75.75,-0.0300000000000011,-0.04,2026-09-14 16:20:12.306099
BND,2018-11-13,75.75,76.51,75.41,75.96,21541601,75.96,0.2099999999999937,0.28,2026-09-14 16:20:12.306099
BND,2018-11-14,75.96,76.44,75.5,76.2,22135719,76.2,0.2400000000000091,0.32,2026-09-14 16:20:12.306099
BND,2018-11-15,76.2,76.4,75.38,75.91,12543643,75.91,-0.2900000000000062,-0.38,2026-09-14 16:20:12.306099
BND,2018-11-16,75.91,76.08,75.65,76.04,11401762,76.04,0.1300000000000096,0.17,2026-09-14 16:20:12.306099
BND,2018-11-19,76.04,76.62,75.6,75.67,76170042,75.67,-0.3700000000000045,-0.49,2026-09-14 16:20:12.306099
BND,2018-11-20,75.67,76.05,74.9,75.35,40230741,75.35,-0.3200000000000074,-0.42,2026-09-14 16:20:12.306099
BND,2018-11-21,75.35,76.09,74.76,75.5,34251381,75.5,0.1500000000000056,0.2,2026-09-14 16:20:12.306099
BND,2018-11-22,75.5,75.61,74.99,75.36,10236633,75.36,-0.1400000000000005,-0.19,2026-09-14 16:20:12.306099
BND,2018-11-23,75.36,76.11,74.7,75.63,14412546,75.63,0.269999999999996,0.36,2026-09-14 16:20:12.306099
BND,2018-11-26,75.63,76.29,74.93,75.81,68962941,75.81,0.1800000000000068,0.24,2026-09-14 16:20:12.306099
BND,2018-11-27,75.81,75.92,74.88,75.36,29405770,75.36,-0.4500000000000028,-0.59,2026-09-14 16:20:12.306099
BND,2018-11-28,75.36,76.22,74.65,75.52,36365734,75.52,0.1599999999999966,0.21,2026-09-14 16:20:12.306099
BND,2018-11-29,75.52,76.27,75.5,75.77,33900856,75.77,0.25,0.33,2026-09-14 16:20:12.306099
BND,2018-11-30,75.77,76.27,75.05,75.99,86104147,75.99,0.2199999999999988,0.29,2026-09-14 16:20:12.306099
BND,2018-12-03,75.99,76.63,75.84,76.23,34969059,76.23,0.2400000000000091,0.32,2026-09-14 16:20:12.306099
BND,2018-12-04,76.23,76.72,75.65,76.15,85465145,76.15,-0.0799999999999983,-0.1,2026-09-14 16:20:12.306099
BND,2018-12-05,76.15,76.7,75.59,76.58,22123686,76.58,0.4299999999999926,0.56,2026-09-14 16:20:12.306099
BND,2018-12-06,76.58,77.31,76.54,76.91,24108734,76.91,0.3299999999999983,0.43,2026-09-14 16:20:12.306099
BND,2018-12-07,76.91,77.17,76.19,77.07,35948726,77.07,0.1599999999999966,0.21,2026-09-14 16:20:12.306099
BND,2018-12-10,77.07,77.83,76.62,77.06,47034619,77.06,-0.0099999999999909,-0.01,2026-09-14 16:20:12.306099
BND,2018-12-11,77.06,77.23,76.67,76.81,58182793,76.81,-0.25,-0.32,2026-09-14 16:20:12.306099
BND,2018-12-12,76.81,77.42,76.55,76.58,65595324,76.58,-0.2300000000000039,-0.3,2026-09-14 16:20:12.306099
BND,2018-12-13,76.58,77.58,76.47,76.83,32161889,76.83,0.25,0.33,2026-09-14 16:20:12.306099
BND,2018-12-14,76.83,77.32,76.76,76.79,16960960,76.79,-0.039999999999992,-0.05,2026-09-14 16:20:12.306099
BND,2018-12-17,76.79,77.23,76.23,76.66,89187907,76.66,-0.1300000000000096,-0.17,2026-09-14 16:20:12.306099
BND,2018-12-18,76.66,76.78,75.82,76.29,89418078,76.29,-0.3699999999999903,-0.48,2026-09-14 16:20:12.306099
BND,2018-12-19,76.29,76.89,76.18,76.37,25471782,76.37,0.0799999999999983,0.1,2026-09-14 16:20:12.306099
BND,2018-12-20,76.37,76.54,76.35,76.45,79744640,76.45,0.0799999999999983,0.1,2026-09-14 16:20:12.306099
BND,2018-12-21,76.45,77.24,75.84,76.93,26194221,76.93,0.480000000000004,0.63,2026-09-14 16:20:12.306099
BND,2018-12-24,76.93,77.17,76.79,76.87,71874644,76.87,-0.0600000000000022,-0.08,2026-09-14 16:20:12.306099
BND,2018-12-25,76.87,77.68,76.17,77.01,86414658,77.01,0.1400000000000005,0.18,2026-09-14 16:20:12.306099
BND,2018-12-26,77.01,77.43,76.33,77.25,50765228,77.25,0.2399999999999948,0.31,2026-09-14 16:20:12.306099
BND,2018-12-27,77.25,78.33,77.03,77.69,20718768,77.69,0.4399999999999977,0.57,2026-09-14 16:20:12.306099
BND,2018-12-28,77.69,78.14,77.02,77.63,41500988,77.63,-0.0600000000000022,-0.08,2026-09-14 16:20:12.306099
BND,2018-12-31,77.63,78.74,77.02,78.17,95886049,78.17,0.5400000000000063,0.7,2026-09-14 16:20:12.306099
BND,2019-01-01,78.17,78.86,77.47,78.06,73170991,78.06,-0.1099999999999994,-0.14,2026-09-14 16:20:12.306099
BND,2019-01-02,78.06,78.08,77.35,77.74,35719243,77.74,-0.3200000000000074,-0.41,2026-09-14 16:20:12.306099
BND,2019-01-03,77.74,78.46,77.38,77.49,94080914,77.49,-0.25,-0.32,2026-09-14 16:20:12.306099
BND,2019-01-04,77.49,78.14,77.25,77.47,67052859,77.47,-0.019999999999996,-0.03,2026-09-14 16:20:12.306099
BND,2019-01-07,77.47,78.19,77.22,77.36,28411290,77.36,-0.1099999999999994,-0.14,2026-09-14 16:20:12.306099
BND,2019-01-08,77.36,77.44,76.35,76.84,15450770,76.84,-0.519999999999996,-0.67,2026-09-14 16:20:12.306099
BND,2019-01-09,76.84,77.71,76.41,77.25,61572357,77.25,0.4099999999999966,0.53,2026-09-14 16:20:12.306099
BND,2019-01-10,77.25,78.4,76.48,77.82,34820312,77.82,0.5699999999999932,0.74,2026-09-14 16:20:12.306099
BND,2019-01-11,77.82,78.08,77.1,77.69,41321395,77.69,-0.1299999999999954,-0.17,2026-09-14 16:20:12.306099
BND,2019-01-14,77.69,78.04,77.09,77.56,84611383,77.56,-0.1299999999999954,-0.17,2026-09-14 16:20:12.306099
BND,2019-01-15,77.56,77.93,77.29,77.49,56431412,77.49,-0.0700000000000073,-0.09,2026-09-14 16:20:12.306099
BND,2019-01-16,77.49,78.17,77.19,77.52,21619686,77.52,0.0300000000000011,0.04,2026-09-14 16:20:12.306099
BND,2019-01-17,77.52,77.93,76.45,77.16,37050534,77.16,-0.3599999999999994,-0.46,2026-09-14 16:20:12.306099
BND,2019-01-18,77.16,77.48,76.34,77.09,86069770,77.09,-0.0699999999999931,-0.09,2026-09-14 16:20:12.306099
BND,2019-01-21,77.09,77.56,76.4,77.01,79120930,77.01,-0.0799999999999983,-0.1,2026-09-14 16:20:12.306099
BND,2019-01-22,77.01,78.06,76.56,77.49,28130048,77.49,0.4799999999999897,0.62,2026-09-14 16:20:12.306099
BND,2019-01-23,77.49,77.78,77.28,77.33,45551206,77.33,-0.1599999999999966,-0.21,2026-09-14 16:20:12.306099
BND,2019-01-24,77.33,77.98,77.05,77.08,16258192,77.08,-0.25,-0.32,2026-09-14 16:20:12.306099
BND,2019-01-25,77.08,77.47,76.82,76.94,82497665,76.94,-0.1400000000000005,-0.18,2026-09-14 16:20:12.306099
BND,2019-01-28,76.94,77.31,76.36,77.25,64731337,77.25,0.3100000000000023,0.4,2026-09-14 16:20:12.306099
BND,2019-01-29,77.25,77.79,76.47,77.18,13076419,77.18,-0.0699999999999931,-0.09,2026-09-14 16:20:12.306099
BND,2019-01-30,77.18,77.35,76.81,77.19,48158301,77.19,0.0099999999999909,0.01,2026-09-14 16:20:12.306099
BND,2019-01-31,77.19,77.33,76.51,77.12,44156852,77.12,-0.0699999999999931,-0.09,2026-09-14 16:20:12.306099
BND,2019-02-01,77.12,77.4,76.45,77.09,59001969,77.09,-0.0300000000000011,-0.04,2026-09-14 16:20:12.306099
BND,2019-02-04,77.09,77.68,76.49,77.13,53442171,77.13,0.039999999999992,0.05,2026-09-14 16:20:12.306099
BND,2019-02-05,77.13,77.58,76.57,77.02,48293129,77.02,-0.1099999999999994,-0.14,2026-09-14 16:20:12.306099
BND,2019-02-06,77.02,77.34,76.67,77.04,64478640,77.04,0.0200000000000102,0.03,2026-09-14 16:20:12.306099
BND,2019-02-07,77.04,77.88,76.86,77.67,25919853,77.67,0.6299999999999955,0.82,2026-09-14 16:20:12.306099
BND,2019-02-08,77.67,78.02,76.98,77.29,28368133,77.29,-0.3799999999999954,-0.49,2026-09-14 16:20:12.306099
BND,2019-02-11,77.29,77.63,76.73,77.2,20127662,77.2,-0.0900000000000034,-0.12,2026-09-14 16:20:12.306099
BND,2019-02-12,77.2,77.56,76.91,77.51,52559794,77.51,0.3100000000000023,0.4,2026-09-14 16:20:12.306099
BND,2019-02-13,77.51,78.31,77.5,78.04,41597961,78.04,0.5300000000000011,0.68,2026-09-14 16:20:12.306099
BND,2019-02-14,78.04,78.75,78.04,78.65,72674250,78.65,0.6099999999999994,0.78,2026-09-14 16:20:12.306099
BND,2019-02-15,78.65,79.14,78.49,78.56,99068450,78.56,-0.0900000000000034,-0.11,2026-09-14 16:20:12.306099
BND,2019-02-18,78.56,79.27,78.48,78.9,74866537,78.9,0.3400000000000034,0.43,2026-09-14 16:20:12.306099
BND,2019-02-19,78.9,80.07,78.41,79.45,64974871,79.45,0.5499999999999972,0.7,2026-09-14 16:20:12.306099
BND,2019-02-20,79.45,79.95,79.33,79.9,84773030,79.9,0.4500000000000028,0.57,2026-09-14 16:20:12.306099
BND,2019-02-21,79.9,80.2,79.63,79.86,31910024,79.86,-0.0400000000000062,-0.05,2026-09-14 16:20:12.306099
BND,2019-02-22,79.86,80.31,79.35,79.67,59643119,79.67,-0.1899999999999977,-0.24,2026-09-14 16:20:12.306099
BND,2019-02-25,79.67,80.42,78.91,79.38,96508634,79.38,-0.2900000000000062,-0.36,2026-09-14 16:20:12.306099
BND,2019-02-26,79.38,79.61,78.76,79.6,84464096,79.6,0.2199999999999988,0.28,2026-09-14 16:20:12.306099
BND,2019-02-27,79.6,80.1,78.97,79.49,23116048,79.49,-0.1099999999999994,-0.14,2026-09-14 16:20:12.306099
BND,2019-02-28,79.49,79.83,79.48,79.64,88021998,79.64,0.1500000000000056,0.19,2026-09-14 16:20:12.306099
BND,2019-03-01,79.64,80.63,79.06,80.01,99433473,80.01,0.3700000000000045,0.46,2026-09-14 16:20:12.306099
BND,2019-03-04,80.01,80.35,79.62,79.85,66263249,79.85,-0.1600000000000108,-0.2,2026-09-14 16:20:12.306099
BND,2019-03-05,79.85,80.65,79.56,80.06,21776026,80.06,0.2100000000000079,0.26,2026-09-14 16:20:12.306099
BND,2019-03-06,80.06,81.53,79.78,80.86,72131654,80.86,0.7999999999999972,1.0,2026-09-14 16:20:12.306099
BND,2019-03-07,80.86,81.95,80.54,81.33,58207531,81.33,0.4699999999999988,0.58,2026-09-14 16:20:12.306099
BND,2019-03-08,81.33,81.48,80.55,81.19,44340893,81.19,-0.1400000000000005,-0.17,2026-09-14 16:20:12.306099
BND,2019-03-11,81.19,81.46,80.85,81.33,74612179,81.33,0.1400000000000005,0.17,2026-09-14 16:20:12.306099
BND,2019-03-12,81.33,81.93,80.13,80.83,40702295,80.83,-0.5,-0.61,2026-09-14 16:20:12.306099
BND,2019-03-13,80.83,80.93,80.27,80.61,18780615,80.61,-0.2199999999999988,-0.27,2026-09-14 16:20:12.306099
BND,2019-03-14,80.61,80.66,80.33,80.42,85215333,80.42,-0.1899999999999977,-0.24,2026-09-14 16:20:12.306099
BND,2019-03-15,80.42,81.18,79.88,80.32,66584019,80.32,-0.1000000000000085,-0.12,2026-09-14 16:20:12.306099
BND,2019-03-18,80.32,80.88,80.01,80.45,93829180,80.45,0.1300000000000096,0.16,2026-09-14 16:20:12.306099
BND,2019-03-19,80.45,80.61,79.77,80.27,67435822,80.27,-0.1800000000000068,-0.22,2026-09-14 16:20:12.306099
BND,2019-03-20,80.27,80.63,79.74,80.53,81917675,80.53,0.2600000000000051,0.32,2026-09-14 16:20:12.306099
BND,2019-03-21,80.53,80.94,79.85,79.94,93761984,79.94,-0.5900000000000034,-0.73,2026-09-14 16:20:12.306099
BND,2019-03-22,79.94,80.11,79.1,79.34,84321121,79.34,-0.5999999999999943,-0.75,2026-09-14 16:20:12.306099
BND,2019-03-25,79.34,79.35,78.98,79.12,77513606,79.12,-0.2199999999999988,-0.28,2026-09-14 16:20:12.306099
BND,2019-03-26,79.12,79.14,78.18,78.94,23610962,78.94,-0.1800000000000068,-0.23,2026-09-14 16:20:12.306099
BND,2019-03-27,78.94,79.19,78.36,79.0,79905348,79.0,0.0600000000000022,0.08,2026-09-14 16:20:12.306099
BND,2019-03-28,79.0,79.57,78.28,79.05,83332820,79.05,0.0499999999999971,0.06,2026-09-14 16:20:12.306099
BND,2019-03-29,79.05,79.4,78.26,78.96,13093552,78.96,-0.0900000000000034,-0.11,2026-09-14 16:20:12.306099
BND,2019-04-01,78.96,79.25,78.3,79.08,23789186,79.08,0.1200000000000045,0.15,2026-09-14 16:20:12.306099
BND,2019-04-02,79.08,79.58,78.73,78.88,37280470,78.88,-0.2000000000000028,-0.25,2026-09-14 16:20:12.306099
BND,2019-04-03,78.88,79.06,77.43,78.21,24710141,78.21,-0.6700000000000017,-0.85,2026-09-14 16:20:12.306099
BND,2019-04-04,78.21,79.17,78.11,78.8,20663754,78.8,0.5900000000000034,0.75,2026-09-14 16:20:12.306099
BND,2019-04-05,78.8,79.08,78.62,78.81,96304522,78.81,0.0100000000000051,0.01,2026-09-14 16:20:12.306099
BND,2019-04-08,78.81,79.54,78.32,78.44,26511946,78.44,-0.3700000000000045,-0.47,2026-09-14 16:20:12.306099
BND,2019-04-09,78.44,79.17,78.3,78.96,18521684,78.96,0.519999999999996,0.66,2026-09-14 16:20:12.306099
BND,2019-04-10,78.96,79.55,78.42,78.65,98057723,78.65,-0.309999999999988,-0.39,2026-09-14 16:20:12.306099
BND,2019-04-11,78.65,78.93,78.15,78.45,55013751,78.45,-0.2000000000000028,-0.25,2026-09-14 16:20:12.306099
BND,2019-04-12,78.45,79.55,78.44,78.89,46832956,78.89,0.4399999999999977,0.56,2026-09-14 16:20:12.306099
BND,2019-04-15,78.89,78.89,78.28,78.7,33352805,78.7,-0.1899999999999977,-0.24,2026-09-14 16:20:12.306099
BND,2019-04-16,78.7,79.16,78.39,78.83,90275510,78.83,0.1299999999999954,0.17,2026-09-14 16:20:12.306099
BND,2019-04-17,78.83,79.54,78.16,78.73,41600806,78.73,-0.0999999999999943,-0.13,2026-09-14 16:20:12.306099
BND,2019-04-18,78.73,79.54,78.08,79.23,26883803,79.23,0.5,0.64,2026-09-14 16:20:12.306099
BND,2019-04-19,79.23,79.69,78.52,79.0,56512126,79.0,-0.2300000000000039,-0.29,2026-09-14 16:20:12.306099
BND,2019-04-22,79.0,79.75,78.49,79.22,29273237,79.22,0.2199999999999988,0.28,2026-09-14 16:20:12.306099
BND,2019-04-23,79.22,79.51,78.6,79.1,59305112,79.1,-0.1200000000000045,-0.15,2026-09-14 16:20:12.306099
BND,2019-04-24,79.1,79.68,78.53,78.89,59629739,78.89,-0.2099999999999937,-0.27,2026-09-14 16:20:12.306099
BND,2019-04-25,78.89,79.41,78.12,78.71,28607655,78.71,-0.1800000000000068,-0.23,2026-09-14 16:20:12.306099
BND,2019-04-26,78.71,79.61,78.52,79.08,20314438,79.08,0.3700000000000045,0.47,2026-09-14 16:20:12.306099
BND,2019-04-29,79.08,79.33,78.29,79.08,24153429,79.08,0.0,0.0,2026-09-14 16:20:12.306099
BND,2019-04-30,79.08,79.99,78.31,79.26,30595902,79.26,0.1800000000000068,0.23,2026-09-14 16:20:12.306099
BND,2019-05-01,79.26,79.39,78.65,79.28,11170734,79.28,0.019999999999996,0.03,2026-09-14 16:20:12.306099
BND,2019-05-02,79.28,79.47,78.51,79.07,11445051,79.07,-0.2100000000000079,-0.26,2026-09-14 16:20:12.306099
BND,2019-05-03,79.07,79.62,78.56,78.6,90766016,78.6,-0.4699999999999988,-0.59,2026-09-14 16:20:12.306099
BND,2019-05-06,78.6,78.73,78.18,78.35,40501533,78.35,-0.25,-0.32,2026-09-14 16:20:12.306099
BND,2019-05-07,78.35,79.11,77.86,78.71,49008709,78.71,0.3599999999999994,0.46,2026-09-14 16:20:12.306099
BND,2019-05-08,78.71,79.32,78.26,78.5,66049195,78.5,-0.2099999999999937,-0.27,2026-09-14 16:20:12.306099
BND,2019-05-09,78.5,78.74,78.01,78.57,95317460,78.57,0.0699999999999931,0.09,2026-09-14 16:20:12.306099
BND,2019-05-10,78.57,79.47,78.33,78.7,60786450,78.7,0.1300000000000096,0.17,2026-09-14 16:20:12.306099
BND,2019-05-13,78.7,78.7,77.55,78.33,31605406,78.33,-0.3700000000000045,-0.47,2026-09-14 16:20:12.306099
BND,2019-05-14,78.33,79.21,77.62,78.7,97048247,78.7,0.3700000000000045,0.47,2026-09-14 16:20:12.306099
BND,2019-05-15,78.7,79.49,77.76,78.36,57143310,78.36,-0.3400000000000034,-0.43,2026-09-14 16:20:12.306099
BND,2019-05-16,78.36,78.51,78.24,78.25,33111041,78.25,-0.1099999999999994,-0.14,2026-09-14 16:20:12.306099
BND,2019-05-17,78.25,78.43,77.42,77.82,69214972,77.82,-0.4300000000000068,-0.55,2026-09-14 16:20:12.306099
BND,2019-05-20,77.82,78.51,76.92,77.67,90162551,77.67,-0.1499999999999914,-0.19,2026-09-14 16:20:12.306099
BND,2019-05-21,77.67,78.18,76.93,78.02,25737435,78.02,0.3499999999999943,0.45,2026-09-14 16:20:12.306099
BND,2019-05-22,78.02,78.27,77.51,77.96,71332536,77.96,-0.0600000000000022,-0.08,2026-09-14 16:20:12.306099
BND,2019-05-23,77.96,78.6,77.82,78.0,36683636,78.0,0.0400000000000062,0.05,2026-09-14 16:20:12.306099
BND,2019-05-24,78.0,78.57,77.4,78.31,13684992,78.31,0.3100000000000023,0.4,2026-09-14 16:20:12.306099
BND,2019-05-27,78.31,78.33,77.43,78.03,98535010,78.03,-0.2800000000000011,-0.36,2026-09-14 16:20:12.306099
BND,2019-05-28,78.03,78.64,77.32,78.18,32945858,78.18,0.1500000000000056,0.19,2026-09-14 16:20:12.306099
BND,2019-05-29,78.18,78.58,77.75,77.95,50597345,77.95,-0.2300000000000039,-0.29,2026-09-14 16:20:12.306099
BND,2019-05-30,77.95,78.38,77.57,78.13,44213669,78.13,0.1799999999999926,0.23,2026-09-14 16:20:12.306099
BND,2019-05-31,78.13,78.16,77.67,77.76,18686302,77.76,-0.3699999999999903,-0.47,2026-09-14 16:20:12.306099
BND,2019-06-03,77.76,77.81,77.22,77.34,86308246,77.34,-0.4200000000000017,-0.54,2026-09-14 16:20:12.306099
BND,2019-06-04,77.34,78.24,76.86,77.63,75114419,77.63,0.289999999999992,0.37,2026-09-14 16:20:12.306099
BND,2019-06-05,77.63,78.32,76.81,77.37,76281337,77.37,-0.2599999999999909,-0.33,2026-09-14 16:20:12.306099
BND,2019-06-06,77.37,78.21,77.21,77.77,17608822,77.77,0.3999999999999915,0.52,2026-09-14 16:20:12.306099
BND,2019-06-07,77.77,77.84,77.4,77.53,12145601,77.53,-0.2399999999999948,-0.31,2026-09-14 16:20:12.306099
BND,2019-06-10,77.53,78.52,77.24,77.77,31680334,77.77,0.2399999999999948,0.31,2026-09-14 16:20:12.306099
BND,2019-06-11,77.77,78.0,77.16,77.68,67102008,77.68,-0.0899999999999892,-0.12,2026-09-14 16:20:12.306099
BND,2019-06-12,77.68,78.14,77.65,77.75,70962693,77.75,0.0699999999999931,0.09,2026-09-14 16:20:12.306099
BND,2019-06-13,77.75,78.67,77.59,77.96,76838063,77.96,0.2099999999999937,0.27,2026-09-14 16:20:12.306099
BND,2019-06-14,77.96,78.63,77.68,77.88,50575136,77.88,-0.0799999999999983,-0.1,2026-09-14 16:20:12.306099
BND,2019-06-17,77.88,78.19,77.37,78.17,48831725,78.17,0.2900000000000062,0.37,2026-09-14 16:20:12.306099
BND,2019-06-18,78.17,79.24,77.78,78.57,99519190,78.57,0.3999999999999915,0.51,2026-09-14 16:20:12.306099
BND,2019-06-19,78.57,79.25,77.87,78.48,19533240,78.48,-0.0899999999999892,-0.11,2026-09-14 16:20:12.306099
BND,2019-06-20,78.48,78.79,77.92,78.39,29070851,78.39,-0.0900000000000034,-0.11,2026-09-14 16:20:12.306099
BND,2019-06-21,78.39,78.92,77.82,77.88,53988280,77.88,-0.5100000000000051,-0.65,2026-09-14 16:20:12.306099
BND,2019-06-24,77.88,78.54,77.79,78.07,27786867,78.07,0.1899999999999977,0.24,2026-09-14 16:20:12.306099
BND,2019-06-25,78.07,78.36,77.49,78.18,34575642,78.18,0.1100000000000136,0.14,2026-09-14 16:20:12.306099
BND,2019-06-26,78.18,78.41,77.14,77.82,45744909,77.82,-0.3600000000000136,-0.46,2026-09-14 16:20:12.306099
BND,2019-06-27,77.82,78.24,76.86,77.16,81117776,77.16,-0.6599999999999966,-0.85,2026-09-14 16:20:12.306099
BND,2019-06-28,77.16,78.07,76.81,77.66,40873185,77.66,0.5,0.65,2026-09-14 16:20:12.306099
BND,2019-07-01,77.66,78.25,77.52,77.87,97229431,77.87,0.2100000000000079,0.27,2026-09-14 16:20:12.306099
BND,2019-07-02,77.87,78.21,77.12,77.39,71239370,77.39,-0.480000000000004,-0.62,2026-09-14 16:20:12.306099
BND,2019-07-03,77.39,77.78,76.49,76.74,37125460,76.74,-0.6500000000000057,-0.84,2026-09-14 16:20:12.306099
BND,2019-07-04,76.74,76.96,76.15,76.87,19446387,76.87,0.1300000000000096,0.17,2026-09-14 16:20:12.306099
BND,2019-07-05,76.87,77.56,76.56,76.92,36528561,76.92,0.0499999999999971,0.07,2026-09-14 16:20:12.306099
BND,2019-07-08,76.92,77.01,75.91,76.59,15586911,76.59,-0.3299999999999983,-0.43,2026-09-14 16:20:12.306099
BND,2019-07-09,76.59,77.29,76.31,76.8,58114577,76.8,0.2099999999999937,0.27,2026-09-14 16:20:12.306099
BND,2019-07-10,76.8,77.24,76.26,76.36,81648668,76.36,-0.4399999999999977,-0.57,2026-09-14 16:20:12.306099
BND,2019-07-11,76.36,76.73,75.93,75.97,54979690,75.97,-0.3900000000000005,-0.51,2026-09-14 16:20:12.306099
BND,2019-07-12,75.97,76.47,75.46,76.27,16908863,76.27,0.2999999999999971,0.39,2026-09-14 16:20:12.306099
BND,2019-07-15,76.27,76.83,75.82,75.94,32099393,75.94,-0.3299999999999983,-0.43,2026-09-14 16:20:12.306099
BND,2019-07-16,75.94,76.49,75.84,75.88,21393047,75.88,-0.0600000000000022,-0.08,2026-09-14 16:20:12.306099
BND,2019-07-17,75.88,76.57,75.53,76.12,68236299,76.12,0.2400000000000091,0.32,2026-09-14 16:20:12.306099
BND,2019-07-18,76.12,76.87,75.86,76.15,24679429,76.15,0.0300000000000011,0.04,2026-09-14 16:20:12.306099
BND,2019-07-19,76.15,76.26,75.78,76.08,88531053,76.08,-0.0700000000000073,-0.09,2026-09-14 16:20:12.306099
BND,2019-07-22,76.08,76.2,75.61,76.0,99274943,76.0,-0.0799999999999983,-0.11,2026-09-14 16:20:12.306099
BND,2019-07-23,76.0,76.9,75.38,76.31,46120450,76.31,0.3100000000000023,0.41,2026-09-14 16:20:12.306099
BND,2019-07-24,76.31,77.25,76.11,76.91,48350692,76.91,0.5999999999999943,0.79,2026-09-14 16:20:12.306099
BND,2019-07-25,76.91,77.46,76.18,76.82,37665994,76.82,-0.0900000000000034,-0.12,2026-09-14 16:20:12.306099
BND,2019-07-26,76.82,77.0,76.5,76.6,69725670,76.6,-0.2199999999999988,-0.29,2026-09-14 16:20:12.306099
BND,2019-07-29,76.6,77.23,76.39,76.63,83666205,76.63,0.0300000000000011,0.04,2026-09-14 16:20:12.306099
BND,2019-07-30,76.63,76.91,75.67,76.24,55923919,76.24,-0.3900000000000005,-0.51,2026-09-14 16:20:12.306099
BND,2019-07-31,76.24,76.89,75.77,76.03,19249908,76.03,-0.2099999999999937,-0.28,2026-09-14 16:20:12.306099
BND,2019-08-01,76.03,76.65,75.57,76.21,85204706,76.21,0.1799999999999926,0.24,2026-09-14 16:20:12.306099
BND,2019-08-02,76.21,76.38,75.89,76.09,19075652,76.09,-0.1199999999999903,-0.16,2026-09-14 16:20:12.306099
BND,2019-08-05,76.09,76.55,75.63,76.47,63725265,76.47,0.3799999999999954,0.5,2026-09-14 16:20:12.306099
BND,2019-08-06,76.47,76.74,76.32,76.69,91860613,76.69,0.2199999999999988,0.29,2026-09-14 16:20:12.306099
BND,2019-08-07,76.69,77.52,76.11,77.17,91227740,77.17,0.480000000000004,0.63,2026-09-14 16:20:12.306099
BND,2019-08-08,77.17,77.87,77.06,77.14,97991474,77.14,-0.0300000000000011,-0.04,2026-09-14 16:20:12.306099
BND,2019-08-09,77.14,77.58,77.07,77.37,82330885,77.37,0.2300000000000039,0.3,2026-09-14 16:20:12.306099
BND,2019-08-12,77.37,77.6,76.55,76.8,35108191,76.8,-0.5700000000000074,-0.74,2026-09-14 16:20:12.306099
BND,2019-08-13,76.8,77.47,76.75,76.86,97099671,76.86,0.0600000000000022,0.08,2026-09-14 16:20:12.306099
BND,2019-08-14,76.86,77.12,76.46,77.03,99356622,77.03,0.1700000000000017,0.22,2026-09-14 16:20:12.306099
BND,2019-08-15,77.03,78.07,77.02,77.52,16153970,77.52,0.4899999999999949,0.64,2026-09-14 16:20:12.306099
BND,2019-08-16,77.52,77.81,76.77,77.29,76526346,77.29,-0.2299999999999897,-0.3,2026-09-14 16:20:12.306099
BND,2019-08-19,77.29,77.47,76.99,77.36,88394359,77.36,0.0699999999999931,0.09,2026-09-14 16:20:12.306099
BND,2019-08-20,77.36,77.69,76.62,77.64,71260921,77.64,0.2800000000000011,0.36,2026-09-14 16:20:12.306099
BND,2019-08-21,77.64,78.39,77.32,77.75,98660421,77.75,0.1099999999999994,0.14,2026-09-14 16:20:12.306099
BND,2019-08-22,77.75,78.37,77.46,78.16,34816866,78.16,0.4099999999999966,0.53,2026-09-14 16:20:12.306099
BND,2019-08-23,78.16,78.65,77.58,77.98,96925633,77.98,-0.1799999999999926,-0.23,2026-09-14 16:20:12.306099
BND,2019-08-26,77.98,78.6,77.04,77.55,56636644,77.55,-0.4300000000000068,-0.55,2026-09-14 16:20:12.306099
BND,2019-08-27,77.55,78.14,77.05,77.63,21238659,77.63,0.0799999999999983,0.1,2026-09-14 16:20:12.306099
BND,2019-08-28,77.63,78.0,77.3,77.55,84156344,77.55,-0.0799999999999983,-0.1,2026-09-14 16:20:12.306099
BND,2019-08-29,77.55,78.03,76.91,77.39,14752538,77.39,-0.1599999999999966,-0.21,2026-09-14 16:20:12.306099
BND,2019-08-30,77.39,77.56,77.07,77.22,68946569,77.22,-0.1700000000000017,-0.22,2026-09-14 16:20:12.306099
BND,2019-09-02,77.22,77.97,76.89,77.19,36892317,77.19,-0.0300000000000011,-0.04,2026-09-14 16:20:12.306099
BND,2019-09-03,77.19,77.68,76.72,77.31,72626567,77.31,0.1200000000000045,0.16,2026-09-14 16:20:12.306099
BND,2019-09-04,77.31,77.37,76.43,77.2,10799542,77.2,-0.1099999999999994,-0.14,2026-09-14 16:20:12.306099
BND,2019-09-05,77.2,77.67,76.58,77.01,80724516,77.01,-0.1899999999999977,-0.25,2026-09-14 16:20:12.306099
BND,2019-09-06,77.01,77.95,76.53,77.92,74509990,77.92,0.9099999999999966,1.18,2026-09-14 16:20:12.306099
BND,2019-09-09,77.92,78.61,77.24,77.6,24803061,77.6,-0.3200000000000074,-0.41,2026-09-14 16:20:12.306099
BND,2019-09-10,77.6,78.59,77.52,77.86,77651278,77.86,0.2600000000000051,0.34,2026-09-14 16:20:12.306099
BND,2019-09-11,77.86,77.86,77.29,77.49,86941885,77.49,-0.3700000000000045,-0.48,2026-09-14 16:20:12.306099
BND,2019-09-12,77.49,77.65,76.92,77.54,46572367,77.54,0.0500000000000113,0.06,2026-09-14 16:20:12.306099
BND,2019-09-13,77.54,77.72,76.83,77.45,66094191,77.45,-0.0900000000000034,-0.12,2026-09-14 16:20:12.306099
BND,2019-09-16,77.45,77.52,77.06,77.41,81739562,77.41,-0.0400000000000062,-0.05,2026-09-14 16:20:12.306099
BND,2019-09-17,77.41,77.54,77.01,77.31,40004197,77.31,-0.0999999999999943,-0.13,2026-09-14 16:20:12.306099
BND,2019-09-18,77.31,78.34,76.93,77.6,64726872,77.6,0.289999999999992,0.38,2026-09-14 16:20:12.306099
BND,2019-09-19,77.6,78.07,76.8,77.22,93873639,77.22,-0.3799999999999954,-0.49,2026-09-14 16:20:12.306099
BND,2019-09-20,77.22,77.83,76.84,77.07,62104632,77.07,-0.1500000000000056,-0.19,2026-09-14 16:20:12.306099
BND,2019-09-23,77.07,77.56,76.14,76.69,88838607,76.69,-0.3799999999999954,-0.49,2026-09-14 16:20:12.306099
BND,2019-09-24,76.69,76.85,76.29,76.44,59542851,76.44,-0.25,-0.33,2026-09-14 16:20:12.306099
BND,2019-09-25,76.44,76.82,75.84,76.09,58353514,76.09,-0.3499999999999943,-0.46,2026-09-14 16:20:12.306099
BND,2019-09-26,76.09,76.23,75.91,76.02,12512399,76.02,-0.0700000000000073,-0.09,2026-09-14 16:20:12.306099
BND,2019-09-27,76.02,76.94,75.89,76.69,56101939,76.69,0.6700000000000017,0.88,2026-09-14 16:20:12.306099
BND,2019-09-30,76.69,77.0,76.14,76.38,10358516,76.38,-0.3100000000000023,-0.4,2026-09-14 16:20:12.306099
BND,2019-10-01,76.38,76.89,76.21,76.8,27128533,76.8,0.4200000000000017,0.55,2026-09-14 16:20:12.306099
BND,2019-10-02,76.8,77.21,76.54,77.08,31893791,77.08,0.2800000000000011,0.36,2026-09-14 16:20:12.306099
BND,2019-10-03,77.08,78.0,76.85,77.33,18575393,77.33,0.25,0.32,2026-09-14 16:20:12.306099
BND,2019-10-04,77.33,77.48,76.73,77.39,15542014,77.39,0.0600000000000022,0.08,2026-09-14 16:20:12.306099
BND,2019-10-07,77.39,78.48,77.26,77.75,28123180,77.75,0.3599999999999994,0.47,2026-09-14 16:20:12.306099
BND,2019-10-08,77.75,78.81,77.45,78.04,68378058,78.04,0.2900000000000062,0.37,2026-09-14 16:20:12.306099
BND,2019-10-09,78.04,78.54,77.73,77.93,65195884,77.93,-0.1099999999999994,-0.14,2026-09-14 16:20:12.306099
BND,2019-10-10,77.93,78.34,77.05,77.23,71353783,77.23,-0.7000000000000028,-0.9,2026-09-14 16:20:12.306099
BND,2019-10-11,77.23,77.59,76.17,76.68,11658134,76.68,-0.5499999999999972,-0.71,2026-09-14 16:20:12.306099
BND,2019-10-14,76.68,77.16,76.28,76.6,49088146,76.6,-0.0800000000000125,-0.1,2026-09-14 16:20:12.306099
BND,2019-10-15,76.6,77.24,75.97,76.59,55952618,76.59,-0.0099999999999909,-0.01,2026-09-14 16:20:12.306099
BND,2019-10-16,76.59,77.31,75.54,76.02,58928806,76.02,-0.5700000000000074,-0.74,2026-09-14 16:20:12.306099
BND,2019-10-17,76.02,76.5,75.16,75.7,59786622,75.7,-0.3199999999999932,-0.42,2026-09-14 16:20:12.306099
BND,2019-10-18,75.7,76.35,75.36,75.7,25168250,75.7,0.0,0.0,2026-09-14 16:20:12.306099
BND,2019-10-21,75.7,76.41,75.3,75.94,90152003,75.94,0.2399999999999948,0.32,2026-09-14 16:20:12.306099
BND,2019-10-22,75.94,76.68,75.29,76.46,94547198,76.46,0.519999999999996,0.68,2026-09-14 16:20:12.306099
BND,2019-10-23,76.46,76.61,75.96,76.28,51054980,76.28,-0.1799999999999926,-0.24,2026-09-14 16:20:12.306099
BND,2019-10-24,76.28,76.58,76.05,76.37,69002886,76.37,0.0900000000000034,0.12,2026-09-14 16:20:12.306099
BND,2019-10-25,76.37,77.33,76.08,76.82,40281115,76.82,0.4499999999999886,0.59,2026-09-14 16:20:12.306099
BND,2019-10-28,76.82,78.25,76.52,77.51,64551915,77.51,0.6900000000000119,0.9,2026-09-14 16:20:12.306099
BND,2019-10-29,77.51,78.27,77.23,77.59,49072999,77.59,0.0799999999999983,0.1,2026-09-14 16:20:12.306099
BND,2019-10-30,77.59,78.08,77.13,77.95,45991738,77.95,0.3599999999999994,0.46,2026-09-14 16:20:12.306099
BND,2019-10-31,77.95,78.51,77.77,77.78,85552651,77.78,-0.1700000000000017,-0.22,2026-09-14 16:20:12.306099
BND,2019-11-01,77.78,78.68,77.6,78.24,23438498,78.24,0.4599999999999937,0.59,2026-09-14 16:20:12.306099
BND,2019-11-04,78.24,78.58,77.55,78.23,33613621,78.23,-0.0099999999999909,-0.01,2026-09-14 16:20:12.306099
BND,2019-11-05,78.23,78.42,77.67,78.17,14351017,78.17,-0.0600000000000022,-0.08,2026-09-14 16:20:12.306099
BND,2019-11-06,78.17,78.31,77.62,78.1,38505524,78.1,-0.0700000000000073,-0.09,2026-09-14 16:20:12.306099
BND,2019-11-07,78.1,78.19,77.56,77.99,63431007,77.99,-0.1099999999999994,-0.14,2026-09-14 16:20:12.306099
BND,2019-11-08,77.99,78.02,77.69,77.93,64816789,77.93,-0.059999999999988,-0.08,2026-09-14 16:20:12.306099
BND,2019-11-11,77.93,78.4,77.38,78.33,72344450,78.33,0.3999999999999915,0.51,2026-09-14 16:20:12.306099
BND,2019-11-12,78.33,78.84,77.58,78.44,55159762,78.44,0.1099999999999994,0.14,2026-09-14 16:20:12.306099
BND,2019-11-13,78.44,78.81,77.8,78.61,99689116,78.61,0.1700000000000017,0.22,2026-09-14 16:20:12.306099
BND,2019-11-14,78.61,79.01,77.94,78.77,18573141,78.77,0.1599999999999966,0.2,2026-09-14 16:20:12.306099
BND,2019-11-15,78.77,79.04,78.14,78.66,47102410,78.66,-0.1099999999999994,-0.14,2026-09-14 16:20:12.306099
BND,2019-11-18,78.66,78.84,78.59,78.62,48454293,78.62,-0.039999999999992,-0.05,2026-09-14 16:20:12.306099
BND,2019-11-19,78.62,79.2,77.61,78.23,82647968,78.23,-0.3900000000000005,-0.5,2026-09-14 16:20:12.306099
BND,2019-11-20,78.23,78.63,77.98,78.07,63832790,78.07,-0.1600000000000108,-0.2,2026-09-14 16:20:12.306099
BND,2019-11-21,78.07,78.69,77.49,78.21,20700214,78.21,0.1400000000000005,0.18,2026-09-14 16:20:12.306099
BND,2019-11-22,78.21,78.37,77.47,78.16,32043818,78.16,-0.0499999999999971,-0.06,2026-09-14 16:20:12.306099
BND,2019-11-25,78.16,78.54,77.81,78.02,42553862,78.02,-0.1400000000000005,-0.18,2026-09-14 16:20:12.306099
BND,2019-11-26,78.02,78.63,77.31,78.18,38494681,78.18,0.1600000000000108,0.21,2026-09-14 16:20:12.306099
BND,2019-11-27,78.18,78.86,77.8,78.16,84813429,78.16,-0.0200000000000102,-0.03,2026-09-14 16:20:12.306099
BND,2019-11-28,78.16,78.74,78.03,78.4,21248094,78.4,0.2400000000000091,0.31,2026-09-14 16:20:12.306099
BND,2019-11-29,78.4,79.04,77.92,78.02,91908455,78.02,-0.3800000000000096,-0.48,2026-09-14 16:20:12.306099
BND,2019-12-02,78.02,78.36,76.82,77.51,90666680,77.51,-0.5099999999999909,-0.65,2026-09-14 16:20:12.306099
BND,2019-12-03,77.51,77.84,77.38,77.63,34442204,77.63,0.1199999999999903,0.15,2026-09-14 16:20:12.306099
BND,2019-12-04,77.63,77.88,76.94,77.48,27568074,77.48,-0.1499999999999914,-0.19,2026-09-14 16:20:12.306099
BND,2019-12-05,77.48,78.39,77.09,78.11,61295076,78.11,0.6299999999999955,0.81,2026-09-14 16:20:12.306099
BND,2019-12-06,78.11,78.82,76.96,77.5,23836912,77.5,-0.6099999999999994,-0.78,2026-09-14 16:20:12.306099
BND,2019-12-09,77.5,78.3,76.81,77.61,53111517,77.61,0.1099999999999994,0.14,2026-09-14 16:20:12.306099
BND,2019-12-10,77.61,78.29,77.31,77.71,41011146,77.71,0.0999999999999943,0.13,2026-09-14 16:20:12.306099
BND,2019-12-11,77.71,78.19,77.45,77.76,72092854,77.76,0.0500000000000113,0.06,2026-09-14 16:20:12.306099
BND,2019-12-12,77.76,78.15,77.57,77.61,94288841,77.61,-0.1500000000000056,-0.19,2026-09-14 16:20:12.306099
BND,2019-12-13,77.61,77.96,77.08,77.44,42852516,77.44,-0.1700000000000017,-0.22,2026-09-14 16:20:12.306099
BND,2019-12-16,77.44,77.45,76.42,77.09,19219512,77.09,-0.3499999999999943,-0.45,2026-09-14 16:20:12.306099
BND,2019-12-17,77.09,77.53,76.66,76.91,95773890,76.91,-0.1800000000000068,-0.23,2026-09-14 16:20:12.306099
BND,2019-12-18,76.91,77.31,76.58,76.92,99628197,76.92,0.0100000000000051,0.01,2026-09-14 16:20:12.306099
BND,2019-12-19,76.92,77.32,76.54,76.84,39212457,76.84,-0.0799999999999983,-0.1,2026-09-14 16:20:12.306099
BND,2019-12-20,76.84,77.68,76.19,77.22,59820465,77.22,0.3799999999999954,0.49,2026-09-14 16:20:12.306099
BND,2019-12-23,77.22,77.76,76.63,77.39,47349295,77.39,0.1700000000000017,0.22,2026-09-14 16:20:12.306099
BND,2019-12-24,77.39,77.94,76.86,77.68,90367380,77.68,0.2900000000000062,0.37,2026-09-14 16:20:12.306099
BND,2019-12-25,77.68,77.95,77.1,77.65,28628633,77.65,-0.0300000000000011,-0.04,2026-09-14 16:20:12.306099
BND,2019-12-26,77.65,78.26,76.68,77.31,12063784,77.31,-0.3400000000000034,-0.44,2026-09-14 16:20:12.306099
BND,2019-12-27,77.31,77.65,76.46,77.16,80935707,77.16,-0.1500000000000056,-0.19,2026-09-14 16:20:12.306099
BND,2019-12-30,77.16,77.87,76.41,77.22,66619090,77.22,0.0600000000000022,0.08,2026-09-14 16:20:12.306099
BND,2019-12-31,77.22,77.52,76.12,76.7,24127235,76.7,-0.519999999999996,-0.67,2026-09-14 16:20:12.306099
BND,2020-01-01,76.7,76.86,75.8,76.47,53535155,76.47,-0.2300000000000039,-0.3,2026-09-14 16:20:12.306099
BND,2020-01-02,76.47,77.21,76.01,76.33,72694408,76.33,-0.1400000000000005,-0.18,2026-09-14 16:20:12.306099
BND,2020-01-03,76.33,76.94,75.39,76.02,36572113,76.02,-0.3100000000000023,-0.41,2026-09-14 16:20:12.306099
BND,2020-01-06,76.02,76.34,75.83,75.96,83669597,75.96,-0.0600000000000022,-0.08,2026-09-14 16:20:12.306099
BND,2020-01-07,75.96,76.68,75.17,75.91,91795233,75.91,-0.0499999999999971,-0.07,2026-09-14 16:20:12.306099
BND,2020-01-08,75.91,76.53,75.29,76.33,73143584,76.33,0.4200000000000017,0.55,2026-09-14 16:20:12.306099
BND,2020-01-09,76.33,76.61,75.98,76.03,99854769,76.03,-0.2999999999999971,-0.39,2026-09-14 16:20:12.306099
BND,2020-01-10,76.03,76.58,75.98,75.98,60202815,75.98,-0.0499999999999971,-0.07,2026-09-14 16:20:12.306099
BND,2020-01-13,75.98,76.84,75.79,76.54,34736069,76.54,0.5600000000000023,0.74,2026-09-14 16:20:12.306099
BND,2020-01-14,76.54,76.73,76.07,76.43,61961294,76.43,-0.1099999999999994,-0.14,2026-09-14 16:20:12.306099
BND,2020-01-15,76.43,77.37,76.24,76.85,13527063,76.85,0.4199999999999875,0.55,2026-09-14 16:20:12.306099
BND,2020-01-16,76.85,78.18,76.1,77.5,96374040,77.5,0.6500000000000057,0.85,2026-09-14 16:20:12.306099
BND,2020-01-17,77.5,78.23,77.16,77.54,80860207,77.54,0.0400000000000062,0.05,2026-09-14 16:20:12.306099
BND,2020-01-20,77.54,78.15,76.69,77.01,43998332,77.01,-0.5300000000000011,-0.68,2026-09-14 16:20:12.306099
BND,2020-01-21,77.01,77.37,76.38,77.09,73135028,77.09,0.0799999999999983,0.1,2026-09-14 16:20:12.306099
BND,2020-01-22,77.09,77.52,76.78,77.07,56946641,77.07,-0.0200000000000102,-0.03,2026-09-14 16:20:12.306099
BND,2020-01-23,77.07,78.21,76.49,77.64,45193491,77.64,0.5700000000000074,0.74,2026-09-14 16:20:12.306099
BND,2020-01-24,77.64,77.91,77.27,77.73,62479622,77.73,0.0900000000000034,0.12,2026-09-14 16:20:12.306099
BND,2020-01-27,77.73,78.85,77.49,78.14,86075732,78.14,0.4099999999999966,0.53,2026-09-14 16:20:12.306099
BND,2020-01-28,78.14,78.57,77.27,77.91,75083464,77.91,-0.2300000000000039,-0.29,2026-09-14 16:20:12.306099
BND,2020-01-29,77.91,78.55,77.28,77.5,99364300,77.5,-0.4099999999999966,-0.53,2026-09-14 16:20:12.306099
BND,2020-01-30,77.5,77.83,77.22,77.26,37314700,77.26,-0.2399999999999948,-0.31,2026-09-14 16:20:12.306099
BND,2020-01-31,77.26,78.21,76.62,77.47,45706891,77.47,0.2099999999999937,0.27,2026-09-14 16:20:12.306099
BND,2020-02-03,77.47,78.27,77.18,77.86,21067514,77.86,0.3900000000000005,0.5,2026-09-14 16:20:12.306099
BND,2020-02-04,77.86,78.56,77.7,78.44,77840776,78.44,0.5799999999999983,0.74,2026-09-14 16:20:12.306099
BND,2020-02-05,78.44,78.81,77.97,78.47,96412012,78.47,0.0300000000000011,0.04,2026-09-14 16:20:12.306099
BND,2020-02-06,78.47,79.0,77.89,78.49,74736326,78.49,0.019999999999996,0.03,2026-09-14 16:20:12.306099
BND,2020-02-07,78.49,79.22,78.05,78.83,51534231,78.83,0.3400000000000034,0.43,2026-09-14 16:20:12.306099
BND,2020-02-10,78.83,79.1,78.55,78.89,48567665,78.89,0.0600000000000022,0.08,2026-09-14 16:20:12.306099
BND,2020-02-11,78.89,79.68,78.8,79.28,40597628,79.28,0.3900000000000005,0.49,2026-09-14 16:20:12.306099
BND,2020-02-12,79.28,79.84,79.01,79.27,10716023,79.27,-0.0100000000000051,-0.01,2026-09-14 16:20:12.306099
BND,2020-02-13,79.27,80.11,79.12,79.71,54516017,79.71,0.4399999999999977,0.56,2026-09-14 16:20:12.306099
BND,2020-02-14,79.71,80.63,79.19,79.88,12793665,79.88,0.1700000000000017,0.21,2026-09-14 16:20:12.306099
BND,2020-02-17,79.88,80.52,79.66,79.87,93247576,79.87,-0.0099999999999909,-0.01,2026-09-14 16:20:12.306099
BND,2020-02-18,79.87,79.95,79.59,79.79,91566927,79.79,-0.0799999999999983,-0.1,2026-09-14 16:20:12.306099
BND,2020-02-19,79.79,80.63,79.53,79.94,79193711,79.94,0.1499999999999914,0.19,2026-09-14 16:20:12.306099
BND,2020-02-20,79.94,80.57,79.39,80.26,97201120,80.26,0.3200000000000074,0.4,2026-09-14 16:20:12.306099
BND,2020-02-21,80.26,80.66,79.88,80.06,46290046,80.06,-0.2000000000000028,-0.25,2026-09-14 16:20:12.306099
BND,2020-02-24,80.06,80.75,79.82,79.84,71517212,79.84,-0.2199999999999988,-0.27,2026-09-14 16:20:12.306099
BND,2020-02-25,79.84,80.22,79.53,79.75,46006360,79.75,-0.0900000000000034,-0.11,2026-09-14 16:20:12.306099
BND,2020-02-26,79.75,80.26,78.76,79.51,39898081,79.51,-0.2399999999999948,-0.3,2026-09-14 16:20:12.306099
BND,2020-02-27,79.51,80.23,78.76,78.98,87854498,78.98,-0.5300000000000011,-0.67,2026-09-14 16:20:12.306099
BND,2020-02-28,78.98,79.83,78.53,79.16,74990398,79.16,0.1799999999999926,0.23,2026-09-14 16:20:12.306099
BND,2020-03-02,79.16,80.62,78.39,80.14,32600850,80.14,0.980000000000004,1.24,2026-09-14 16:20:12.306099
BND,2020-03-03,80.14,80.71,80.0,80.3,67918184,80.3,0.1599999999999966,0.2,2026-09-14 16:20:12.306099
BND,2020-03-04,80.3,80.76,79.41,80.08,42928175,80.08,-0.2199999999999988,-0.27,2026-09-14 16:20:12.306099
BND,2020-03-05,80.08,80.6,79.28,79.92,34568661,79.92,-0.1599999999999966,-0.2,2026-09-14 16:20:12.306099
BND,2020-03-06,79.92,81.01,79.88,80.28,46358354,80.28,0.3599999999999994,0.45,2026-09-14 16:20:12.306099
BND,2020-03-09,80.28,81.01,79.6,80.41,76545130,80.41,0.1299999999999954,0.16,2026-09-14 16:20:12.306099
BND,2020-03-10,80.41,80.81,79.71,80.21,86293518,80.21,-0.2000000000000028,-0.25,2026-09-14 16:20:12.306099
BND,2020-03-11,80.21,80.64,79.91,80.55,59733171,80.55,0.3400000000000034,0.42,2026-09-14 16:20:12.306099
BND,2020-03-12,80.55,80.99,79.91,80.53,85384852,80.53,-0.019999999999996,-0.02,2026-09-14 16:20:12.306099
BND,2020-03-13,80.53,81.03,80.05,80.5,30458552,80.5,-0.0300000000000011,-0.04,2026-09-14 16:20:12.306099
BND,2020-03-16,80.5,80.94,79.32,79.97,51489043,79.97,-0.5300000000000011,-0.66,2026-09-14 16:20:12.306099
BND,2020-03-17,79.97,80.42,79.3,80.03,61412990,80.03,0.0600000000000022,0.08,2026-09-14 16:20:12.306099
BND,2020-03-18,80.03,81.07,79.91,80.33,39418988,80.33,0.2999999999999971,0.37,2026-09-14 16:20:12.306099
BND,2020-03-19,80.33,81.16,79.66,80.56,15270442,80.56,0.2300000000000039,0.29,2026-09-14 16:20:12.306099
BND,2020-03-20,80.56,81.29,79.84,80.71,91039869,80.71,0.1499999999999914,0.19,2026-09-14 16:20:12.306099
BND,2020-03-23,80.71,80.9,80.46,80.74,94268772,80.74,0.0300000000000011,0.04,2026-09-14 16:20:12.306099
BND,2020-03-24,80.74,81.51,80.0,81.07,88677871,81.07,0.3299999999999983,0.41,2026-09-14 16:20:12.306099
BND,2020-03-25,81.07,81.79,80.63,80.72,78178956,80.72,-0.3499999999999943,-0.43,2026-09-14 16:20:12.306099
BND,2020-03-26,80.72,80.76,80.17,80.35,81457154,80.35,-0.3700000000000045,-0.46,2026-09-14 16:20:12.306099
BND,2020-03-27,80.35,80.42,80.01,80.22,39165363,80.22,-0.1299999999999954,-0.16,2026-09-14 16:20:12.306099
BND,2020-03-30,80.22,81.09,79.69,80.39,76142555,80.39,0.1700000000000017,0.21,2026-09-14 16:20:12.306099
BND,2020-03-31,80.39,80.8,80.13,80.45,86673286,80.45,0.0600000000000022,0.07,2026-09-14 16:20:12.306099
BND,2020-04-01,80.45,80.98,79.67,80.64,11292328,80.64,0.1899999999999977,0.24,2026-09-14 16:20:12.306099
BND,2020-04-02,80.64,81.62,80.35,80.99,92886609,80.99,0.3499999999999943,0.43,2026-09-14 16:20:12.306099
BND,2020-04-03,80.99,81.94,80.83,81.29,27739442,81.29,0.3000000000000113,0.37,2026-09-14 16:20:12.306099
BND,2020-04-06,81.29,82.06,80.6,81.07,67152960,81.07,-0.220000000000013,-0.27,2026-09-14 16:20:12.306099
BND,2020-04-07,81.07,81.12,80.97,81.02,83767795,81.02,-0.0499999999999971,-0.06,2026-09-14 16:20:12.306099
BND,2020-04-08,81.02,81.69,80.53,81.43,62555888,81.43,0.4100000000000108,0.51,2026-09-14 16:20:12.306099
BND,2020-04-09,81.43,81.48,81.06,81.48,76499435,81.48,0.0499999999999971,0.06,2026-09-14 16:20:12.306099
BND,2020-04-10,81.48,82.53,81.47,81.95,91720702,81.95,0.4699999999999988,0.58,2026-09-14 16:20:12.306099
BND,2020-04-13,81.95,82.28,81.58,82.28,47243974,82.28,0.3299999999999983,0.4,2026-09-14 16:20:12.306099
BND,2020-04-14,82.28,82.72,81.58,82.08,28225540,82.08,-0.2000000000000028,-0.24,2026-09-14 16:20:12.306099
BND,2020-04-15,82.08,82.65,81.39,81.9,84909586,81.9,-0.1799999999999926,-0.22,2026-09-14 16:20:12.306099
BND,2020-04-16,81.9,82.88,81.46,82.36,92260744,82.36,0.4599999999999937,0.56,2026-09-14 16:20:12.306099
BND,2020-04-17,82.36,83.09,81.34,82.16,46315520,82.16,-0.2000000000000028,-0.24,2026-09-14 16:20:12.306099
BND,2020-04-20,82.16,82.97,82.01,82.41,67289373,82.41,0.25,0.3,2026-09-14 16:20:12.306099
BND,2020-04-21,82.41,83.29,82.26,82.92,77026541,82.92,0.5100000000000051,0.62,2026-09-14 16:20:12.306099
BND,2020-04-22,82.92,83.05,82.42,82.88,19012007,82.88,-0.0400000000000062,-0.05,2026-09-14 16:20:12.306099
BND,2020-04-23,82.88,83.19,81.77,82.5,47400586,82.5,-0.3799999999999954,-0.46,2026-09-14 16:20:12.306099
BND,2020-04-24,82.5,83.22,81.68,82.03,89533316,82.03,-0.4699999999999988,-0.57,2026-09-14 16:20:12.306099
BND,2020-04-27,82.03,82.33,81.92,82.0,60483666,82.0,-0.0300000000000011,-0.04,2026-09-14 16:20:12.306099
BND,2020-04-28,82.0,82.54,81.26,81.77,35034276,81.77,-0.2300000000000039,-0.28,2026-09-14 16:20:12.306099
BND,2020-04-29,81.77,82.15,81.27,81.49,98892998,81.49,-0.2800000000000011,-0.34,2026-09-14 16:20:12.306099
BND,2020-04-30,81.49,81.96,81.46,81.65,26046547,81.65,0.1600000000000108,0.2,2026-09-14 16:20:12.306099
BND,2020-05-01,81.65,82.05,80.78,81.55,17549722,81.55,-0.1000000000000085,-0.12,2026-09-14 16:20:12.306099
BND,2020-05-04,81.55,82.14,80.22,80.72,57688980,80.72,-0.8299999999999983,-1.02,2026-09-14 16:20:12.306099
BND,2020-05-05,80.72,81.28,79.9,80.6,40271017,80.6,-0.1200000000000045,-0.15,2026-09-14 16:20:12.306099
BND,2020-05-06,80.6,81.52,80.34,81.01,26090457,81.01,0.4100000000000108,0.51,2026-09-14 16:20:12.306099
BND,2020-05-07,81.01,81.58,80.82,81.42,65681749,81.42,0.4099999999999966,0.51,2026-09-14 16:20:12.306099
BND,2020-05-08,81.42,81.45,80.96,81.02,21093728,81.02,-0.4000000000000057,-0.49,2026-09-14 16:20:12.306099
BND,2020-05-11,81.02,81.69,80.59,80.87,48477827,80.87,-0.1499999999999914,-0.19,2026-09-14 16:20:12.306099
BND,2020-05-12,80.87,81.11,80.19,80.54,44768051,80.54,-0.3299999999999983,-0.41,2026-09-14 16:20:12.306099
BND,2020-05-13,80.54,80.94,80.53,80.63,89763460,80.63,0.0899999999999892,0.11,2026-09-14 16:20:12.306099
BND,2020-05-14,80.63,81.67,80.63,80.98,77579699,80.98,0.3500000000000085,0.43,2026-09-14 16:20:12.306099
BND,2020-05-15,80.98,81.14,80.22,81.06,79859541,81.06,0.0799999999999983,0.1,2026-09-14 16:20:12.306099
BND,2020-05-18,81.06,81.84,80.82,80.92,50921189,80.92,-0.1400000000000005,-0.17,2026-09-14 16:20:12.306099
BND,2020-05-19,80.92,81.16,80.14,81.04,61491050,81.04,0.1200000000000045,0.15,2026-09-14 16:20:12.306099
BND,2020-05-20,81.04,81.67,80.29,81.0,92584354,81.0,-0.0400000000000062,-0.05,2026-09-14 16:20:12.306099
BND,2020-05-21,81.0,81.89,80.48,81.16,40821998,81.16,0.1599999999999966,0.2,2026-09-14 16:20:12.306099
BND,2020-05-22,81.16,81.26,80.8,80.94,49044478,80.94,-0.2199999999999988,-0.27,2026-09-14 16:20:12.306099
BND,2020-05-25,80.94,81.5,80.21,81.0,54192819,81.0,0.0600000000000022,0.07,2026-09-14 16:20:12.306099
BND,2020-05-26,81.0,81.34,80.09,80.66,19061990,80.66,-0.3400000000000034,-0.42,2026-09-14 16:20:12.306099
BND,2020-05-27,80.66,81.35,80.23,80.84,46662222,80.84,0.1800000000000068,0.22,2026-09-14 16:20:12.306099
BND,2020-05-28,80.84,80.88,79.81,80.36,47932078,80.36,-0.480000000000004,-0.59,2026-09-14 16:20:12.306099
BND,2020-05-29,80.36,81.19,79.77,80.47,29749883,80.47,0.1099999999999994,0.14,2026-09-14 16:20:12.306099
BND,2020-06-01,80.47,80.7,80.31,80.59,74273431,80.59,0.1200000000000045,0.15,2026-09-14 16:20:12.306099
BND,2020-06-02,80.59,80.82,79.87,80.59,76448393,80.59,0.0,0.0,2026-09-14 16:20:12.306099
BND,2020-06-03,80.59,81.53,80.34,80.82,66913969,80.82,0.2299999999999897,0.29,2026-09-14 16:20:12.306099
BND,2020-06-04,80.82,81.4,80.54,80.84,10118563,80.84,0.0200000000000102,0.02,2026-09-14 16:20:12.306099
BND,2020-06-05,80.84,81.85,80.77,81.22,63948041,81.22,0.3799999999999954,0.47,2026-09-14 16:20:12.306099
BND,2020-06-08,81.22,81.82,80.15,80.48,28774379,80.48,-0.7399999999999949,-0.91,2026-09-14 16:20:12.306099
BND,2020-06-09,80.48,81.05,80.16,80.59,94785192,80.59,0.1099999999999994,0.14,2026-09-14 16:20:12.306099
BND,2020-06-10,80.59,80.95,80.05,80.14,21239223,80.14,-0.4500000000000028,-0.56,2026-09-14 16:20:12.306099
BND,2020-06-11,80.14,80.7,79.78,80.06,72063817,80.06,-0.0799999999999983,-0.1,2026-09-14 16:20:12.306099
BND,2020-06-12,80.06,81.07,80.02,80.36,79635848,80.36,0.2999999999999971,0.37,2026-09-14 16:20:12.306099
BND,2020-06-15,80.36,80.92,79.93,80.23,73701396,80.23,-0.1299999999999954,-0.16,2026-09-14 16:20:12.306099
BND,2020-06-16,80.23,80.75,79.44,79.54,25277099,79.54,-0.6899999999999977,-0.86,2026-09-14 16:20:12.306099
BND,2020-06-17,79.54,79.81,78.43,78.99,71664349,78.99,-0.5500000000000114,-0.69,2026-09-14 16:20:12.306099
BND,2020-06-18,78.99,79.57,77.89,78.52,92028095,78.52,-0.4699999999999988,-0.6,2026-09-14 16:20:12.306099
BND,2020-06-19,78.52,79.04,77.93,78.59,29524731,78.59,0.0700000000000073,0.09,2026-09-14 16:20:12.306099
BND,2020-06-22,78.59,78.93,78.14,78.72,42955351,78.72,0.1299999999999954,0.17,2026-09-14 16:20:12.306099
BND,2020-06-23,78.72,79.39,78.2,78.91,32708585,78.91,0.1899999999999977,0.24,2026-09-14 16:20:12.306099
BND,2020-06-24,78.91,79.56,78.8,79.03,28015556,79.03,0.1200000000000045,0.15,2026-09-14 16:20:12.306099
BND,2020-06-25,79.03,79.9,78.77,79.16,11789117,79.16,0.1299999999999954,0.16,2026-09-14 16:20:12.306099
BND,2020-06-26,79.16,79.18,78.78,79.09,81743806,79.09,-0.0699999999999931,-0.09,2026-09-14 16:20:12.306099
BND,2020-06-29,79.09,79.93,79.06,79.27,52275057,79.27,0.1799999999999926,0.23,2026-09-14 16:20:12.306099
BND,2020-06-30,79.27,79.8,78.53,79.21,34645125,79.21,-0.0600000000000022,-0.08,2026-09-14 16:20:12.306099
BND,2020-07-01,79.21,79.75,79.07,79.21,83422604,79.21,0.0,0.0,2026-09-14 16:20:12.306099
BND,2020-07-02,79.21,79.29,78.4,79.01,73451618,79.01,-0.1999999999999886,-0.25,2026-09-14 16:20:12.306099
BND,2020-07-03,79.01,79.71,78.74,78.96,67722649,78.96,-0.0500000000000113,-0.06,2026-09-14 16:20:12.306099
BND,2020-07-06,78.96,79.15,78.01,78.38,91914972,78.38,-0.5799999999999983,-0.73,2026-09-14 16:20:12.306099
BND,2020-07-07,78.38,79.11,77.0,77.37,90373670,77.37,-1.009999999999991,-1.29,2026-09-14 16:20:12.306099
BND,2020-07-08,77.37,78.5,76.78,77.98,16042248,77.98,0.6099999999999994,0.79,2026-09-14 16:20:12.306099
BND,2020-07-09,77.98,78.71,77.23,77.99,97148929,77.99,0.0099999999999909,0.01,2026-09-14 16:20:12.306099
BND,2020-07-10,77.99,78.57,77.56,78.08,64679802,78.08,0.0900000000000034,0.12,2026-09-14 16:20:12.306099
BND,2020-07-13,78.08,78.15,77.49,77.97,38279478,77.97,-0.1099999999999994,-0.14,2026-09-14 16:20:12.306099
BND,2020-07-14,77.97,78.27,77.35,78.12,96789565,78.12,0.1500000000000056,0.19,2026-09-14 16:20:12.306099
BND,2020-07-15,78.12,78.87,77.43,78.13,29613428,78.13,0.0099999999999909,0.01,2026-09-14 16:20:12.306099
BND,2020-07-16,78.13,78.46,78.05,78.29,62459125,78.29,0.1600000000000108,0.2,2026-09-14 16:20:12.306099
BND,2020-07-17,78.29,79.11,77.81,78.4,42364950,78.4,0.1099999999999994,0.14,2026-09-14 16:20:12.306099
BND,2020-07-20,78.4,79.15,77.59,78.2,81251530,78.2,-0.2000000000000028,-0.26,2026-09-14 16:20:12.306099
BND,2020-07-21,78.2,79.07,77.51,78.59,15834495,78.59,0.3900000000000005,0.5,2026-09-14 16:20:12.306099
BND,2020-07-22,78.59,79.25,78.57,78.85,17825678,78.85,0.2599999999999909,0.33,2026-09-14 16:20:12.306099
BND,2020-07-23,78.85,79.24,78.81,79.01,48084371,79.01,0.1600000000000108,0.2,2026-09-14 16:20:12.306099
BND,2020-07-24,79.01,79.49,78.25,78.78,12835601,78.78,-0.2300000000000039,-0.29,2026-09-14 16:20:12.306099
BND,2020-07-27,78.78,78.9,78.12,78.36,56511450,78.36,-0.4200000000000017,-0.53,2026-09-14 16:20:12.306099
BND,2020-07-28,78.36,79.14,77.41,78.02,75638280,78.02,-0.3400000000000034,-0.43,2026-09-14 16:20:12.306099
BND,2020-07-29,78.02,78.54,77.84,77.95,34227650,77.95,-0.0699999999999931,-0.09,2026-09-14 16:20:12.306099
BND,2020-07-30,77.95,79.22,77.7,78.45,31694371,78.45,0.5,0.64,2026-09-14 16:20:12.306099
BND,2020-07-31,78.45,79.27,78.27,78.89,68364696,78.89,0.4399999999999977,0.56,2026-09-14 16:20:12.306099
BND,2020-08-03,78.89,79.38,78.67,79.29,79969891,79.29,0.4000000000000057,0.51,2026-09-14 16:20:12.306099
BND,2020-08-04,79.29,79.67,78.51,79.03,80968592,79.03,-0.2600000000000051,-0.33,2026-09-14 16:20:12.306099
BND,2020-08-05,79.03,79.78,78.8,79.2,68001958,79.2,0.1700000000000017,0.22,2026-09-14 16:20:12.306099
BND,2020-08-06,79.2,79.93,78.22,78.99,79671079,78.99,-0.2100000000000079,-0.27,2026-09-14 16:20:12.306099
BND,2020-08-07,78.99,79.1,78.36,78.88,27853114,78.88,-0.1099999999999994,-0.14,2026-09-14 16:20:12.306099
BND,2020-08-10,78.88,79.43,78.3,79.02,74934466,79.02,0.1400000000000005,0.18,2026-09-14 16:20:12.306099
BND,2020-08-11,79.02,79.92,78.28,79.48,89909973,79.48,0.4600000000000079,0.58,2026-09-14 16:20:12.306099
BND,2020-08-12,79.48,79.66,78.6,79.02,76261293,79.02,-0.4600000000000079,-0.58,2026-09-14 16:20:12.306099
BND,2020-08-13,79.02,79.03,78.51,78.76,40811522,78.76,-0.2599999999999909,-0.33,2026-09-14 16:20:12.306099
BND,2020-08-14,78.76,79.49,78.73,78.85,42349127,78.85,0.0899999999999892,0.11,2026-09-14 16:20:12.306099
BND,2020-08-17,78.85,79.17,78.28,78.39,64976722,78.39,-0.4599999999999937,-0.58,2026-09-14 16:20:12.306099
BND,2020-08-18,78.39,79.16,77.72,78.3,98755838,78.3,-0.0900000000000034,-0.11,2026-09-14 16:20:12.306099
BND,2020-08-19,78.3,79.07,77.87,78.47,74125854,78.47,0.1700000000000017,0.22,2026-09-14 16:20:12.306099
BND,2020-08-20,78.47,78.63,78.18,78.22,85445943,78.22,-0.25,-0.32,2026-09-14 16:20:12.306099
BND,2020-08-21,78.22,78.35,77.33,77.83,76396033,77.83,-0.3900000000000005,-0.5,2026-09-14 16:20:12.306099
BND,2020-08-24,77.83,78.08,77.09,77.78,67819657,77.78,-0.0499999999999971,-0.06,2026-09-14 16:20:12.306099
BND,2020-08-25,77.78,78.28,76.82,77.38,23056043,77.38,-0.4000000000000057,-0.51,2026-09-14 16:20:12.306099
BND,2020-08-26,77.38,77.6,76.49,77.13,90404578,77.13,-0.25,-0.32,2026-09-14 16:20:12.306099
BND,2020-08-27,77.13,77.69,77.05,77.23,49259910,77.23,0.1000000000000085,0.13,2026-09-14 16:20:12.306099
BND,2020-08-28,77.23,77.29,76.59,76.67,99413312,76.67,-0.5600000000000023,-0.73,2026-09-14 16:20:12.306099
BND,2020-08-31,76.67,77.22,76.48,76.95,68141779,76.95,0.2800000000000011,0.37,2026-09-14 16:20:12.306099
BND,2020-09-01,76.95,77.55,76.17,76.56,11387438,76.56,-0.3900000000000005,-0.51,2026-09-14 16:20:12.306099
BND,2020-09-02,76.56,77.1,75.93,77.06,20229227,77.06,0.5,0.65,2026-09-14 16:20:12.306099
BND,2020-09-03,77.06,78.24,76.91,77.89,58529796,77.89,0.8299999999999983,1.08,2026-09-14 16:20:12.306099
BND,2020-09-04,77.89,78.63,77.66,77.73,61905884,77.73,-0.1599999999999966,-0.21,2026-09-14 16:20:12.306099
BND,2020-09-07,77.73,77.83,77.02,77.51,87781514,77.51,-0.2199999999999988,-0.28,2026-09-14 16:20:12.306099
BND,2020-09-08,77.51,78.24,76.74,77.3,45458814,77.3,-0.2100000000000079,-0.27,2026-09-14 16:20:12.306099
BND,2020-09-09,77.3,77.66,76.85,77.49,78909215,77.49,0.1899999999999977,0.25,2026-09-14 16:20:12.306099
BND,2020-09-10,77.49,78.54,77.42,77.83,75345325,77.83,0.3400000000000034,0.44,2026-09-14 16:20:12.306099
BND,2020-09-11,77.83,78.44,77.13,77.68,26321712,77.68,-0.1499999999999914,-0.19,2026-09-14 16:20:12.306099
BND,2020-09-14,77.68,78.52,77.26,78.15,97426337,78.15,0.4699999999999988,0.61,2026-09-14 16:20:12.306099
BND,2020-09-15,78.15,78.61,78.04,78.06,27929335,78.06,-0.0900000000000034,-0.12,2026-09-14 16:20:12.306099
BND,2020-09-16,78.06,78.32,77.63,77.9,57729706,77.9,-0.1599999999999966,-0.2,2026-09-14 16:20:12.306099
BND,2020-09-17,77.9,78.36,77.43,78.21,92527864,78.21,0.309999999999988,0.4,2026-09-14 16:20:12.306099
BND,2020-09-18,78.21,78.73,77.95,77.99,57803287,77.99,-0.2199999999999988,-0.28,2026-09-14 16:20:12.306099
BND,2020-09-21,77.99,78.01,77.29,77.55,89016128,77.55,-0.4399999999999977,-0.56,2026-09-14 16:20:12.306099
BND,2020-09-22,77.55,78.11,76.73,77.21,24731889,77.21,-0.3400000000000034,-0.44,2026-09-14 16:20:12.306099
BND,2020-09-23,77.21,77.62,76.87,76.95,95443426,76.95,-0.2599999999999909,-0.34,2026-09-14 16:20:12.306099
BND,2020-09-24,76.95,77.53,75.93,76.09,22346488,76.09,-0.8599999999999994,-1.12,2026-09-14 16:20:12.306099
BND,2020-09-25,76.09,76.61,75.54,75.75,77165509,75.75,-0.3400000000000034,-0.45,2026-09-14 16:20:12.306099
BND,2020-09-28,75.75,76.01,75.13,75.72,65510447,75.72,-0.0300000000000011,-0.04,2026-09-14 16:20:12.306099
BND,2020-09-29,75.72,76.31,75.27,75.68,94468098,75.68,-0.039999999999992,-0.05,2026-09-14 16:20:12.306099
BND,2020-09-30,75.68,76.11,75.33,75.84,96159976,75.84,0.1599999999999966,0.21,2026-09-14 16:20:12.306099
BND,2020-10-01,75.84,76.02,75.63,75.88,42797846,75.88,0.039999999999992,0.05,2026-09-14 16:20:12.306099
BND,2020-10-02,75.88,76.58,75.25,75.86,34813760,75.86,-0.019999999999996,-0.03,2026-09-14 16:20:12.306099
BND,2020-10-05,75.86,75.89,75.49,75.81,43986576,75.81,-0.0499999999999971,-0.07,2026-09-14 16:20:12.306099
BND,2020-10-06,75.81,75.99,75.64,75.8,82320993,75.8,-0.0100000000000051,-0.01,2026-09-14 16:20:12.306099
BND,2020-10-07,75.8,75.98,75.55,75.84,34956497,75.84,0.0400000000000062,0.05,2026-09-14 16:20:12.306099
BND,2020-10-08,75.84,76.18,75.43,75.66,84821679,75.66,-0.1800000000000068,-0.24,2026-09-14 16:20:12.306099
BND,2020-10-09,75.66,76.45,75.47,75.87,92621730,75.87,0.2100000000000079,0.28,2026-09-14 16:20:12.306099
BND,2020-10-12,75.87,76.29,75.38,75.85,61957029,75.85,-0.0200000000000102,-0.03,2026-09-14 16:20:12.306099
BND,2020-10-13,75.85,75.94,75.32,75.63,87736309,75.63,-0.2199999999999988,-0.29,2026-09-14 16:20:12.306099
BND,2020-10-14,75.63,76.01,75.17,75.59,78751759,75.59,-0.039999999999992,-0.05,2026-09-14 16:20:12.306099
BND,2020-10-15,75.59,76.23,75.26,75.58,68477799,75.58,-0.0100000000000051,-0.01,2026-09-14 16:20:12.306099
BND,2020-10-16,75.58,75.66,74.46,75.07,64158717,75.07,-0.5100000000000051,-0.67,2026-09-14 16:20:12.306099
BND,2020-10-19,75.07,75.99,74.86,75.48,16233868,75.48,0.4100000000000108,0.55,2026-09-14 16:20:12.306099
BND,2020-10-20,75.48,76.61,75.09,76.05,10508344,76.05,0.5699999999999932,0.76,2026-09-14 16:20:12.306099
BND,2020-10-21,76.05,76.06,75.15,75.85,34057464,75.85,-0.2000000000000028,-0.26,2026-09-14 16:20:12.306099
BND,2020-10-22,75.85,76.41,75.78,76.4,50626747,76.4,0.5500000000000114,0.73,2026-09-14 16:20:12.306099
BND,2020-10-23,76.4,77.16,76.01,76.44,41991464,76.44,0.039999999999992,0.05,2026-09-14 16:20:12.306099
BND,2020-10-26,76.44,77.1,76.15,76.65,91822013,76.65,0.2100000000000079,0.27,2026-09-14 16:20:12.306099
BND,2020-10-27,76.65,77.77,76.0,77.18,18844985,77.18,0.5300000000000011,0.69,2026-09-14 16:20:12.306099
BND,2020-10-28,77.18,78.31,76.85,77.62,60863884,77.62,0.4399999999999977,0.57,2026-09-14 16:20:12.306099
BND,2020-10-29,77.62,78.08,76.93,77.9,45732557,77.9,0.2800000000000011,0.36,2026-09-14 16:20:12.306099
BND,2020-10-30,77.9,78.51,77.49,78.26,14435722,78.26,0.3599999999999994,0.46,2026-09-14 16:20:12.306099
BND,2020-11-02,78.26,78.58,77.71,77.97,65421262,77.97,-0.2900000000000062,-0.37,2026-09-14 16:20:12.306099
BND,2020-11-03,77.97,78.27,77.81,78.14,49644259,78.14,0.1700000000000017,0.22,2026-09-14 16:20:12.306099
BND,2020-11-04,78.14,78.77,77.68,78.66,76948478,78.66,0.519999999999996,0.67,2026-09-14 16:20:12.306099
BND,2020-11-05,78.66,79.19,77.99,78.97,65063996,78.97,0.3100000000000023,0.39,2026-09-14 16:20:12.306099
BND,2020-11-06,78.97,79.9,78.78,79.73,52727519,79.73,0.7600000000000051,0.96,2026-09-14 16:20:12.306099
BND,2020-11-09,79.73,80.28,78.96,79.21,23672453,79.21,-0.5200000000000102,-0.65,2026-09-14 16:20:12.306099
BND,2020-11-10,79.21,79.31,78.74,79.09,10273603,79.09,-0.1199999999999903,-0.15,2026-09-14 16:20:12.306099
BND,2020-11-11,79.09,79.32,78.41,78.84,94188287,78.84,-0.25,-0.32,2026-09-14 16:20:12.306099
BND,2020-11-12,78.84,79.63,78.51,79.17,72852640,79.17,0.3299999999999983,0.42,2026-09-14 16:20:12.306099
BND,2020-11-13,79.17,79.56,79.05,79.12,78947938,79.12,-0.0499999999999971,-0.06,2026-09-14 16:20:12.306099
BND,2020-11-16,79.12,79.76,79.06,79.15,19595491,79.15,0.0300000000000011,0.04,2026-09-14 16:20:12.306099
BND,2020-11-17,79.15,79.84,78.71,79.3,83852667,79.3,0.1499999999999914,0.19,2026-09-14 16:20:12.306099
BND,2020-11-18,79.3,80.16,78.51,79.8,42182194,79.8,0.5,0.63,2026-09-14 16:20:12.306099
BND,2020-11-19,79.8,80.47,79.25,79.58,88704968,79.58,-0.2199999999999988,-0.28,2026-09-14 16:20:12.306099
BND,2020-11-20,79.58,79.67,79.4,79.43,64180986,79.43,-0.1499999999999914,-0.19,2026-09-14 16:20:12.306099
BND,2020-11-23,79.43,79.92,79.36,79.6,43612194,79.6,0.1699999999999875,0.21,2026-09-14 16:20:12.306099
BND,2020-11-24,79.6,80.36,79.08,79.85,19272134,79.85,0.25,0.31,2026-09-14 16:20:12.306099
BND,2020-11-25,79.85,80.36,79.52,79.73,46637225,79.73,-0.1199999999999903,-0.15,2026-09-14 16:20:12.306099
BND,2020-11-26,79.73,80.76,79.7,80.44,30035439,80.44,0.7099999999999937,0.89,2026-09-14 16:20:12.306099
BND,2020-11-27,80.44,80.64,79.68,80.34,52021704,80.34,-0.0999999999999943,-0.12,2026-09-14 16:20:12.306099
BND,2020-11-30,80.34,80.96,79.45,79.76,31463253,79.76,-0.5799999999999983,-0.72,2026-09-14 16:20:12.306099
BND,2020-12-01,79.76,80.5,79.38,79.96,82846619,79.96,0.1999999999999886,0.25,2026-09-14 16:20:12.306099
BND,2020-12-02,79.96,80.74,79.72,80.4,27948508,80.4,0.4400000000000119,0.55,2026-09-14 16:20:12.306099
BND,2020-12-03,80.4,80.82,79.68,80.74,12421823,80.74,0.3399999999999892,0.42,2026-09-14 16:20:12.306099
BND,2020-12-04,80.74,80.79,80.06,80.69,29034687,80.69,-0.0499999999999971,-0.06,2026-09-14 16:20:12.306099
BND,2020-12-07,80.69,81.52,80.17,80.78,26048796,80.78,0.0900000000000034,0.11,2026-09-14 16:20:12.306099
BND,2020-12-08,80.78,81.14,80.61,80.62,53808847,80.62,-0.1599999999999966,-0.2,2026-09-14 16:20:12.306099
BND,2020-12-09,80.62,81.6,80.01,81.25,73497329,81.25,0.6299999999999955,0.78,2026-09-14 16:20:12.306099
BND,2020-12-10,81.25,81.58,80.66,81.32,43202657,81.32,0.0699999999999931,0.09,2026-09-14 16:20:12.306099
BND,2020-12-11,81.32,81.71,80.61,81.45,35505020,81.45,0.1300000000000096,0.16,2026-09-14 16:20:12.306099
BND,2020-12-14,81.45,81.89,81.4,81.78,97902311,81.78,0.3299999999999983,0.41,2026-09-14 16:20:12.306099
BND,2020-12-15,81.78,82.46,81.15,81.86,41708529,81.86,0.0799999999999983,0.1,2026-09-14 16:20:12.306099
BND,2020-12-16,81.86,82.65,81.16,81.77,74055981,81.77,-0.0900000000000034,-0.11,2026-09-14 16:20:12.306099
BND,2020-12-17,81.77,82.65,81.7,81.96,77471534,81.96,0.1899999999999977,0.23,2026-09-14 16:20:12.306099
BND,2020-12-18,81.96,82.43,80.89,81.62,64451760,81.62,-0.3399999999999892,-0.41,2026-09-14 16:20:12.306099
BND,2020-12-21,81.62,82.21,80.76,81.52,67781075,81.52,-0.1000000000000085,-0.12,2026-09-14 16:20:12.306099
BND,2020-12-22,81.52,82.52,80.82,81.84,40969036,81.84,0.3200000000000074,0.39,2026-09-14 16:20:12.306099
BND,2020-12-23,81.84,82.54,80.58,81.32,23215734,81.32,-0.5200000000000102,-0.64,2026-09-14 16:20:12.306099
BND,2020-12-24,81.32,81.75,80.7,81.46,88748304,81.46,0.1400000000000005,0.17,2026-09-14 16:20:12.306099
BND,2020-12-25,81.46,81.75,81.22,81.66,87132070,81.66,0.2000000000000028,0.25,2026-09-14 16:20:12.306099
BND,2020-12-28,81.66,82.21,81.41,82.13,82603571,82.13,0.4699999999999988,0.58,2026-09-14 16:20:12.306099
BND,2020-12-29,82.13,82.85,81.87,82.71,95822315,82.71,0.5799999999999983,0.71,2026-09-14 16:20:12.306099
BND,2020-12-30,82.71,83.07,82.44,82.57,37409887,82.57,-0.1400000000000005,-0.17,2026-09-14 16:20:12.306099
BND,2020-12-31,82.57,83.22,81.94,82.3,90428703,82.3,-0.269999999999996,-0.33,2026-09-14 16:20:12.306099
BND,2021-01-01,82.3,83.01,82.23,82.26,41250726,82.26,-0.039999999999992,-0.05,2026-09-14 16:20:12.306099
BND,2021-01-04,82.26,83.46,81.64,82.72,70287923,82.72,0.4599999999999937,0.56,2026-09-14 16:20:12.306099
BND,2021-01-05,82.72,83.3,82.19,82.4,51961321,82.4,-0.3199999999999932,-0.39,2026-09-14 16:20:12.306099
BND,2021-01-06,82.4,83.0,81.67,82.51,52646017,82.51,0.1099999999999994,0.13,2026-09-14 16:20:12.306099
BND,2021-01-07,82.51,82.69,81.49,82.18,10784885,82.18,-0.3299999999999983,-0.4,2026-09-14 16:20:12.306099
BND,2021-01-08,82.18,82.23,81.31,81.63,82015860,81.63,-0.5500000000000114,-0.67,2026-09-14 16:20:12.306099
BND,2021-01-11,81.63,82.3,81.22,81.3,56038800,81.3,-0.3299999999999983,-0.4,2026-09-14 16:20:12.306099
BND,2021-01-12,81.3,82.18,81.22,81.46,40474061,81.46,0.1599999999999966,0.2,2026-09-14 16:20:12.306099
BND,2021-01-13,81.46,82.25,80.7,81.39,86184555,81.39,-0.0699999999999931,-0.09,2026-09-14 16:20:12.306099
BND,2021-01-14,81.39,81.85,80.62,81.32,88266302,81.32,-0.0700000000000073,-0.09,2026-09-14 16:20:12.306099
BND,2021-01-15,81.32,81.99,80.35,81.06,20240373,81.06,-0.2599999999999909,-0.32,2026-09-14 16:20:12.306099
BND,2021-01-18,81.06,82.11,80.62,81.32,25881747,81.32,0.2599999999999909,0.32,2026-09-14 16:20:12.306099
BND,2021-01-19,81.32,81.84,80.64,81.31,83095905,81.31,-0.0099999999999909,-0.01,2026-09-14 16:20:12.306099
BND,2021-01-20,81.31,81.75,81.29,81.38,89934051,81.38,0.0699999999999931,0.09,2026-09-14 16:20:12.306099
BND,2021-01-21,81.38,81.89,80.73,81.2,66297649,81.2,-0.1799999999999926,-0.22,2026-09-14 16:20:12.306099
BND,2021-01-22,81.2,81.78,80.12,80.63,18127022,80.63,-0.5700000000000074,-0.7,2026-09-14 16:20:12.306099
BND,2021-01-25,80.63,81.07,79.58,79.83,78429779,79.83,-0.7999999999999972,-0.99,2026-09-14 16:20:12.306099
BND,2021-01-26,79.83,80.77,79.72,80.11,79245330,80.11,0.2800000000000011,0.35,2026-09-14 16:20:12.306099
BND,2021-01-27,80.11,80.53,79.72,79.98,67360099,79.98,-0.1299999999999954,-0.16,2026-09-14 16:20:12.306099
BND,2021-01-28,79.98,81.09,79.52,80.45,96154583,80.45,0.4699999999999988,0.59,2026-09-14 16:20:12.306099
BND,2021-01-29,80.45,81.47,79.78,80.98,29771431,80.98,0.5300000000000011,0.66,2026-09-14 16:20:12.306099
BND,2021-02-01,80.98,81.3,80.35,80.95,12202246,80.95,-0.0300000000000011,-0.04,2026-09-14 16:20:12.306099
BND,2021-02-02,80.95,81.48,80.23,80.6,31417443,80.6,-0.3500000000000085,-0.43,2026-09-14 16:20:12.306099
BND,2021-02-03,80.6,81.47,80.44,80.78,43045494,80.78,0.1800000000000068,0.22,2026-09-14 16:20:12.306099
BND,2021-02-04,80.78,81.52,80.17,80.2,57729877,80.2,-0.5799999999999983,-0.72,2026-09-14 16:20:12.306099
BND,2021-02-05,80.2,80.94,79.68,80.03,47659330,80.03,-0.1700000000000017,-0.21,2026-09-14 16:20:12.306099
BND,2021-02-08,80.03,80.53,79.92,80.07,81905950,80.07,0.039999999999992,0.05,2026-09-14 16:20:12.306099
BND,2021-02-09,80.07,80.52,78.93,79.6,26663389,79.6,-0.4699999999999988,-0.59,2026-09-14 16:20:12.306099
BND,2021-02-10,79.6,79.93,78.7,79.32,15269099,79.32,-0.2800000000000011,-0.35,2026-09-14 16:20:12.306099
BND,2021-02-11,79.32,79.88,78.88,79.48,60794734,79.48,0.1600000000000108,0.2,2026-09-14 16:20:12.306099
BND,2021-02-12,79.48,79.68,78.54,79.14,47104130,79.14,-0.3400000000000034,-0.43,2026-09-14 16:20:12.306099
BND,2021-02-15,79.14,80.24,79.1,79.49,50471232,79.49,0.3499999999999943,0.44,2026-09-14 16:20:12.306099
BND,2021-02-16,79.49,79.57,78.54,79.29,96531363,79.29,-0.1999999999999886,-0.25,2026-09-14 16:20:12.306099
BND,2021-02-17,79.29,80.04,79.03,79.05,98280639,79.05,-0.2400000000000091,-0.3,2026-09-14 16:20:12.306099
BND,2021-02-18,79.05,79.22,78.34,78.81,81846942,78.81,-0.2399999999999948,-0.3,2026-09-14 16:20:12.306099
BND,2021-02-19,78.81,79.24,78.32,78.96,23238464,78.96,0.1499999999999914,0.19,2026-09-14 16:20:12.306099
BND,2021-02-22,78.96,79.25,78.36,78.76,27590550,78.76,-0.1999999999999886,-0.25,2026-09-14 16:20:12.306099
BND,2021-02-23,78.76,79.28,78.34,78.42,70105665,78.42,-0.3400000000000034,-0.43,2026-09-14 16:20:12.306099
BND,2021-02-24,78.42,79.1,78.12,78.58,86144696,78.58,0.1599999999999966,0.2,2026-09-14 16:20:12.306099
BND,2021-02-25,78.58,79.52,78.36,78.81,13828798,78.81,0.2300000000000039,0.29,2026-09-14 16:20:12.306099
BND,2021-02-26,78.81,78.99,78.25,78.61,82208278,78.61,-0.2000000000000028,-0.25,2026-09-14 16:20:12.306099
BND,2021-03-01,78.61,79.08,77.67,78.44,51737598,78.44,-0.1700000000000017,-0.22,2026-09-14 16:20:12.306099
BND,2021-03-02,78.44,79.08,78.09,78.26,25861492,78.26,-0.1799999999999926,-0.23,2026-09-14 16:20:12.306099
BND,2021-03-03,78.26,78.98,78.01,78.72,37249437,78.72,0.4599999999999937,0.59,2026-09-14 16:20:12.306099
BND,2021-03-04,78.72,79.31,77.82,78.55,18464507,78.55,-0.1700000000000017,-0.22,2026-09-14 16:20:12.306099
BND,2021-03-05,78.55,79.02,78.43,78.51,43368785,78.51,-0.039999999999992,-0.05,2026-09-14 16:20:12.306099
BND,2021-03-08,78.51,79.47,78.0,78.95,87365451,78.95,0.4399999999999977,0.56,2026-09-14 16:20:12.306099
BND,2021-03-09,78.95,79.54,78.07,78.66,31527508,78.66,-0.2900000000000062,-0.37,2026-09-14 16:20:12.306099
BND,2021-03-10,78.66,79.92,78.44,79.38,50661999,79.38,0.7199999999999989,0.92,2026-09-14 16:20:12.306099
BND,2021-03-11,79.38,79.99,79.29,79.3,55092395,79.3,-0.0799999999999983,-0.1,2026-09-14 16:20:12.306099
BND,2021-03-12,79.3,80.06,78.76,79.55,55101385,79.55,0.25,0.32,2026-09-14 16:20:12.306099
BND,2021-03-15,79.55,79.87,79.3,79.62,77060535,79.62,0.0700000000000073,0.09,2026-09-14 16:20:12.306099
BND,2021-03-16,79.62,80.26,79.1,79.64,89602721,79.64,0.019999999999996,0.03,2026-09-14 16:20:12.306099
BND,2021-03-17,79.64,80.05,79.61,79.65,92125591,79.65,0.0100000000000051,0.01,2026-09-14 16:20:12.306099
BND,2021-03-18,79.65,80.41,79.07,79.91,35589597,79.91,0.2599999999999909,0.33,2026-09-14 16:20:12.306099
BND,2021-03-19,79.91,80.55,79.23,79.3,96293520,79.3,-0.6099999999999994,-0.76,2026-09-14 16:20:12.306099
BND,2021-03-22,79.3,80.17,78.66,79.41,36487998,79.41,0.1099999999999994,0.14,2026-09-14 16:20:12.306099
BND,2021-03-23,79.41,79.74,78.81,79.64,23827569,79.64,0.2300000000000039,0.29,2026-09-14 16:20:12.306099
BND,2021-03-24,79.64,79.96,79.07,79.9,26758339,79.9,0.2600000000000051,0.33,2026-09-14 16:20:12.306099
BND,2021-03-25,79.9,80.04,79.46,79.71,94709029,79.71,-0.1900000000000119,-0.24,2026-09-14 16:20:12.306099
BND,2021-03-26,79.71,80.73,79.57,80.52,11701127,80.52,0.8100000000000023,1.02,2026-09-14 16:20:12.306099
BND,2021-03-29,80.52,80.61,80.03,80.05,19268173,80.05,-0.4699999999999988,-0.58,2026-09-14 16:20:12.306099
BND,2021-03-30,80.05,80.65,79.67,79.72,71080653,79.72,-0.3299999999999983,-0.41,2026-09-14 16:20:12.306099
BND,2021-03-31,79.72,80.78,79.58,80.08,81484093,80.08,0.3599999999999994,0.45,2026-09-14 16:20:12.306099
BND,2021-04-01,80.08,81.42,79.43,80.64,21139138,80.64,0.5600000000000023,0.7,2026-09-14 16:20:12.306099
BND,2021-04-02,80.64,81.36,80.47,80.71,24867766,80.71,0.0699999999999931,0.09,2026-09-14 16:20:12.306099
BND,2021-04-05,80.71,80.94,80.08,80.81,46473332,80.81,0.1000000000000085,0.12,2026-09-14 16:20:12.306099
BND,2021-04-06,80.81,80.89,79.81,80.39,56072023,80.39,-0.4200000000000017,-0.52,2026-09-14 16:20:12.306099
BND,2021-04-07,80.39,80.66,80.3,80.5,27659826,80.5,0.1099999999999994,0.14,2026-09-14 16:20:12.306099
BND,2021-04-08,80.5,81.29,79.85,79.95,28076585,79.95,-0.5499999999999972,-0.68,2026-09-14 16:20:12.306099
BND,2021-04-09,79.95,80.14,79.61,79.79,70507880,79.79,-0.1599999999999966,-0.2,2026-09-14 16:20:12.306099
BND,2021-04-12,79.79,80.45,79.23,79.74,35939324,79.74,-0.0500000000000113,-0.06,2026-09-14 16:20:12.306099
BND,2021-04-13,79.74,80.73,79.44,80.04,76282364,80.04,0.3000000000000113,0.38,2026-09-14 16:20:12.306099
BND,2021-04-14,80.04,80.47,79.13,79.71,15447463,79.71,-0.3300000000000125,-0.41,2026-09-14 16:20:12.306099
BND,2021-04-15,79.71,79.79,78.79,79.37,64702563,79.37,-0.3399999999999892,-0.43,2026-09-14 16:20:12.306099
BND,2021-04-16,79.37,79.43,78.46,79.19,38350334,79.19,-0.1800000000000068,-0.23,2026-09-14 16:20:12.306099
BND,2021-04-19,79.19,79.27,78.62,79.08,33908810,79.08,-0.1099999999999994,-0.14,2026-09-14 16:20:12.306099
BND,2021-04-20,79.08,79.95,79.07,79.41,60910715,79.41,0.3299999999999983,0.42,2026-09-14 16:20:12.306099
BND,2021-04-21,79.41,79.42,78.53,79.02,28442292,79.02,-0.3900000000000005,-0.49,2026-09-14 16:20:12.306099
BND,2021-04-22,79.02,79.47,78.81,78.98,98121469,78.98,-0.039999999999992,-0.05,2026-09-14 16:20:12.306099
BND,2021-04-23,78.98,79.11,78.43,78.84,96341415,78.84,-0.1400000000000005,-0.18,2026-09-14 16:20:12.306099
BND,2021-04-26,78.84,79.17,78.28,78.64,35209319,78.64,-0.2000000000000028,-0.25,2026-09-14 16:20:12.306099
BND,2021-04-27,78.64,79.19,77.94,78.73,76215676,78.73,0.0900000000000034,0.11,2026-09-14 16:20:12.306099
BND,2021-04-28,78.73,79.33,78.73,79.01,37714634,79.01,0.2800000000000011,0.36,2026-09-14 16:20:12.306099
BND,2021-04-29,79.01,79.24,78.24,78.91,52964579,78.91,-0.1000000000000085,-0.13,2026-09-14 16:20:12.306099
BND,2021-04-30,78.91,79.61,78.15,78.69,90759358,78.69,-0.2199999999999988,-0.28,2026-09-14 16:20:12.306099
BND,2021-05-03,78.69,79.32,78.46,78.88,36832816,78.88,0.1899999999999977,0.24,2026-09-14 16:20:12.306099
BND,2021-05-04,78.88,78.92,78.13,78.87,39435382,78.87,-0.0099999999999909,-0.01,2026-09-14 16:20:12.306099
BND,2021-05-05,78.87,79.43,78.12,79.17,13282662,79.17,0.2999999999999971,0.38,2026-09-14 16:20:12.306099
BND,2021-05-06,79.17,79.52,78.46,79.3,84752402,79.3,0.1299999999999954,0.16,2026-09-14 16:20:12.306099
BND,2021-05-07,79.3,79.76,78.68,78.85,29362444,78.85,-0.4500000000000028,-0.57,2026-09-14 16:20:12.306099
BND,2021-05-10,78.85,79.47,78.48,79.37,33023956,79.37,0.5200000000000102,0.66,2026-09-14 16:20:12.306099
BND,2021-05-11,79.37,80.14,79.2,79.7,93381908,79.7,0.3299999999999983,0.42,2026-09-14 16:20:12.306099
BND,2021-05-12,79.7,79.91,78.5,79.26,34096502,79.26,-0.4399999999999977,-0.55,2026-09-14 16:20:12.306099
BND,2021-05-13,79.26,79.78,79.13,79.47,71831452,79.47,0.2099999999999937,0.26,2026-09-14 16:20:12.306099
BND,2021-05-14,79.47,80.18,79.15,79.35,25320779,79.35,-0.1200000000000045,-0.15,2026-09-14 16:20:12.306099
BND,2021-05-17,79.35,79.46,77.97,78.71,74570202,78.71,-0.6400000000000006,-0.81,2026-09-14 16:20:12.306099
BND,2021-05-18,78.71,79.52,78.52,78.93,22659097,78.93,0.220000000000013,0.28,2026-09-14 16:20:12.306099
BND,2021-05-19,78.93,79.86,78.67,79.2,10860664,79.2,0.269999999999996,0.34,2026-09-14 16:20:12.306099
BND,2021-05-20,79.2,79.49,78.77,79.33,11339204,79.33,0.1299999999999954,0.16,2026-09-14 16:20:12.306099
BND,2021-05-21,79.33,79.69,78.63,79.38,74963241,79.38,0.0499999999999971,0.06,2026-09-14 16:20:12.306099
BND,2021-05-24,79.38,80.1,78.75,79.47,69706859,79.47,0.0900000000000034,0.11,2026-09-14 16:20:12.306099
BND,2021-05-25,79.47,80.44,79.3,79.8,44339129,79.8,0.3299999999999983,0.42,2026-09-14 16:20:12.306099
BND,2021-05-26,79.8,80.2,78.75,79.51,65403853,79.51,-0.289999999999992,-0.36,2026-09-14 16:20:12.306099
BND,2021-05-27,79.51,80.51,78.95,79.75,33947247,79.75,0.2399999999999948,0.3,2026-09-14 16:20:12.306099
BND,2021-05-28,79.75,80.03,79.21,79.62,53130056,79.62,-0.1299999999999954,-0.16,2026-09-14 16:20:12.306099
BND,2021-05-31,79.62,80.15,79.35,79.94,69414416,79.94,0.3199999999999932,0.4,2026-09-14 16:20:12.306099
BND,2021-06-01,79.94,80.11,79.18,79.93,79956739,79.93,-0.0099999999999909,-0.01,2026-09-14 16:20:12.306099
BND,2021-06-02,79.93,80.22,79.28,79.65,70641954,79.65,-0.2800000000000011,-0.35,2026-09-14 16:20:12.306099
BND,2021-06-03,79.65,80.56,79.61,79.94,83713666,79.94,0.289999999999992,0.36,2026-09-14 16:20:12.306099
BND,2021-06-04,79.94,80.64,79.66,79.69,21504918,79.69,-0.25,-0.31,2026-09-14 16:20:12.306099
BND,2021-06-07,79.69,79.87,79.15,79.47,68993380,79.47,-0.2199999999999988,-0.28,2026-09-14 16:20:12.306099
BND,2021-06-08,79.47,79.89,79.02,79.45,38737458,79.45,-0.019999999999996,-0.03,2026-09-14 16:20:12.306099
BND,2021-06-09,79.45,79.71,79.21,79.62,18728327,79.62,0.1700000000000017,0.21,2026-09-14 16:20:12.306099
BND,2021-06-10,79.62,80.09,79.26,79.36,19055601,79.36,-0.2600000000000051,-0.33,2026-09-14 16:20:12.306099
BND,2021-06-11,79.36,79.68,78.88,79.58,41681006,79.58,0.2199999999999988,0.28,2026-09-14 16:20:12.306099
BND,2021-06-14,79.58,80.26,79.54,79.69,90592129,79.69,0.1099999999999994,0.14,2026-09-14 16:20:12.306099
BND,2021-06-15,79.69,80.05,79.16,79.81,74617652,79.81,0.1200000000000045,0.15,2026-09-14 16:20:12.306099
BND,2021-06-16,79.81,80.09,79.64,79.77,63409920,79.77,-0.0400000000000062,-0.05,2026-09-14 16:20:12.306099
BND,2021-06-17,79.77,80.1,78.58,79.37,25877314,79.37,-0.3999999999999915,-0.5,2026-09-14 16:20:12.306099
BND,2021-06-18,79.37,80.24,78.83,79.5,19839366,79.5,0.1299999999999954,0.16,2026-09-14 16:20:12.306099
BND,2021-06-21,79.5,79.92,79.02,79.85,99833392,79.85,0.3499999999999943,0.44,2026-09-14 16:20:12.306099
BND,2021-06-22,79.85,80.56,79.4,80.35,61206560,80.35,0.5,0.63,2026-09-14 16:20:12.306099
BND,2021-06-23,80.35,80.95,79.92,79.99,66073625,79.99,-0.3599999999999994,-0.45,2026-09-14 16:20:12.306099
BND,2021-06-24,79.99,80.1,79.33,79.84,70574447,79.84,-0.1499999999999914,-0.19,2026-09-14 16:20:12.306099
BND,2021-06-25,79.84,80.71,79.43,80.07,35717900,80.07,0.2299999999999897,0.29,2026-09-14 16:20:12.306099
BND,2021-06-28,80.07,81.03,80.0,80.27,95147315,80.27,0.2000000000000028,0.25,2026-09-14 16:20:12.306099
BND,2021-06-29,80.27,80.44,79.85,80.35,13145617,80.35,0.0799999999999983,0.1,2026-09-14 16:20:12.306099
BND,2021-06-30,80.35,81.45,80.06,80.7,55776265,80.7,0.3500000000000085,0.44,2026-09-14 16:20:12.306099
BND,2021-07-01,80.7,81.14,79.89,80.54,29373244,80.54,-0.1599999999999966,-0.2,2026-09-14 16:20:12.306099
BND,2021-07-02,80.54,81.04,79.94,80.76,73183479,80.76,0.2199999999999988,0.27,2026-09-14 16:20:12.306099
BND,2021-07-05,80.76,81.3,80.27,81.0,68597666,81.0,0.2399999999999948,0.3,2026-09-14 16:20:12.306099
BND,2021-07-06,81.0,81.46,80.11,80.81,32391872,80.81,-0.1899999999999977,-0.23,2026-09-14 16:20:12.306099
BND,2021-07-07,80.81,81.9,80.76,81.12,91266009,81.12,0.3100000000000023,0.38,2026-09-14 16:20:12.306099
BND,2021-07-08,81.12,81.86,79.93,80.38,83890785,80.38,-0.7400000000000091,-0.91,2026-09-14 16:20:12.306099
BND,2021-07-09,80.38,81.25,80.09,80.82,10257311,80.82,0.4399999999999977,0.55,2026-09-14 16:20:12.306099
BND,2021-07-12,80.82,81.6,80.6,80.83,77666719,80.83,0.0100000000000051,0.01,2026-09-14 16:20:12.306099
BND,2021-07-13,80.83,81.1,80.03,80.85,14227693,80.85,0.019999999999996,0.02,2026-09-14 16:20:12.306099
BND,2021-07-14,80.85,81.22,80.45,80.51,29268658,80.51,-0.3399999999999892,-0.42,2026-09-14 16:20:12.306099
BND,2021-07-15,80.51,80.6,79.25,79.89,66255489,79.89,-0.6200000000000045,-0.77,2026-09-14 16:20:12.306099
BND,2021-07-16,79.89,80.12,79.36,79.47,81784116,79.47,-0.4200000000000017,-0.53,2026-09-14 16:20:12.306099
BND,2021-07-19,79.47,79.48,78.84,79.28,53452331,79.28,-0.1899999999999977,-0.24,2026-09-14 16:20:12.306099
BND,2021-07-20,79.28,79.3,79.17,79.2,41443129,79.2,-0.0799999999999983,-0.1,2026-09-14 16:20:12.306099
BND,2021-07-21,79.2,79.73,78.46,78.68,29446079,78.68,-0.519999999999996,-0.66,2026-09-14 16:20:12.306099
BND,2021-07-22,78.68,78.7,77.99,78.42,48168877,78.42,-0.2600000000000051,-0.33,2026-09-14 16:20:12.306099
BND,2021-07-23,78.42,79.38,78.25,78.96,60788944,78.96,0.539999999999992,0.69,2026-09-14 16:20:12.306099
BND,2021-07-26,78.96,79.28,78.47,78.87,12853092,78.87,-0.0899999999999892,-0.11,2026-09-14 16:20:12.306099
BND,2021-07-27,78.87,80.02,78.12,79.42,28281371,79.42,0.5499999999999972,0.7,2026-09-14 16:20:12.306099
BND,2021-07-28,79.42,80.06,78.71,79.82,46617144,79.82,0.3999999999999915,0.5,2026-09-14 16:20:12.306099
BND,2021-07-29,79.82,80.41,79.72,79.75,59393306,79.75,-0.0699999999999931,-0.09,2026-09-14 16:20:12.306099
BND,2021-07-30,79.75,80.72,79.17,80.21,39248954,80.21,0.4599999999999937,0.58,2026-09-14 16:20:12.306099
BND,2021-08-02,80.21,80.71,80.11,80.29,89355358,80.29,0.0800000000000125,0.1,2026-09-14 16:20:12.306099
BND,2021-08-03,80.29,81.04,79.71,80.3,32032590,80.3,0.0099999999999909,0.01,2026-09-14 16:20:12.306099
BND,2021-08-04,80.3,80.61,80.03,80.06,46949333,80.06,-0.2399999999999948,-0.3,2026-09-14 16:20:12.306099
BND,2021-08-05,80.06,80.06,78.86,79.54,22948698,79.54,-0.519999999999996,-0.65,2026-09-14 16:20:12.306099
BND,2021-08-06,79.54,80.16,79.05,79.54,25241610,79.54,0.0,0.0,2026-09-14 16:20:12.306099
BND,2021-08-09,79.54,80.14,78.49,79.16,38678838,79.16,-0.3800000000000096,-0.48,2026-09-14 16:20:12.306099
BND,2021-08-10,79.16,79.85,78.98,79.37,80280556,79.37,0.2100000000000079,0.27,2026-09-14 16:20:12.306099
BND,2021-08-11,79.37,80.17,78.6,79.56,62609265,79.56,0.1899999999999977,0.24,2026-09-14 16:20:12.306099
BND,2021-08-12,79.56,80.07,79.31,79.46,81937736,79.46,-0.1000000000000085,-0.13,2026-09-14 16:20:12.306099
BND,2021-08-13,79.46,80.61,79.26,79.83,39981296,79.83,0.3700000000000045,0.47,2026-09-14 16:20:12.306099
BND,2021-08-16,79.83,79.88,79.27,79.77,58192844,79.77,-0.0600000000000022,-0.08,2026-09-14 16:20:12.306099
BND,2021-08-17,79.77,79.9,78.96,79.61,11390063,79.61,-0.1599999999999966,-0.2,2026-09-14 16:20:12.306099
BND,2021-08-18,79.61,80.19,78.39,78.9,46856589,78.9,-0.7099999999999937,-0.89,2026-09-14 16:20:12.306099
BND,2021-08-19,78.9,79.68,78.8,79.05,35270873,79.05,0.1499999999999914,0.19,2026-09-14 16:20:12.306099
BND,2021-08-20,79.05,79.29,78.55,78.75,97603349,78.75,-0.2999999999999971,-0.38,2026-09-14 16:20:12.306099
BND,2021-08-23,78.75,79.32,78.4,79.2,80890581,79.2,0.4500000000000028,0.57,2026-09-14 16:20:12.306099
BND,2021-08-24,79.2,79.84,78.42,79.24,11516152,79.24,0.039999999999992,0.05,2026-09-14 16:20:12.306099
BND,2021-08-25,79.24,79.33,78.08,78.8,94177648,78.8,-0.4399999999999977,-0.56,2026-09-14 16:20:12.306099
BND,2021-08-26,78.8,79.45,78.19,78.68,19043990,78.68,-0.1199999999999903,-0.15,2026-09-14 16:20:12.306099
BND,2021-08-27,78.68,79.82,78.44,79.05,10102669,79.05,0.3699999999999903,0.47,2026-09-14 16:20:12.306099
BND,2021-08-30,79.05,79.76,78.7,79.43,74135090,79.43,0.3800000000000096,0.48,2026-09-14 16:20:12.306099
BND,2021-08-31,79.43,80.28,79.35,80.04,84462626,80.04,0.6099999999999994,0.77,2026-09-14 16:20:12.306099
BND,2021-09-01,80.04,80.58,78.58,79.26,11595014,79.26,-0.7800000000000011,-0.97,2026-09-14 16:20:12.306099
BND,2021-09-02,79.26,79.85,78.06,78.81,31023172,78.81,-0.4500000000000028,-0.57,2026-09-14 16:20:12.306099
BND,2021-09-03,78.81,79.33,77.8,78.52,99340242,78.52,-0.2900000000000062,-0.37,2026-09-14 16:20:12.306099
BND,2021-09-06,78.52,79.11,78.39,78.68,72457783,78.68,0.1600000000000108,0.2,2026-09-14 16:20:12.306099
BND,2021-09-07,78.68,79.31,78.17,78.44,96693761,78.44,-0.2400000000000091,-0.31,2026-09-14 16:20:12.306099
BND,2021-09-08,78.44,78.83,77.34,77.78,58286247,77.78,-0.6599999999999966,-0.84,2026-09-14 16:20:12.306099
BND,2021-09-09,77.78,78.25,77.67,77.73,26186648,77.73,-0.0499999999999971,-0.06,2026-09-14 16:20:12.306099
BND,2021-09-10,77.73,78.27,77.13,77.53,41995700,77.53,-0.2000000000000028,-0.26,2026-09-14 16:20:12.306099
BND,2021-09-13,77.53,78.14,76.87,77.25,58491021,77.25,-0.2800000000000011,-0.36,2026-09-14 16:20:12.306099
BND,2021-09-14,77.25,77.69,77.04,77.48,15715070,77.48,0.2300000000000039,0.3,2026-09-14 16:20:12.306099
BND,2021-09-15,77.48,77.88,77.25,77.67,99415010,77.67,0.1899999999999977,0.25,2026-09-14 16:20:12.306099
BND,2021-09-16,77.67,78.1,77.37,77.7,36117200,77.7,0.0300000000000011,0.04,2026-09-14 16:20:12.306099
BND,2021-09-17,77.7,78.37,77.32,77.69,74790127,77.69,-0.0100000000000051,-0.01,2026-09-14 16:20:12.306099
BND,2021-09-20,77.69,78.12,77.16,78.11,20677663,78.11,0.4200000000000017,0.54,2026-09-14 16:20:12.306099
BND,2021-09-21,78.11,79.1,78.06,78.43,99065213,78.43,0.3200000000000074,0.41,2026-09-14 16:20:12.306099
BND,2021-09-22,78.43,78.74,78.25,78.26,62814077,78.26,-0.1700000000000017,-0.22,2026-09-14 16:20:12.306099
BND,2021-09-23,78.26,78.43,77.26,77.64,11151033,77.64,-0.6200000000000045,-0.79,2026-09-14 16:20:12.306099
BND,2021-09-24,77.64,78.01,76.59,77.2,74150050,77.2,-0.4399999999999977,-0.57,2026-09-14 16:20:12.306099
BND,2021-09-27,77.2,77.99,77.05,77.26,45135986,77.26,0.0600000000000022,0.08,2026-09-14 16:20:12.306099
BND,2021-09-28,77.26,77.54,76.7,77.51,10439509,77.51,0.25,0.32,2026-09-14 16:20:12.306099
BND,2021-09-29,77.51,78.23,77.07,77.67,48601087,77.67,0.1599999999999966,0.21,2026-09-14 16:20:12.306099
BND,2021-09-30,77.67,78.61,77.05,78.04,84284649,78.04,0.3700000000000045,0.48,2026-09-14 16:20:12.306099
BND,2021-10-01,78.04,78.2,77.88,78.16,68969583,78.16,0.1199999999999903,0.15,2026-09-14 16:20:12.306099
BND,2021-10-04,78.16,78.9,77.4,78.64,18379597,78.64,0.480000000000004,0.61,2026-09-14 16:20:12.306099
BND,2021-10-05,78.64,79.13,78.31,78.75,12300849,78.75,0.1099999999999994,0.14,2026-09-14 16:20:12.306099
BND,2021-10-06,78.75,79.59,78.5,78.98,56526658,78.98,0.2300000000000039,0.29,2026-09-14 16:20:12.306099
BND,2021-10-07,78.98,79.54,78.49,79.25,49071435,79.25,0.269999999999996,0.34,2026-09-14 16:20:12.306099
BND,2021-10-08,79.25,79.82,79.14,79.23,81964286,79.23,-0.019999999999996,-0.03,2026-09-14 16:20:12.306099
BND,2021-10-11,79.23,80.44,78.75,79.7,12482016,79.7,0.4699999999999988,0.59,2026-09-14 16:20:12.306099
BND,2021-10-12,79.7,80.34,79.0,80.24,95349727,80.24,0.539999999999992,0.68,2026-09-14 16:20:12.306099
BND,2021-10-13,80.24,80.95,79.75,80.52,48596965,80.52,0.2800000000000011,0.35,2026-09-14 16:20:12.306099
BND,2021-10-14,80.52,81.27,79.82,80.08,38156299,80.08,-0.4399999999999977,-0.55,2026-09-14 16:20:12.306099
BND,2021-10-15,80.08,81.02,79.33,80.22,41448913,80.22,0.1400000000000005,0.17,2026-09-14 16:20:12.306099
BND,2021-10-18,80.22,80.87,79.83,80.17,97100924,80.17,-0.0499999999999971,-0.06,2026-09-14 16:20:12.306099
BND,2021-10-19,80.17,80.9,80.09,80.29,73191496,80.29,0.1200000000000045,0.15,2026-09-14 16:20:12.306099
BND,2021-10-20,80.29,80.59,79.2,79.9,46732765,79.9,-0.3900000000000005,-0.49,2026-09-14 16:20:12.306099
BND,2021-10-21,79.9,80.42,79.51,79.59,53114116,79.59,-0.3100000000000023,-0.39,2026-09-14 16:20:12.306099
BND,2021-10-22,79.59,80.15,78.86,79.84,30898197,79.84,0.25,0.31,2026-09-14 16:20:12.306099
BND,2021-10-25,79.84,79.92,78.67,79.2,96911700,79.2,-0.6400000000000006,-0.8,2026-09-14 16:20:12.306099
BND,2021-10-26,79.2,79.91,78.3,79.08,67765909,79.08,-0.1200000000000045,-0.15,2026-09-14 16:20:12.306099
BND,2021-10-27,79.08,79.27,78.74,79.25,35943881,79.25,0.1700000000000017,0.21,2026-09-14 16:20:12.306099
BND,2021-10-28,79.25,80.01,78.76,79.47,93840281,79.47,0.2199999999999988,0.28,2026-09-14 16:20:12.306099
BND,2021-10-29,79.47,80.53,79.39,79.77,41231579,79.77,0.2999999999999971,0.38,2026-09-14 16:20:12.306099
BND,2021-11-01,79.77,80.04,79.19,79.74,79787675,79.74,-0.0300000000000011,-0.04,2026-09-14 16:20:12.306099
BND,2021-11-02,79.74,80.05,79.59,79.9,14708262,79.9,0.1600000000000108,0.2,2026-09-14 16:20:12.306099
BND,2021-11-03,79.9,80.01,79.13,79.38,85639088,79.38,-0.5200000000000102,-0.65,2026-09-14 16:20:12.306099
BND,2021-11-04,79.38,80.03,79.18,79.18,61122181,79.18,-0.1999999999999886,-0.25,2026-09-14 16:20:12.306099
BND,2021-11-05,79.18,79.48,78.67,79.01,94864668,79.01,-0.1700000000000017,-0.21,2026-09-14 16:20:12.306099
BND,2021-11-08,79.01,79.27,78.5,79.05,95667892,79.05,0.039999999999992,0.05,2026-09-14 16:20:12.306099
BND,2021-11-09,79.05,79.82,78.88,79.18,23779715,79.18,0.1300000000000096,0.16,2026-09-14 16:20:12.306099
BND,2021-11-10,79.18,79.29,78.59,79.28,17850556,79.28,0.0999999999999943,0.13,2026-09-14 16:20:12.306099
BND,2021-11-11,79.28,80.03,78.6,79.54,84034584,79.54,0.2600000000000051,0.33,2026-09-14 16:20:12.306099
BND,2021-11-12,79.54,79.99,79.41,79.69,67211463,79.69,0.1499999999999914,0.19,2026-09-14 16:20:12.306099
BND,2021-11-15,79.69,80.14,78.93,80.07,38297756,80.07,0.3799999999999954,0.48,2026-09-14 16:20:12.306099
BND,2021-11-16,80.07,80.8,79.6,80.07,75975460,80.07,0.0,0.0,2026-09-14 16:20:12.306099
BND,2021-11-17,80.07,80.48,79.55,80.15,32586823,80.15,0.0800000000000125,0.1,2026-09-14 16:20:12.306099
BND,2021-11-18,80.15,80.34,79.57,79.74,11046218,79.74,-0.4100000000000108,-0.51,2026-09-14 16:20:12.306099
BND,2021-11-19,79.74,80.01,79.13,79.81,61273891,79.81,0.0700000000000073,0.09,2026-09-14 16:20:12.306099
BND,2021-11-22,79.81,80.27,79.29,79.47,48295205,79.47,-0.3400000000000034,-0.43,2026-09-14 16:20:12.306099
BND,2021-11-23,79.47,80.04,78.9,79.42,35333510,79.42,-0.0499999999999971,-0.06,2026-09-14 16:20:12.306099
BND,2021-11-24,79.42,80.51,78.65,80.01,41348882,80.01,0.5900000000000034,0.74,2026-09-14 16:20:12.306099
BND,2021-11-25,80.01,80.71,79.83,80.26,14759949,80.26,0.25,0.31,2026-09-14 16:20:12.306099
BND,2021-11-26,80.26,80.5,79.48,80.03,73065444,80.03,-0.2300000000000039,-0.29,2026-09-14 16:20:12.306099
BND,2021-11-29,80.03,80.82,79.53,80.39,52174444,80.39,0.3599999999999994,0.45,2026-09-14 16:20:12.306099
BND,2021-11-30,80.39,80.46,79.6,80.4,13010582,80.4,0.0100000000000051,0.01,2026-09-14 16:20:12.306099
BND,2021-12-01,80.4,81.31,80.33,80.74,33595547,80.74,0.3399999999999892,0.42,2026-09-14 16:20:12.306099
BND,2021-12-02,80.74,81.32,80.16,80.63,15803075,80.63,-0.1099999999999994,-0.14,2026-09-14 16:20:12.306099
BND,2021-12-03,80.63,81.2,79.85,81.03,19712615,81.03,0.4000000000000057,0.5,2026-09-14 16:20:12.306099
BND,2021-12-06,81.03,81.42,80.09,80.55,96084356,80.55,-0.480000000000004,-0.59,2026-09-14 16:20:12.306099
BND,2021-12-07,80.55,81.59,80.19,80.98,69468545,80.98,0.4300000000000068,0.53,2026-09-14 16:20:12.306099
BND,2021-12-08,80.98,81.85,80.91,81.66,19157612,81.66,0.6799999999999926,0.84,2026-09-14 16:20:12.306099
BND,2021-12-09,81.66,82.31,81.17,81.37,57623251,81.37,-0.289999999999992,-0.36,2026-09-14 16:20:12.306099
BND,2021-12-10,81.37,81.99,81.01,81.7,74654372,81.7,0.3299999999999983,0.41,2026-09-14 16:20:12.306099
BND,2021-12-13,81.7,82.13,81.09,81.27,10276984,81.27,-0.4300000000000068,-0.53,2026-09-14 16:20:12.306099
BND,2021-12-14,81.27,82.07,80.46,81.5,26291389,81.5,0.2300000000000039,0.28,2026-09-14 16:20:12.306099
BND,2021-12-15,81.5,82.77,80.97,81.99,96682650,81.99,0.4899999999999949,0.6,2026-09-14 16:20:12.306099
BND,2021-12-16,81.99,82.65,80.72,81.53,66324201,81.53,-0.4599999999999937,-0.56,2026-09-14 16:20:12.306099
BND,2021-12-17,81.53,82.21,81.24,81.33,37245038,81.33,-0.2000000000000028,-0.25,2026-09-14 16:20:12.306099
BND,2021-12-20,81.33,82.03,81.11,81.3,37364029,81.3,-0.0300000000000011,-0.04,2026-09-14 16:20:12.306099
BND,2021-12-21,81.3,81.37,80.44,81.22,54195649,81.22,-0.0799999999999983,-0.1,2026-09-14 16:20:12.306099
BND,2021-12-22,81.22,81.74,80.58,81.52,67060583,81.52,0.2999999999999971,0.37,2026-09-14 16:20:12.306099
BND,2021-12-23,81.52,81.79,80.69,81.42,79530808,81.42,-0.0999999999999943,-0.12,2026-09-14 16:20:12.306099
BND,2021-12-24,81.42,82.08,80.63,81.72,73906326,81.72,0.2999999999999971,0.37,2026-09-14 16:20:12.306099
BND,2021-12-27,81.72,82.59,80.99,81.81,76596867,81.81,0.0900000000000034,0.11,2026-09-14 16:20:12.306099
BND,2021-12-28,81.81,82.28,81.39,81.93,27239260,81.93,0.1200000000000045,0.15,2026-09-14 16:20:12.306099
BND,2021-12-29,81.93,82.23,81.25,81.53,95340538,81.53,-0.4000000000000057,-0.49,2026-09-14 16:20:12.306099
BND,2021-12-30,81.53,82.35,81.3,81.67,12579006,81.67,0.1400000000000005,0.17,2026-09-14 16:20:12.306099
BND,2021-12-31,81.67,82.14,81.3,81.79,38822601,81.79,0.1200000000000045,0.15,2026-09-14 16:20:12.306099
BND,2022-01-03,81.79,82.19,81.47,81.53,41326407,81.53,-0.2600000000000051,-0.32,2026-09-14 16:20:12.306099
BND,2022-01-04,81.53,81.59,80.66,80.83,73051791,80.83,-0.7000000000000028,-0.86,2026-09-14 16:20:12.306099
BND,2022-01-05,80.83,81.52,80.0,80.61,58194611,80.61,-0.2199999999999988,-0.27,2026-09-14 16:20:12.306099
BND,2022-01-06,80.61,80.61,79.99,80.51,36074186,80.51,-0.0999999999999943,-0.12,2026-09-14 16:20:12.306099
BND,2022-01-07,80.51,81.3,80.37,80.51,12919126,80.51,0.0,0.0,2026-09-14 16:20:12.306099
BND,2022-01-10,80.51,80.76,79.98,80.3,17284141,80.3,-0.2100000000000079,-0.26,2026-09-14 16:20:12.306099
BND,2022-01-11,80.3,81.08,79.67,80.23,52644236,80.23,-0.0699999999999931,-0.09,2026-09-14 16:20:12.306099
BND,2022-01-12,80.23,80.92,79.73,80.62,32900505,80.62,0.3900000000000005,0.49,2026-09-14 16:20:12.306099
BND,2022-01-13,80.62,81.33,79.92,80.77,91138501,80.77,0.1499999999999914,0.19,2026-09-14 16:20:12.306099
BND,2022-01-14,80.77,81.5,80.13,81.07,93372015,81.07,0.2999999999999971,0.37,2026-09-14 16:20:12.306099
BND,2022-01-17,81.07,81.4,80.8,80.96,99709190,80.96,-0.1099999999999994,-0.14,2026-09-14 16:20:12.306099
BND,2022-01-18,80.96,81.61,80.58,80.82,95689203,80.82,-0.1400000000000005,-0.17,2026-09-14 16:20:12.306099
BND,2022-01-19,80.82,81.04,80.33,80.88,81370604,80.88,0.0600000000000022,0.07,2026-09-14 16:20:12.306099
BND,2022-01-20,80.88,81.13,80.54,80.85,50934466,80.85,-0.0300000000000011,-0.04,2026-09-14 16:20:12.306099
BND,2022-01-21,80.85,81.55,80.41,80.68,27935060,80.68,-0.1699999999999875,-0.21,2026-09-14 16:20:12.306099
BND,2022-01-24,80.68,81.39,79.98,80.81,29383881,80.81,0.1299999999999954,0.16,2026-09-14 16:20:12.306099
BND,2022-01-25,80.81,81.76,80.37,80.99,42919481,80.99,0.1799999999999926,0.22,2026-09-14 16:20:12.306099
BND,2022-01-26,80.99,81.8,80.2,80.78,29609677,80.78,-0.2099999999999937,-0.26,2026-09-14 16:20:12.306099
BND,2022-01-27,80.78,81.08,80.58,80.92,19997708,80.92,0.1400000000000005,0.17,2026-09-14 16:20:12.306099
BND,2022-01-28,80.92,81.19,80.62,81.09,53757573,81.09,0.1700000000000017,0.21,2026-09-14 16:20:12.306099
BND,2022-01-31,81.09,82.01,80.89,81.33,89838444,81.33,0.2399999999999948,0.3,2026-09-14 16:20:12.306099
BND,2022-02-01,81.33,82.12,81.11,81.25,32117603,81.25,-0.0799999999999983,-0.1,2026-09-14 16:20:12.306099
BND,2022-02-02,81.25,81.37,80.36,80.43,16632749,80.43,-0.8199999999999932,-1.01,2026-09-14 16:20:12.306099
BND,2022-02-03,80.43,81.08,79.23,79.43,94018049,79.43,-1.0,-1.24,2026-09-14 16:20:12.306099
BND,2022-02-04,79.43,79.62,79.11,79.56,16121337,79.56,0.1299999999999954,0.16,2026-09-14 16:20:12.306099
BND,2022-02-07,79.56,80.5,79.01,79.91,71443166,79.91,0.3499999999999943,0.44,2026-09-14 16:20:12.306099
BND,2022-02-08,79.91,80.66,79.03,79.77,76553992,79.77,-0.1400000000000005,-0.18,2026-09-14 16:20:12.306099
BND,2022-02-09,79.77,79.81,79.4,79.42,22432089,79.42,-0.3499999999999943,-0.44,2026-09-14 16:20:12.306099
BND,2022-02-10,79.42,80.39,78.67,79.75,25782587,79.75,0.3299999999999983,0.42,2026-09-14 16:20:12.306099
BND,2022-02-11,79.75,79.79,78.71,79.5,80282357,79.5,-0.25,-0.31,2026-09-14 16:20:12.306099
BND,2022-02-14,79.5,80.45,79.05,79.99,32892467,79.99,0.4899999999999949,0.62,2026-09-14 16:20:12.306099
BND,2022-02-15,79.99,80.22,79.23,79.42,60177528,79.42,-0.5699999999999932,-0.71,2026-09-14 16:20:12.306099
BND,2022-02-16,79.42,80.14,78.97,79.56,57903738,79.56,0.1400000000000005,0.18,2026-09-14 16:20:12.306099
BND,2022-02-17,79.56,79.81,78.77,79.27,10004556,79.27,-0.2900000000000062,-0.36,2026-09-14 16:20:12.306099
BND,2022-02-18,79.27,79.67,78.53,78.7,10135950,78.7,-0.5699999999999932,-0.72,2026-09-14 16:20:12.306099
BND,2022-02-21,78.7,79.62,78.17,79.09,49370934,79.09,0.3900000000000005,0.5,2026-09-14 16:20:12.306099
BND,2022-02-22,79.09,79.57,78.91,79.12,56689123,79.12,0.0300000000000011,0.04,2026-09-14 16:20:12.306099
BND,2022-02-23,79.12,79.84,78.77,79.18,49247689,79.18,0.0600000000000022,0.08,2026-09-14 16:20:12.306099
BND,2022-02-24,79.18,80.16,78.99,79.45,91926378,79.45,0.269999999999996,0.34,2026-09-14 16:20:12.306099
BND,2022-02-25,79.45,80.13,79.23,79.38,48304301,79.38,-0.0700000000000073,-0.09,2026-09-14 16:20:12.306099
BND,2022-02-28,79.38,80.03,78.71,79.95,54526055,79.95,0.5700000000000074,0.72,2026-09-14 16:20:12.306099
BND,2022-03-01,79.95,80.71,78.6,79.03,89257691,79.03,-0.9200000000000016,-1.15,2026-09-14 16:20:12.306099
BND,2022-03-02,79.03,79.04,78.44,78.64,40322942,78.64,-0.3900000000000005,-0.49,2026-09-14 16:20:12.306099
BND,2022-03-03,78.64,78.79,78.34,78.73,83317431,78.73,0.0900000000000034,0.11,2026-09-14 16:20:12.306099
BND,2022-03-04,78.73,79.48,78.37,78.93,16363460,78.93,0.2000000000000028,0.25,2026-09-14 16:20:12.306099
BND,2022-03-07,78.93,79.19,78.44,79.08,17859195,79.08,0.1499999999999914,0.19,2026-09-14 16:20:12.306099
BND,2022-03-08,79.08,80.11,79.01,79.47,89937747,79.47,0.3900000000000005,0.49,2026-09-14 16:20:12.306099
BND,2022-03-09,79.47,79.5,78.32,79.07,35151595,79.07,-0.4000000000000057,-0.5,2026-09-14 16:20:12.306099
BND,2022-03-10,79.07,79.21,78.23,78.88,85772200,78.88,-0.1899999999999977,-0.24,2026-09-14 16:20:12.306099
BND,2022-03-11,78.88,79.66,78.14,78.2,69216724,78.2,-0.6799999999999926,-0.86,2026-09-14 16:20:12.306099
BND,2022-03-14,78.2,78.3,77.95,78.07,94279351,78.07,-0.1300000000000096,-0.17,2026-09-14 16:20:12.306099
BND,2022-03-15,78.07,78.11,77.05,77.81,82703101,77.81,-0.2599999999999909,-0.33,2026-09-14 16:20:12.306099
BND,2022-03-16,77.81,78.18,77.13,77.7,70842887,77.7,-0.1099999999999994,-0.14,2026-09-14 16:20:12.306099
BND,2022-03-17,77.7,78.1,77.31,77.35,55056992,77.35,-0.3500000000000085,-0.45,2026-09-14 16:20:12.306099
BND,2022-03-18,77.35,77.6,76.85,77.4,48633185,77.4,0.0500000000000113,0.06,2026-09-14 16:20:12.306099
BND,2022-03-21,77.4,77.72,76.65,77.59,30153358,77.59,0.1899999999999977,0.25,2026-09-14 16:20:12.306099
BND,2022-03-22,77.59,77.74,77.01,77.56,49251587,77.56,-0.0300000000000011,-0.04,2026-09-14 16:20:12.306099
BND,2022-03-23,77.56,78.45,76.97,77.77,56788754,77.77,0.2099999999999937,0.27,2026-09-14 16:20:12.306099
BND,2022-03-24,77.77,78.52,76.36,77.1,73429378,77.1,-0.6700000000000017,-0.86,2026-09-14 16:20:12.306099
BND,2022-03-25,77.1,77.79,76.32,77.06,17404728,77.06,-0.039999999999992,-0.05,2026-09-14 16:20:12.306099
BND,2022-03-28,77.06,77.6,75.85,76.3,47185041,76.3,-0.7600000000000051,-0.99,2026-09-14 16:20:12.306099
BND,2022-03-29,76.3,76.91,75.52,76.02,28063465,76.02,-0.2800000000000011,-0.37,2026-09-14 16:20:12.306099
BND,2022-03-30,76.02,76.9,75.64,76.8,62511187,76.8,0.7800000000000011,1.03,2026-09-14 16:20:12.306099
BND,2022-03-31,76.8,76.91,76.67,76.74,33283734,76.74,-0.0600000000000022,-0.08,2026-09-14 16:20:12.306099
BND,2022-04-01,76.74,78.03,76.15,77.31,77113947,77.31,0.5700000000000074,0.74,2026-09-14 16:20:12.306099
BND,2022-04-04,77.31,77.77,76.62,77.68,55076815,77.68,0.3700000000000045,0.48,2026-09-14 16:20:12.306099
BND,2022-04-05,77.68,78.1,76.39,76.91,38791002,76.91,-0.7700000000000102,-0.99,2026-09-14 16:20:12.306099
BND,2022-04-06,76.91,77.39,76.85,76.89,48951396,76.89,-0.019999999999996,-0.03,2026-09-14 16:20:12.306099
BND,2022-04-07,76.89,77.65,76.46,76.74,11811423,76.74,-0.1500000000000056,-0.2,2026-09-14 16:20:12.306099
BND,2022-04-08,76.74,77.14,76.06,76.93,74035283,76.93,0.1900000000000119,0.25,2026-09-14 16:20:12.306099
BND,2022-04-11,76.93,77.63,76.67,77.04,56958722,77.04,0.1099999999999994,0.14,2026-09-14 16:20:12.306099
BND,2022-04-12,77.04,77.2,76.72,76.96,89703407,76.96,-0.0800000000000125,-0.1,2026-09-14 16:20:12.306099
BND,2022-04-13,76.96,77.21,76.6,76.63,47705773,76.63,-0.3299999999999983,-0.43,2026-09-14 16:20:12.306099
BND,2022-04-14,76.63,76.94,76.41,76.63,43221715,76.63,0.0,0.0,2026-09-14 16:20:12.306099
BND,2022-04-15,76.63,77.31,76.04,76.53,68154619,76.53,-0.0999999999999943,-0.13,2026-09-14 16:20:12.306099
BND,2022-04-18,76.53,76.86,76.3,76.73,14553188,76.73,0.2000000000000028,0.26,2026-09-14 16:20:12.306099
BND,2022-04-19,76.73,77.5,76.15,76.4,87379569,76.4,-0.3299999999999983,-0.43,2026-09-14 16:20:12.306099
BND,2022-04-20,76.4,76.75,75.46,75.73,28142457,75.73,-0.6700000000000017,-0.88,2026-09-14 16:20:12.306099
BND,2022-04-21,75.73,76.22,74.69,75.06,85990062,75.06,-0.6700000000000017,-0.88,2026-09-14 16:20:12.306099
BND,2022-04-22,75.06,75.42,74.22,74.96,16481868,74.96,-0.1000000000000085,-0.13,2026-09-14 16:20:12.306099
BND,2022-04-25,74.96,75.27,74.42,74.85,59133676,74.85,-0.1099999999999994,-0.15,2026-09-14 16:20:12.306099
BND,2022-04-26,74.85,75.52,74.26,74.46,83516837,74.46,-0.3900000000000005,-0.52,2026-09-14 16:20:12.306099
BND,2022-04-27,74.46,74.83,74.07,74.29,37366192,74.29,-0.1699999999999875,-0.23,2026-09-14 16:20:12.306099
BND,2022-04-28,74.29,74.98,73.94,74.41,23845031,74.41,0.1199999999999903,0.16,2026-09-14 16:20:12.306099
BND,2022-04-29,74.41,74.92,73.7,74.43,57647269,74.43,0.0200000000000102,0.03,2026-09-14 16:20:12.306099
BND,2022-05-02,74.43,74.78,73.75,74.26,49250535,74.26,-0.1700000000000017,-0.23,2026-09-14 16:20:12.306099
BND,2022-05-03,74.26,75.01,73.72,74.28,64776324,74.28,0.019999999999996,0.03,2026-09-14 16:20:12.306099
BND,2022-05-04,74.28,74.81,74.03,74.12,39350205,74.12,-0.1599999999999966,-0.22,2026-09-14 16:20:12.306099
BND,2022-05-05,74.12,74.74,73.56,74.72,30457776,74.72,0.5999999999999943,0.81,2026-09-14 16:20:12.306099
BND,2022-05-06,74.72,75.66,74.59,74.99,73797763,74.99,0.269999999999996,0.36,2026-09-14 16:20:12.306099
BND,2022-05-09,74.99,75.84,74.62,75.15,44098649,75.15,0.1600000000000108,0.21,2026-09-14 16:20:12.306099
BND,2022-05-10,75.15,75.83,74.82,74.99,84494331,74.99,-0.1600000000000108,-0.21,2026-09-14 16:20:12.306099
BND,2022-05-11,74.99,75.47,74.34,74.67,19414780,74.67,-0.3199999999999932,-0.43,2026-09-14 16:20:12.306099
BND,2022-05-12,74.67,74.88,74.1,74.67,75604600,74.67,0.0,0.0,2026-09-14 16:20:12.306099
BND,2022-05-13,74.67,75.03,74.24,74.31,74435165,74.31,-0.3599999999999994,-0.48,2026-09-14 16:20:12.306099
BND,2022-05-16,74.31,75.24,73.66,74.57,40410307,74.57,0.2599999999999909,0.35,2026-09-14 16:20:12.306099
BND,2022-05-17,74.57,75.26,74.46,74.59,15340966,74.59,0.0200000000000102,0.03,2026-09-14 16:20:12.306099
BND,2022-05-18,74.59,75.16,73.84,74.36,98834975,74.36,-0.2300000000000039,-0.31,2026-09-14 16:20:12.306099
BND,2022-05-19,74.36,74.96,74.07,74.75,80403063,74.75,0.3900000000000005,0.52,2026-09-14 16:20:12.306099
BND,2022-05-20,74.75,75.46,73.83,74.21,80483049,74.21,-0.5400000000000063,-0.72,2026-09-14 16:20:12.306099
BND,2022-05-23,74.21,74.99,73.66,74.63,42822489,74.63,0.4200000000000017,0.57,2026-09-14 16:20:12.306099
BND,2022-05-24,74.63,75.24,74.06,74.49,29633303,74.49,-0.1400000000000005,-0.19,2026-09-14 16:20:12.306099
BND,2022-05-25,74.49,75.19,73.88,74.34,98549290,74.34,-0.1499999999999914,-0.2,2026-09-14 16:20:12.306099
BND,2022-05-26,74.34,74.62,73.99,74.33,14131631,74.33,-0.0100000000000051,-0.01,2026-09-14 16:20:12.306099
BND,2022-05-27,74.33,75.23,74.25,74.74,33003781,74.74,0.4099999999999966,0.55,2026-09-14 16:20:12.306099
BND,2022-05-30,74.74,75.65,74.0,75.05,32790131,75.05,0.3100000000000023,0.41,2026-09-14 16:20:12.306099
BND,2022-05-31,75.05,75.66,74.95,75.53,75628322,75.53,0.480000000000004,0.64,2026-09-14 16:20:12.306099
BND,2022-06-01,75.53,76.49,75.32,75.88,29187448,75.88,0.3499999999999943,0.46,2026-09-14 16:20:12.306099
BND,2022-06-02,75.88,76.2,75.67,76.12,24961331,76.12,0.2400000000000091,0.32,2026-09-14 16:20:12.306099
BND,2022-06-03,76.12,76.7,75.87,75.96,65068202,75.96,-0.1600000000000108,-0.21,2026-09-14 16:20:12.306099
BND,2022-06-06,75.96,76.75,75.6,76.34,69747454,76.34,0.3800000000000096,0.5,2026-09-14 16:20:12.306099
BND,2022-06-07,76.34,76.73,75.72,76.61,15532807,76.61,0.269999999999996,0.35,2026-09-14 16:20:12.306099
BND,2022-06-08,76.61,77.0,76.04,76.19,18070579,76.19,-0.4200000000000017,-0.55,2026-09-14 16:20:12.306099
BND,2022-06-09,76.19,76.22,75.32,75.75,23992714,75.75,-0.4399999999999977,-0.58,2026-09-14 16:20:12.306099
BND,2022-06-10,75.75,76.75,75.53,76.07,24801978,76.07,0.3199999999999932,0.42,2026-09-14 16:20:12.306099
BND,2022-06-13,76.07,76.92,75.76,76.25,19750266,76.25,0.1800000000000068,0.24,2026-09-14 16:20:12.306099
BND,2022-06-14,76.25,76.63,75.28,75.54,90425871,75.54,-0.7099999999999937,-0.93,2026-09-14 16:20:12.306099
BND,2022-06-15,75.54,75.92,75.23,75.46,53437043,75.46,-0.0800000000000125,-0.11,2026-09-14 16:20:12.306099
BND,2022-06-16,75.46,76.09,75.29,75.73,65998248,75.73,0.2700000000000102,0.36,2026-09-14 16:20:12.306099
BND,2022-06-17,75.73,76.56,75.09,75.82,17752136,75.82,0.0899999999999892,0.12,2026-09-14 16:20:12.306099
BND,2022-06-20,75.82,76.62,75.63,76.21,11292868,76.21,0.3900000000000005,0.51,2026-09-14 16:20:12.306099
BND,2022-06-21,76.21,76.49,76.15,76.2,55795277,76.2,-0.0099999999999909,-0.01,2026-09-14 16:20:12.306099
BND,2022-06-22,76.2,76.71,75.71,75.83,56286602,75.83,-0.3700000000000045,-0.49,2026-09-14 16:20:12.306099
BND,2022-06-23,75.83,75.87,75.31,75.79,74914569,75.79,-0.039999999999992,-0.05,2026-09-14 16:20:12.306099
BND,2022-06-24,75.79,76.01,75.11,75.89,39004419,75.89,0.0999999999999943,0.13,2026-09-14 16:20:12.306099
BND,2022-06-27,75.89,75.95,75.36,75.7,13598380,75.7,-0.1899999999999977,-0.25,2026-09-14 16:20:12.306099
BND,2022-06-28,75.7,76.36,75.61,75.62,82901215,75.62,-0.0799999999999983,-0.11,2026-09-14 16:20:12.306099
BND,2022-06-29,75.62,75.64,74.54,75.09,99918467,75.09,-0.5300000000000011,-0.7,2026-09-14 16:20:12.306099
BND,2022-06-30,75.09,75.47,74.23,74.89,73713918,74.89,-0.2000000000000028,-0.27,2026-09-14 16:20:12.306099
BND,2022-07-01,74.89,75.06,74.35,74.73,43569147,74.73,-0.1599999999999966,-0.21,2026-09-14 16:20:12.306099
BND,2022-07-04,74.73,74.86,73.93,74.56,73451305,74.56,-0.1700000000000017,-0.23,2026-09-14 16:20:12.306099
BND,2022-07-05,74.56,74.74,74.17,74.27,20126165,74.27,-0.2900000000000062,-0.39,2026-09-14 16:20:12.306099
BND,2022-07-06,74.27,74.35,73.55,74.27,35122159,74.27,0.0,0.0,2026-09-14 16:20:12.306099
BND,2022-07-07,74.27,74.9,73.88,74.16,40866929,74.16,-0.1099999999999994,-0.15,2026-09-14 16:20:12.306099
BND,2022-07-08,74.16,75.12,73.89,74.62,84069507,74.62,0.4600000000000079,0.62,2026-09-14 16:20:12.306099
BND,2022-07-11,74.62,75.28,74.14,74.6,80135040,74.6,-0.0200000000000102,-0.03,2026-09-14 16:20:12.306099
BND,2022-07-12,74.6,75.07,74.09,74.73,69725531,74.73,0.1300000000000096,0.17,2026-09-14 16:20:12.306099
BND,2022-07-13,74.73,75.27,74.53,74.75,58764053,74.75,0.019999999999996,0.03,2026-09-14 16:20:12.306099
BND,2022-07-14,74.75,75.59,74.74,75.57,24237506,75.57,0.8199999999999932,1.1,2026-09-14 16:20:12.306099
BND,2022-07-15,75.57,75.67,75.06,75.49,46024554,75.49,-0.0799999999999983,-0.11,2026-09-14 16:20:12.306099
BND,2022-07-18,75.49,76.42,75.38,75.81,47511045,75.81,0.3200000000000074,0.42,2026-09-14 16:20:12.306099
BND,2022-07-19,75.81,76.42,75.44,76.15,70288709,76.15,0.3400000000000034,0.45,2026-09-14 16:20:12.306099
BND,2022-07-20,76.15,76.42,75.51,76.04,36053685,76.04,-0.1099999999999994,-0.14,2026-09-14 16:20:12.306099
BND,2022-07-21,76.04,77.47,75.82,76.73,80621969,76.73,0.6899999999999977,0.91,2026-09-14 16:20:12.306099
BND,2022-07-22,76.73,77.42,76.66,77.04,80756370,77.04,0.3100000000000023,0.4,2026-09-14 16:20:12.306099
BND,2022-07-25,77.04,77.36,76.56,77.2,49324429,77.2,0.1599999999999966,0.21,2026-09-14 16:20:12.306099
BND,2022-07-26,77.2,77.96,76.77,76.95,55986854,76.95,-0.25,-0.32,2026-09-14 16:20:12.306099
BND,2022-07-27,76.95,77.12,76.39,77.04,68345994,77.04,0.0900000000000034,0.12,2026-09-14 16:20:12.306099
BND,2022-07-28,77.04,78.07,76.3,77.66,91980805,77.66,0.6199999999999903,0.8,2026-09-14 16:20:12.306099
BND,2022-07-29,77.66,78.26,77.26,77.97,92797826,77.97,0.3100000000000023,0.4,2026-09-14 16:20:12.306099
BND,2022-08-01,77.97,78.28,76.78,77.46,44034201,77.46,-0.5100000000000051,-0.65,2026-09-14 16:20:12.306099
BND,2022-08-02,77.46,77.93,77.08,77.35,66016680,77.35,-0.1099999999999994,-0.14,2026-09-14 16:20:12.306099
BND,2022-08-03,77.35,78.1,76.62,77.49,34327826,77.49,0.1400000000000005,0.18,2026-09-14 16:20:12.306099
BND,2022-08-04,77.49,78.05,77.34,77.46,81631553,77.46,-0.0300000000000011,-0.04,2026-09-14 16:20:12.306099
BND,2022-08-05,77.46,77.74,76.79,77.62,48403113,77.62,0.1600000000000108,0.21,2026-09-14 16:20:12.306099
BND,2022-08-08,77.62,77.77,76.86,77.47,94214454,77.47,-0.1500000000000056,-0.19,2026-09-14 16:20:12.306099
BND,2022-08-09,77.47,77.53,77.38,77.46,68903065,77.46,-0.0100000000000051,-0.01,2026-09-14 16:20:12.306099
BND,2022-08-10,77.46,77.79,76.6,76.86,51898470,76.86,-0.5999999999999943,-0.77,2026-09-14 16:20:12.306099
BND,2022-08-11,76.86,77.4,76.73,76.98,54215978,76.98,0.1200000000000045,0.16,2026-09-14 16:20:12.306099
BND,2022-08-12,76.98,77.41,76.58,76.66,23817441,76.66,-0.3200000000000074,-0.42,2026-09-14 16:20:12.306099
BND,2022-08-15,76.66,76.87,76.06,76.55,43547624,76.55,-0.1099999999999994,-0.14,2026-09-14 16:20:12.306099
BND,2022-08-16,76.55,77.43,76.24,76.92,24185122,76.92,0.3700000000000045,0.48,2026-09-14 16:20:12.306099
BND,2022-08-17,76.92,77.41,76.22,77.08,27406083,77.08,0.1599999999999966,0.21,2026-09-14 16:20:12.306099
BND,2022-08-18,77.08,77.71,77.0,77.08,57851318,77.08,0.0,0.0,2026-09-14 16:20:12.306099
BND,2022-08-19,77.08,77.58,76.78,77.19,94945791,77.19,0.1099999999999994,0.14,2026-09-14 16:20:12.306099
BND,2022-08-22,77.19,77.94,76.45,77.11,83541825,77.11,-0.0799999999999983,-0.1,2026-09-14 16:20:12.306099
BND,2022-08-23,77.11,77.95,76.42,77.45,65206879,77.45,0.3400000000000034,0.44,2026-09-14 16:20:12.306099
BND,2022-08-24,77.45,77.9,77.15,77.23,95437096,77.23,-0.2199999999999988,-0.28,2026-09-14 16:20:12.306099
BND,2022-08-25,77.23,77.74,77.07,77.31,56419034,77.31,0.0799999999999983,0.1,2026-09-14 16:20:12.306099
BND,2022-08-26,77.31,78.18,76.84,77.65,54937638,77.65,0.3400000000000034,0.44,2026-09-14 16:20:12.306099
BND,2022-08-29,77.65,78.07,77.29,77.66,86613928,77.66,0.0099999999999909,0.01,2026-09-14 16:20:12.306099
BND,2022-08-30,77.66,78.32,77.42,77.73,13428055,77.73,0.0700000000000073,0.09,2026-09-14 16:20:12.306099
BND,2022-08-31,77.73,78.5,77.45,77.55,71705442,77.55,-0.1800000000000068,-0.23,2026-09-14 16:20:12.306099
BND,2022-09-01,77.55,77.84,76.78,77.72,93990596,77.72,0.1700000000000017,0.22,2026-09-14 16:20:12.306099
BND,2022-09-02,77.72,78.08,77.34,77.97,90619674,77.97,0.25,0.32,2026-09-14 16:20:12.306099
BND,2022-09-05,77.97,78.31,77.46,77.86,13474144,77.86,-0.1099999999999994,-0.14,2026-09-14 16:20:12.306099
BND,2022-09-06,77.86,78.95,77.86,78.28,24396820,78.28,0.4200000000000017,0.54,2026-09-14 16:20:12.306099
BND,2022-09-07,78.28,78.83,78.01,78.39,12514103,78.39,0.1099999999999994,0.14,2026-09-14 16:20:12.306099
BND,2022-09-08,78.39,78.79,77.89,78.6,60323206,78.6,0.2099999999999937,0.27,2026-09-14 16:20:12.306099
BND,2022-09-09,78.6,79.24,78.05,78.78,61501988,78.78,0.1800000000000068,0.23,2026-09-14 16:20:12.306099
BND,2022-09-12,78.78,79.12,77.87,78.21,54186938,78.21,-0.5700000000000074,-0.72,2026-09-14 16:20:12.306099
BND,2022-09-13,78.21,78.55,77.82,77.98,75235412,77.98,-0.2299999999999897,-0.29,2026-09-14 16:20:12.306099
BND,2022-09-14,77.98,78.73,77.5,78.02,14401061,78.02,0.039999999999992,0.05,2026-09-14 16:20:12.306099
BND,2022-09-15,78.02,78.31,77.22,77.95,94246793,77.95,-0.0699999999999931,-0.09,2026-09-14 16:20:12.306099
BND,2022-09-16,77.95,79.09,77.23,78.64,68482737,78.64,0.6899999999999977,0.89,2026-09-14 16:20:12.306099
BND,2022-09-19,78.64,78.77,77.93,78.64,69543162,78.64,0.0,0.0,2026-09-14 16:20:12.306099
BND,2022-09-20,78.64,79.43,77.89,78.43,91757445,78.43,-0.2099999999999937,-0.27,2026-09-14 16:20:12.306099
BND,2022-09-21,78.43,78.88,77.87,78.44,11236320,78.44,0.0099999999999909,0.01,2026-09-14 16:20:12.306099
BND,2022-09-22,78.44,78.95,78.17,78.39,72005045,78.39,-0.0499999999999971,-0.06,2026-09-14 16:20:12.306099
BND,2022-09-23,78.39,79.05,77.71,78.4,53692923,78.4,0.0100000000000051,0.01,2026-09-14 16:20:12.306099
BND,2022-09-26,78.4,78.72,78.11,78.38,88560845,78.38,-0.0200000000000102,-0.03,2026-09-14 16:20:12.306099
BND,2022-09-27,78.38,78.7,78.1,78.34,69104148,78.34,-0.039999999999992,-0.05,2026-09-14 16:20:12.306099
BND,2022-09-28,78.34,78.6,78.14,78.47,19369693,78.47,0.1299999999999954,0.17,2026-09-14 16:20:12.306099
BND,2022-09-29,78.47,78.79,77.62,78.23,58745614,78.23,-0.2399999999999948,-0.31,2026-09-14 16:20:12.306099
BND,2022-09-30,78.23,78.97,77.61,78.48,45412102,78.48,0.25,0.32,2026-09-14 16:20:12.306099
BND,2022-10-03,78.48,79.08,77.91,77.93,83403192,77.93,-0.5499999999999972,-0.7,2026-09-14 16:20:12.306099
BND,2022-10-04,77.93,78.62,77.69,77.76,19698263,77.76,-0.1700000000000017,-0.22,2026-09-14 16:20:12.306099
BND,2022-10-05,77.76,78.61,77.45,78.24,61596420,78.24,0.4799999999999897,0.62,2026-09-14 16:20:12.306099
BND,2022-10-06,78.24,78.74,77.26,78.0,70814790,78.0,-0.2399999999999948,-0.31,2026-09-14 16:20:12.306099
BND,2022-10-07,78.0,79.18,77.46,78.42,15126439,78.42,0.4200000000000017,0.54,2026-09-14 16:20:12.306099
BND,2022-10-10,78.42,78.47,78.11,78.35,65411513,78.35,-0.0700000000000073,-0.09,2026-09-14 16:20:12.306099
BND,2022-10-11,78.35,78.71,77.86,78.68,35727155,78.68,0.3300000000000125,0.42,2026-09-14 16:20:12.306099
BND,2022-10-12,78.68,78.89,78.05,78.59,90613125,78.59,-0.0900000000000034,-0.11,2026-09-14 16:20:12.306099
BND,2022-10-13,78.59,79.21,77.93,78.05,39646880,78.05,-0.5400000000000063,-0.69,2026-09-14 16:20:12.306099
BND,2022-10-14,78.05,78.56,77.99,78.39,79163783,78.39,0.3400000000000034,0.44,2026-09-14 16:20:12.306099
BND,2022-10-17,78.39,79.25,77.66,78.47,49117818,78.47,0.0799999999999983,0.1,2026-09-14 16:20:12.306099
BND,2022-10-18,78.47,78.53,78.05,78.52,87450976,78.52,0.0499999999999971,0.06,2026-09-14 16:20:12.306099
BND,2022-10-19,78.52,78.68,78.15,78.49,90417952,78.49,-0.0300000000000011,-0.04,2026-09-14 16:20:12.306099
BND,2022-10-20,78.49,79.55,78.13,78.98,43566299,78.98,0.4900000000000091,0.62,2026-09-14 16:20:12.306099
BND,2022-10-21,78.98,79.77,78.39,79.17,48858236,79.17,0.1899999999999977,0.24,2026-09-14 16:20:12.306099
BND,2022-10-24,79.17,79.36,79.17,79.25,20193182,79.25,0.0799999999999983,0.1,2026-09-14 16:20:12.306099
BND,2022-10-25,79.25,79.89,78.61,79.34,76325109,79.34,0.0900000000000034,0.11,2026-09-14 16:20:12.306099
BND,2022-10-26,79.34,80.82,78.57,80.03,34196247,80.03,0.6899999999999977,0.87,2026-09-14 16:20:12.306099
BND,2022-10-27,80.03,80.15,79.29,80.0,19211216,80.0,-0.0300000000000011,-0.04,2026-09-14 16:20:12.306099
BND,2022-10-28,80.0,80.43,78.87,79.35,63615937,79.35,-0.6500000000000057,-0.81,2026-09-14 16:20:12.306099
BND,2022-10-31,79.35,79.81,78.6,79.28,17616720,79.28,-0.0699999999999931,-0.09,2026-09-14 16:20:12.306099
BND,2022-11-01,79.28,79.74,78.67,78.84,97996886,78.84,-0.4399999999999977,-0.55,2026-09-14 16:20:12.306099
BND,2022-11-02,78.84,79.51,77.82,78.54,44392754,78.54,-0.2999999999999971,-0.38,2026-09-14 16:20:12.306099
BND,2022-11-03,78.54,78.68,77.55,78.24,84396821,78.24,-0.3000000000000113,-0.38,2026-09-14 16:20:12.306099
BND,2022-11-04,78.24,79.44,77.74,78.78,22805357,78.78,0.5400000000000063,0.69,2026-09-14 16:20:12.306099
BND,2022-11-07,78.78,79.27,78.17,78.9,25594785,78.9,0.1200000000000045,0.15,2026-09-14 16:20:12.306099
BND,2022-11-08,78.9,79.44,78.52,78.77,89718363,78.77,-0.1300000000000096,-0.16,2026-09-14 16:20:12.306099
BND,2022-11-09,78.77,80.26,78.46,79.67,45419548,79.67,0.9000000000000057,1.14,2026-09-14 16:20:12.306099
BND,2022-11-10,79.67,80.1,79.0,79.6,97194206,79.6,-0.0700000000000073,-0.09,2026-09-14 16:20:12.306099
BND,2022-11-11,79.6,79.74,78.82,79.67,23453262,79.67,0.0700000000000073,0.09,2026-09-14 16:20:12.306099
BND,2022-11-14,79.67,80.45,78.95,79.85,95480461,79.85,0.1799999999999926,0.23,2026-09-14 16:20:12.306099
BND,2022-11-15,79.85,80.32,79.73,80.15,15307162,80.15,0.3000000000000113,0.38,2026-09-14 16:20:12.306099
BND,2022-11-16,80.15,80.54,79.82,79.91,51834440,79.91,-0.2400000000000091,-0.3,2026-09-14 16:20:12.306099
BND,2022-11-17,79.91,80.49,79.28,79.61,38651720,79.61,-0.2999999999999971,-0.38,2026-09-14 16:20:12.306099
BND,2022-11-18,79.61,80.15,79.17,79.38,11784077,79.38,-0.2300000000000039,-0.29,2026-09-14 16:20:12.306099
BND,2022-11-21,79.38,79.98,78.87,79.03,60909908,79.03,-0.3499999999999943,-0.44,2026-09-14 16:20:12.306099
BND,2022-11-22,79.03,79.4,78.88,79.3,96103586,79.3,0.269999999999996,0.34,2026-09-14 16:20:12.306099
BND,2022-11-23,79.3,79.45,78.61,79.25,52351597,79.25,-0.0499999999999971,-0.06,2026-09-14 16:20:12.306099
BND,2022-11-24,79.25,79.48,79.13,79.18,24844980,79.18,-0.0699999999999931,-0.09,2026-09-14 16:20:12.306099
BND,2022-11-25,79.18,79.96,78.52,79.46,11936760,79.46,0.2799999999999869,0.35,2026-09-14 16:20:12.306099
BND,2022-11-28,79.46,79.85,78.85,79.38,42238453,79.38,-0.0799999999999983,-0.1,2026-09-14 16:20:12.306099
BND,2022-11-29,79.38,79.41,78.73,78.77,81895276,78.77,-0.6099999999999994,-0.77,2026-09-14 16:20:12.306099
BND,2022-11-30,78.77,79.98,78.56,79.25,62414394,79.25,0.480000000000004,0.61,2026-09-14 16:20:12.306099
BND,2022-12-01,79.25,80.35,79.22,79.75,60485383,79.75,0.5,0.63,2026-09-14 16:20:12.306099
BND,2022-12-02,79.75,80.03,78.98,79.58,96760509,79.58,-0.1700000000000017,-0.21,2026-09-14 16:20:12.306099
BND,2022-12-05,79.58,79.69,78.89,79.47,50897476,79.47,-0.1099999999999994,-0.14,2026-09-14 16:20:12.306099
BND,2022-12-06,79.47,79.58,79.28,79.31,72814066,79.31,-0.1599999999999966,-0.2,2026-09-14 16:20:12.306099
BND,2022-12-07,79.31,79.38,78.4,79.09,44676076,79.09,-0.2199999999999988,-0.28,2026-09-14 16:20:12.306099
BND,2022-12-08,79.09,79.49,78.77,78.99,72406282,78.99,-0.1000000000000085,-0.13,2026-09-14 16:20:12.306099
BND,2022-12-09,78.99,79.37,78.63,78.79,84529158,78.79,-0.1999999999999886,-0.25,2026-09-14 16:20:12.306099
BND,2022-12-12,78.79,79.1,78.13,78.49,98441530,78.49,-0.3000000000000113,-0.38,2026-09-14 16:20:12.306099
BND,2022-12-13,78.49,79.2,78.04,78.56,89266097,78.56,0.0700000000000073,0.09,2026-09-14 16:20:12.306099
BND,2022-12-14,78.56,78.8,78.2,78.46,11496797,78.46,-0.1000000000000085,-0.13,2026-09-14 16:20:12.306099
BND,2022-12-15,78.46,79.24,77.97,78.17,11792538,78.17,-0.289999999999992,-0.37,2026-09-14 16:20:12.306099
BND,2022-12-16,78.17,78.63,77.74,78.31,16170941,78.31,0.1400000000000005,0.18,2026-09-14 16:20:12.306099
BND,2022-12-19,78.31,79.07,78.14,78.43,81857636,78.43,0.1200000000000045,0.15,2026-09-14 16:20:12.306099
BND,2022-12-20,78.43,78.76,76.68,77.4,90271395,77.4,-1.0300000000000011,-1.31,2026-09-14 16:20:12.306099
BND,2022-12-21,77.4,77.78,77.18,77.41,56389083,77.41,0.0099999999999909,0.01,2026-09-14 16:20:12.306099
BND,2022-12-22,77.41,77.63,76.69,77.56,74698657,77.56,0.1500000000000056,0.19,2026-09-14 16:20:12.306099
BND,2022-12-23,77.56,78.46,76.98,77.78,38181413,77.78,0.2199999999999988,0.28,2026-09-14 16:20:12.306099
BND,2022-12-26,77.78,78.52,77.03,77.85,35296965,77.85,0.0699999999999931,0.09,2026-09-14 16:20:12.306099
BND,2022-12-27,77.85,78.68,77.08,78.01,16364663,78.01,0.1600000000000108,0.21,2026-09-14 16:20:12.306099
BND,2022-12-28,78.01,78.72,78.01,78.03,49351169,78.03,0.019999999999996,0.03,2026-09-14 16:20:12.306099
BND,2022-12-29,78.03,78.8,77.46,78.39,15896987,78.39,0.3599999999999994,0.46,2026-09-14 16:20:12.306099
BND,2022-12-30,78.39,78.61,77.66,78.3,47753913,78.3,-0.0900000000000034,-0.11,2026-09-14 16:20:12.306099
BND,2023-01-02,78.3,79.28,77.69,78.53,41303442,78.53,0.2300000000000039,0.29,2026-09-14 16:20:12.306099
BND,2023-01-03,78.53,79.11,77.75,78.65,36115014,78.65,0.1200000000000045,0.15,2026-09-14 16:20:12.306099
BND,2023-01-04,78.65,79.12,78.1,78.86,44356092,78.86,0.2099999999999937,0.27,2026-09-14 16:20:12.306099
BND,2023-01-05,78.86,79.74,78.73,79.0,95022232,79.0,0.1400000000000005,0.18,2026-09-14 16:20:12.306099
BND,2023-01-06,79.0,79.68,78.27,79.47,69268677,79.47,0.4699999999999988,0.59,2026-09-14 16:20:12.306099
BND,2023-01-09,79.47,80.31,79.32,79.84,88699786,79.84,0.3700000000000045,0.47,2026-09-14 16:20:12.306099
BND,2023-01-10,79.84,80.59,79.79,80.16,72552047,80.16,0.3199999999999932,0.4,2026-09-14 16:20:12.306099
BND,2023-01-11,80.16,81.13,79.86,80.47,31321441,80.47,0.3100000000000023,0.39,2026-09-14 16:20:12.306099
BND,2023-01-12,80.47,81.74,80.4,81.03,66594627,81.03,0.5600000000000023,0.7,2026-09-14 16:20:12.306099
BND,2023-01-13,81.03,81.84,80.2,80.61,59391185,80.61,-0.4200000000000017,-0.52,2026-09-14 16:20:12.306099
BND,2023-01-16,80.61,81.39,79.96,80.43,81656386,80.43,-0.1799999999999926,-0.22,2026-09-14 16:20:12.306099
BND,2023-01-17,80.43,80.78,80.36,80.4,74596948,80.4,-0.0300000000000011,-0.04,2026-09-14 16:20:12.306099
BND,2023-01-18,80.4,80.71,80.22,80.61,75891536,80.61,0.2099999999999937,0.26,2026-09-14 16:20:12.306099
BND,2023-01-19,80.61,81.17,79.89,80.47,41800947,80.47,-0.1400000000000005,-0.17,2026-09-14 16:20:12.306099
BND,2023-01-20,80.47,80.77,80.17,80.46,64631782,80.46,-0.0100000000000051,-0.01,2026-09-14 16:20:12.306099
BND,2023-01-23,80.46,81.16,80.21,80.57,85477780,80.57,0.1099999999999994,0.14,2026-09-14 16:20:12.306099
BND,2023-01-24,80.57,81.46,80.13,81.01,39386031,81.01,0.4400000000000119,0.55,2026-09-14 16:20:12.306099
BND,2023-01-25,81.01,81.21,80.9,81.12,67983363,81.12,0.1099999999999994,0.14,2026-09-14 16:20:12.306099
BND,2023-01-26,81.12,81.34,80.78,81.03,24132097,81.03,-0.0900000000000034,-0.11,2026-09-14 16:20:12.306099
BND,2023-01-27,81.03,81.7,80.83,81.24,45407868,81.24,0.2099999999999937,0.26,2026-09-14 16:20:12.306099
BND,2023-01-30,81.24,82.08,81.19,81.36,68869012,81.36,0.1200000000000045,0.15,2026-09-14 16:20:12.306099
BND,2023-01-31,81.36,81.62,80.66,81.45,90567128,81.45,0.0900000000000034,0.11,2026-09-14 16:20:12.306099
BND,2023-02-01,81.45,82.37,80.85,81.66,79813932,81.66,0.2099999999999937,0.26,2026-09-14 16:20:12.306099
BND,2023-02-02,81.66,82.08,80.6,81.37,28032364,81.37,-0.289999999999992,-0.36,2026-09-14 16:20:12.306099
BND,2023-02-03,81.37,81.65,80.7,81.39,17443064,81.39,0.019999999999996,0.02,2026-09-14 16:20:12.306099
BND,2023-02-06,81.39,82.55,81.14,81.92,31642865,81.92,0.5300000000000011,0.65,2026-09-14 16:20:12.306099
BND,2023-02-07,81.92,82.51,81.63,81.86,46241519,81.86,-0.0600000000000022,-0.07,2026-09-14 16:20:12.306099
BND,2023-02-08,81.86,82.87,81.21,82.1,26675349,82.1,0.2399999999999948,0.29,2026-09-14 16:20:12.306099
BND,2023-02-09,82.1,82.8,81.47,82.08,56521537,82.08,-0.019999999999996,-0.02,2026-09-14 16:20:12.306099
BND,2023-02-10,82.08,83.03,81.66,82.44,37879743,82.44,0.3599999999999994,0.44,2026-09-14 16:20:12.306099
BND,2023-02-13,82.44,82.63,81.91,82.41,20107592,82.41,-0.0300000000000011,-0.04,2026-09-14 16:20:12.306099
BND,2023-02-14,82.41,83.17,82.15,82.49,17378698,82.49,0.0799999999999983,0.1,2026-09-14 16:20:12.306099
BND,2023-02-15,82.49,82.79,81.72,82.39,67085084,82.39,-0.0999999999999943,-0.12,2026-09-14 16:20:12.306099
BND,2023-02-16,82.39,83.84,82.22,83.01,72533929,83.01,0.6200000000000045,0.75,2026-09-14 16:20:12.306099
BND,2023-02-17,83.01,83.42,82.47,82.74,40826099,82.74,-0.2700000000000102,-0.33,2026-09-14 16:20:12.306099
BND,2023-02-20,82.74,83.55,82.48,83.04,20672282,83.04,0.3000000000000113,0.36,2026-09-14 16:20:12.306099
BND,2023-02-21,83.04,83.65,82.08,82.54,10328560,82.54,-0.5,-0.6,2026-09-14 16:20:12.306099
BND,2023-02-22,82.54,83.33,81.92,82.68,10936922,82.68,0.1400000000000005,0.17,2026-09-14 16:20:12.306099
BND,2023-02-23,82.68,83.52,82.14,83.15,21248203,83.15,0.4699999999999988,0.57,2026-09-14 16:20:12.306099
BND,2023-02-24,83.15,83.94,82.6,82.91,40362077,82.91,-0.2400000000000091,-0.29,2026-09-14 16:20:12.306099
BND,2023-02-27,82.91,83.1,82.14,83.06,97795166,83.06,0.1500000000000056,0.18,2026-09-14 16:20:12.306099
BND,2023-02-28,83.06,83.8,82.9,83.05,60522284,83.05,-0.0100000000000051,-0.01,2026-09-14 16:20:12.306099
BND,2023-03-01,83.05,83.64,82.61,83.34,66478796,83.34,0.2900000000000062,0.35,2026-09-14 16:20:12.306099
BND,2023-03-02,83.34,84.16,82.99,83.16,10930461,83.16,-0.1800000000000068,-0.22,2026-09-14 16:20:12.306099
BND,2023-03-03,83.16,83.87,82.82,83.51,34810418,83.51,0.3500000000000085,0.42,2026-09-14 16:20:12.306099
BND,2023-03-06,83.51,83.73,83.02,83.35,56829632,83.35,-0.1600000000000108,-0.19,2026-09-14 16:20:12.306099
BND,2023-03-07,83.35,84.46,82.59,83.72,38543942,83.72,0.3700000000000045,0.44,2026-09-14 16:20:12.306099
BND,2023-03-08,83.72,84.76,82.94,84.04,73569779,84.04,0.3200000000000074,0.38,2026-09-14 16:20:12.306099
BND,2023-03-09,84.04,84.43,83.27,84.27,55634091,84.27,0.2299999999999897,0.27,2026-09-14 16:20:12.306099
BND,2023-03-10,84.27,84.88,84.0,84.18,44628383,84.18,-0.0899999999999892,-0.11,2026-09-14 16:20:12.306099
BND,2023-03-13,84.18,84.89,83.57,84.87,98090172,84.87,0.6899999999999977,0.82,2026-09-14 16:20:12.306099
BND,2023-03-14,84.87,85.1,83.84,84.3,85938843,84.3,-0.5700000000000074,-0.67,2026-09-14 16:20:12.306099
BND,2023-03-15,84.3,84.35,84.18,84.29,43834903,84.29,-0.0099999999999909,-0.01,2026-09-14 16:20:12.306099
BND,2023-03-16,84.29,84.48,83.39,84.1,12419351,84.1,-0.1900000000000119,-0.23,2026-09-14 16:20:12.306099
BND,2023-03-17,84.1,84.87,83.51,84.04,66281535,84.04,-0.059999999999988,-0.07,2026-09-14 16:20:12.306099
BND,2023-03-20,84.04,84.51,83.63,83.95,30614478,83.95,-0.0900000000000034,-0.11,2026-09-14 16:20:12.306099
BND,2023-03-21,83.95,84.04,83.71,84.04,69043782,84.04,0.0900000000000034,0.11,2026-09-14 16:20:12.306099
BND,2023-03-22,84.04,84.16,83.84,83.84,34339538,83.84,-0.2000000000000028,-0.24,2026-09-14 16:20:12.306099
BND,2023-03-23,83.84,84.41,83.73,83.96,65232742,83.96,0.1199999999999903,0.14,2026-09-14 16:20:12.306099
BND,2023-03-24,83.96,85.18,83.51,84.68,66036981,84.68,0.7200000000000131,0.86,2026-09-14 16:20:12.306099
BND,2023-03-27,84.68,85.5,84.65,84.7,28449442,84.7,0.019999999999996,0.02,2026-09-14 16:20:12.306099
BND,2023-03-28,84.7,85.35,84.42,84.46,91237145,84.46,-0.2400000000000091,-0.28,2026-09-14 16:20:12.306099
BND,2023-03-29,84.46,84.97,84.15,84.38,52350717,84.38,-0.0799999999999983,-0.09,2026-09-14 16:20:12.306099
BND,2023-03-30,84.38,85.17,83.96,84.54,47909874,84.54,0.1600000000000108,0.19,2026-09-14 16:20:12.306099
BND,2023-03-31,84.54,85.58,83.87,84.79,76304532,84.79,0.25,0.3,2026-09-14 16:20:12.306099
BND,2023-04-03,84.79,85.55,84.1,84.51,93725720,84.51,-0.2800000000000011,-0.33,2026-09-14 16:20:12.306099
BND,2023-04-04,84.51,84.64,84.22,84.26,76677011,84.26,-0.25,-0.3,2026-09-14 16:20:12.306099
BND,2023-04-05,84.26,84.95,83.43,84.44,59086274,84.44,0.1799999999999926,0.21,2026-09-14 16:20:12.306099
BND,2023-04-06,84.44,85.57,84.42,85.09,62133781,85.09,0.6500000000000057,0.77,2026-09-14 16:20:12.306099
BND,2023-04-07,85.09,85.17,84.37,85.17,82173600,85.17,0.0799999999999983,0.09,2026-09-14 16:20:12.306099
BND,2023-04-10,85.17,86.59,84.52,85.86,54194181,85.86,0.6899999999999977,0.81,2026-09-14 16:20:12.306099
BND,2023-04-11,85.86,86.11,85.07,85.59,32167359,85.59,-0.269999999999996,-0.31,2026-09-14 16:20:12.306099
BND,2023-04-12,85.59,86.39,84.41,85.03,76246664,85.03,-0.5600000000000023,-0.65,2026-09-14 16:20:12.306099
BND,2023-04-13,85.03,85.36,84.82,85.35,69217656,85.35,0.3199999999999932,0.38,2026-09-14 16:20:12.306099
BND,2023-04-14,85.35,85.59,84.68,85.49,14236528,85.49,0.1400000000000005,0.16,2026-09-14 16:20:12.306099
BND,2023-04-17,85.49,86.14,84.95,85.66,38406367,85.66,0.1700000000000017,0.2,2026-09-14 16:20:12.306099
BND,2023-04-18,85.66,86.42,84.79,85.59,53378985,85.59,-0.0699999999999931,-0.08,2026-09-14 16:20:12.306099
BND,2023-04-19,85.59,86.08,85.22,85.49,26423701,85.49,-0.1000000000000085,-0.12,2026-09-14 16:20:12.306099
BND,2023-04-20,85.49,85.82,85.21,85.67,35255819,85.67,0.1800000000000068,0.21,2026-09-14 16:20:12.306099
BND,2023-04-21,85.67,86.09,84.79,85.16,23125020,85.16,-0.5100000000000051,-0.6,2026-09-14 16:20:12.306099
BND,2023-04-24,85.16,85.2,84.94,85.15,65932504,85.15,-0.0099999999999909,-0.01,2026-09-14 16:20:12.306099
BND,2023-04-25,85.15,86.16,84.8,85.48,41206607,85.48,0.3299999999999983,0.39,2026-09-14 16:20:12.306099
BND,2023-04-26,85.48,86.18,85.18,85.69,39528481,85.69,0.2099999999999937,0.25,2026-09-14 16:20:12.306099
BND,2023-04-27,85.69,86.5,85.59,85.64,34378436,85.64,-0.0499999999999971,-0.06,2026-09-14 16:20:12.306099
BND,2023-04-28,85.64,86.27,84.81,85.3,69473252,85.3,-0.3400000000000034,-0.4,2026-09-14 16:20:12.306099
BND,2023-05-01,85.3,85.99,84.43,84.64,96059258,84.64,-0.6599999999999966,-0.77,2026-09-14 16:20:12.306099
BND,2023-05-02,84.64,85.17,83.87,84.33,22879278,84.33,-0.3100000000000023,-0.37,2026-09-14 16:20:12.306099
BND,2023-05-03,84.33,85.65,84.15,84.99,96657158,84.99,0.6599999999999966,0.78,2026-09-14 16:20:12.306099
BND,2023-05-04,84.99,85.52,84.2,84.72,52370041,84.72,-0.269999999999996,-0.32,2026-09-14 16:20:12.306099
BND,2023-05-05,84.72,85.47,84.2,84.84,60399515,84.84,0.1200000000000045,0.14,2026-09-14 16:20:12.306099
BND,2023-05-08,84.84,86.0,84.78,85.65,24372854,85.65,0.8100000000000023,0.95,2026-09-14 16:20:12.306099
BND,2023-05-09,85.65,86.45,84.82,84.84,58963167,84.84,-0.8100000000000023,-0.95,2026-09-14 16:20:12.306099
BND,2023-05-10,84.84,85.32,84.2,84.84,76190781,84.84,0.0,0.0,2026-09-14 16:20:12.306099
BND,2023-05-11,84.84,85.82,84.78,85.16,55862005,85.16,0.3199999999999932,0.38,2026-09-14 16:20:12.306099
BND,2023-05-12,85.16,85.94,84.37,85.03,19679036,85.03,-0.1299999999999954,-0.15,2026-09-14 16:20:12.306099
BND,2023-05-15,85.03,85.8,84.22,85.41,19870586,85.41,0.3799999999999954,0.45,2026-09-14 16:20:12.306099
BND,2023-05-16,85.41,86.08,84.86,85.79,68383605,85.79,0.3800000000000096,0.44,2026-09-14 16:20:12.306099
BND,2023-05-17,85.79,86.46,85.21,85.28,83632498,85.28,-0.5100000000000051,-0.59,2026-09-14 16:20:12.306099
BND,2023-05-18,85.28,85.79,84.73,85.02,64880184,85.02,-0.2600000000000051,-0.3,2026-09-14 16:20:12.306099
BND,2023-05-19,85.02,85.51,84.98,84.99,43700901,84.99,-0.0300000000000011,-0.04,2026-09-14 16:20:12.306099
BND,2023-05-22,84.99,85.52,84.56,85.12,65941915,85.12,0.1300000000000096,0.15,2026-09-14 16:20:12.306099
BND,2023-05-23,85.12,86.17,84.78,85.43,94829719,85.43,0.3100000000000023,0.36,2026-09-14 16:20:12.306099
BND,2023-05-24,85.43,85.79,85.11,85.42,70896521,85.42,-0.0100000000000051,-0.01,2026-09-14 16:20:12.306099
BND,2023-05-25,85.42,85.58,85.19,85.39,23162726,85.39,-0.0300000000000011,-0.04,2026-09-14 16:20:12.306099
BND,2023-05-26,85.39,86.0,85.19,85.35,58318730,85.35,-0.0400000000000062,-0.05,2026-09-14 16:20:12.306099
BND,2023-05-29,85.35,86.16,85.12,85.27,37389680,85.27,-0.0799999999999983,-0.09,2026-09-14 16:20:12.306099
BND,2023-05-30,85.27,85.8,84.96,85.07,27408616,85.07,-0.2000000000000028,-0.23,2026-09-14 16:20:12.306099
BND,2023-05-31,85.07,85.54,84.74,84.87,44958947,84.87,-0.1999999999999886,-0.24,2026-09-14 16:20:12.306099
BND,2023-06-01,84.87,85.2,84.53,84.89,20089937,84.89,0.019999999999996,0.02,2026-09-14 16:20:12.306099
BND,2023-06-02,84.89,85.89,84.14,85.13,10232098,85.13,0.2399999999999948,0.28,2026-09-14 16:20:12.306099
BND,2023-06-05,85.13,85.28,84.45,85.2,89160615,85.2,0.0700000000000073,0.08,2026-09-14 16:20:12.306099
BND,2023-06-06,85.2,85.73,84.22,84.53,32452207,84.53,-0.6700000000000017,-0.79,2026-09-14 16:20:12.306099
BND,2023-06-07,84.53,85.14,83.96,85.03,52307820,85.03,0.5,0.59,2026-09-14 16:20:12.306099
BND,2023-06-08,85.03,85.53,83.9,84.57,62991951,84.57,-0.4600000000000079,-0.54,2026-09-14 16:20:12.306099
BND,2023-06-09,84.57,85.29,84.5,84.51,65507286,84.51,-0.059999999999988,-0.07,2026-09-14 16:20:12.306099
BND,2023-06-12,84.51,84.67,83.51,84.34,46343244,84.34,-0.1700000000000017,-0.2,2026-09-14 16:20:12.306099
BND,2023-06-13,84.34,84.56,83.5,84.42,87044622,84.42,0.0799999999999983,0.09,2026-09-14 16:20:12.306099
BND,2023-06-14,84.42,84.89,84.13,84.25,74420327,84.25,-0.1700000000000017,-0.2,2026-09-14 16:20:12.306099
BND,2023-06-15,84.25,84.61,83.78,84.52,91960808,84.52,0.269999999999996,0.32,2026-09-14 16:20:12.306099
BND,2023-06-16,84.52,84.96,83.72,84.91,22761926,84.91,0.3900000000000005,0.46,2026-09-14 16:20:12.306099
BND,2023-06-19,84.91,85.38,84.4,84.6,25967622,84.6,-0.3100000000000023,-0.37,2026-09-14 16:20:12.306099
BND,2023-06-20,84.6,84.66,83.68,84.11,85781869,84.11,-0.4899999999999949,-0.58,2026-09-14 16:20:12.306099
BND,2023-06-21,84.11,84.7,83.75,84.1,13170181,84.1,-0.0100000000000051,-0.01,2026-09-14 16:20:12.306099
BND,2023-06-22,84.1,84.31,83.31,83.82,41439070,83.82,-0.2800000000000011,-0.33,2026-09-14 16:20:12.306099
BND,2023-06-23,83.82,84.59,83.43,83.63,94585642,83.63,-0.1899999999999977,-0.23,2026-09-14 16:20:12.306099
BND,2023-06-26,83.63,83.96,83.47,83.9,83342502,83.9,0.2700000000000102,0.32,2026-09-14 16:20:12.306099
BND,2023-06-27,83.9,84.89,83.3,84.07,47136813,84.07,0.1699999999999875,0.2,2026-09-14 16:20:12.306099
BND,2023-06-28,84.07,84.87,83.32,83.98,60097562,83.98,-0.0899999999999892,-0.11,2026-09-14 16:20:12.306099
BND,2023-06-29,83.98,84.14,83.03,83.79,99960308,83.79,-0.1899999999999977,-0.23,2026-09-14 16:20:12.306099
BND,2023-06-30,83.79,83.95,83.49,83.61,96347296,83.61,-0.1800000000000068,-0.21,2026-09-14 16:20:12.306099
BND,2023-07-03,83.61,84.15,82.87,83.73,24653828,83.73,0.1200000000000045,0.14,2026-09-14 16:20:12.306099
BND,2023-07-04,83.73,84.38,83.45,83.95,48926734,83.95,0.2199999999999988,0.26,2026-09-14 16:20:12.306099
BND,2023-07-05,83.95,84.09,83.34,84.05,17940634,84.05,0.0999999999999943,0.12,2026-09-14 16:20:12.306099
BND,2023-07-06,84.05,84.64,83.43,84.47,63269145,84.47,0.4200000000000017,0.5,2026-09-14 16:20:12.306099
BND,2023-07-07,84.47,84.7,84.35,84.4,41804218,84.4,-0.0699999999999931,-0.08,2026-09-14 16:20:12.306099
BND,2023-07-10,84.4,84.85,83.78,84.74,29126349,84.74,0.3399999999999892,0.4,2026-09-14 16:20:12.306099
BND,2023-07-11,84.74,85.32,84.35,85.03,56234146,85.03,0.2900000000000062,0.34,2026-09-14 16:20:12.306099
BND,2023-07-12,85.03,85.54,84.44,84.85,45454619,84.85,-0.1800000000000068,-0.21,2026-09-14 16:20:12.306099
BND,2023-07-13,84.85,85.45,84.5,84.77,86462325,84.77,-0.0799999999999983,-0.09,2026-09-14 16:20:12.306099
BND,2023-07-14,84.77,85.31,83.98,84.41,93570045,84.41,-0.3599999999999994,-0.42,2026-09-14 16:20:12.306099
BND,2023-07-17,84.41,84.77,83.57,84.32,64441622,84.32,-0.0900000000000034,-0.11,2026-09-14 16:20:12.306099
BND,2023-07-18,84.32,84.76,84.12,84.54,82129088,84.54,0.220000000000013,0.26,2026-09-14 16:20:12.306099
BND,2023-07-19,84.54,84.69,84.52,84.68,98056235,84.68,0.1400000000000005,0.17,2026-09-14 16:20:12.306099
BND,2023-07-20,84.68,85.45,83.91,85.03,41651865,85.03,0.3499999999999943,0.41,2026-09-14 16:20:12.306099
BND,2023-07-21,85.03,85.77,84.62,85.16,79716870,85.16,0.1299999999999954,0.15,2026-09-14 16:20:12.306099
BND,2023-07-24,85.16,85.74,85.14,85.56,83930896,85.56,0.4000000000000057,0.47,2026-09-14 16:20:12.306099
BND,2023-07-25,85.56,86.03,85.3,85.49,85760988,85.49,-0.0700000000000073,-0.08,2026-09-14 16:20:12.306099
BND,2023-07-26,85.49,86.31,84.83,85.23,97890851,85.23,-0.2599999999999909,-0.3,2026-09-14 16:20:12.306099
BND,2023-07-27,85.23,85.76,84.6,85.18,54079431,85.18,-0.0499999999999971,-0.06,2026-09-14 16:20:12.306099
BND,2023-07-28,85.18,85.37,84.55,84.85,73179392,84.85,-0.3300000000000125,-0.39,2026-09-14 16:20:12.306099
BND,2023-07-31,84.85,85.45,84.53,84.79,34465225,84.79,-0.059999999999988,-0.07,2026-09-14 16:20:12.306099
BND,2023-08-01,84.79,84.97,83.54,84.35,99161113,84.35,-0.4400000000000119,-0.52,2026-09-14 16:20:12.306099
BND,2023-08-02,84.35,85.32,84.29,84.98,80039681,84.98,0.6300000000000097,0.75,2026-09-14 16:20:12.306099
BND,2023-08-03,84.98,85.92,84.14,85.13,21016880,85.13,0.1499999999999914,0.18,2026-09-14 16:20:12.306099
BND,2023-08-04,85.13,85.52,84.21,84.66,26161721,84.66,-0.4699999999999988,-0.55,2026-09-14 16:20:12.306099
BND,2023-08-07,84.66,85.14,83.91,85.0,50857715,85.0,0.3400000000000034,0.4,2026-09-14 16:20:12.306099
BND,2023-08-08,85.0,85.78,84.33,84.96,58676309,84.96,-0.0400000000000062,-0.05,2026-09-14 16:20:12.306099
BND,2023-08-09,84.96,85.45,84.67,85.06,95156544,85.06,0.1000000000000085,0.12,2026-09-14 16:20:12.306099
BND,2023-08-10,85.06,85.42,84.4,85.07,42790750,85.07,0.0099999999999909,0.01,2026-09-14 16:20:12.306099
BND,2023-08-11,85.07,85.27,84.99,85.02,66587600,85.02,-0.0499999999999971,-0.06,2026-09-14 16:20:12.306099
BND,2023-08-14,85.02,85.82,84.66,85.03,22203123,85.03,0.0100000000000051,0.01,2026-09-14 16:20:12.306099
BND,2023-08-15,85.03,85.37,84.13,84.63,34705044,84.63,-0.4000000000000057,-0.47,2026-09-14 16:20:12.306099
BND,2023-08-16,84.63,85.63,84.27,84.86,68641254,84.86,0.2300000000000039,0.27,2026-09-14 16:20:12.306099
BND,2023-08-17,84.86,86.06,84.63,85.37,62182251,85.37,0.5100000000000051,0.6,2026-09-14 16:20:12.306099
BND,2023-08-18,85.37,85.43,84.87,85.14,29082759,85.14,-0.2300000000000039,-0.27,2026-09-14 16:20:12.306099
BND,2023-08-21,85.14,85.39,84.31,85.17,54311123,85.17,0.0300000000000011,0.04,2026-09-14 16:20:12.306099
BND,2023-08-22,85.17,85.99,85.01,85.65,85031492,85.65,0.480000000000004,0.56,2026-09-14 16:20:12.306099
BND,2023-08-23,85.65,86.83,85.61,86.08,36964713,86.08,0.4299999999999926,0.5,2026-09-14 16:20:12.306099
BND,2023-08-24,86.08,86.67,85.59,86.03,94540561,86.03,-0.0499999999999971,-0.06,2026-09-14 16:20:12.306099
BND,2023-08-25,86.03,86.07,84.93,85.58,62155058,85.58,-0.4500000000000028,-0.52,2026-09-14 16:20:12.306099
BND,2023-08-28,85.58,86.04,84.95,85.68,25395913,85.68,0.1000000000000085,0.12,2026-09-14 16:20:12.306099
BND,2023-08-29,85.68,86.05,85.01,85.87,87512717,85.87,0.1899999999999977,0.22,2026-09-14 16:20:12.306099
BND,2023-08-30,85.87,86.29,85.5,85.88,85041201,85.88,0.0099999999999909,0.01,2026-09-14 16:20:12.306099
BND,2023-08-31,85.88,86.7,85.67,86.17,50154131,86.17,0.2900000000000062,0.34,2026-09-14 16:20:12.306099
BND,2023-09-01,86.17,86.74,85.53,85.7,46517673,85.7,-0.4699999999999988,-0.55,2026-09-14 16:20:12.306099
BND,2023-09-04,85.7,86.53,84.93,86.06,30927469,86.06,0.3599999999999994,0.42,2026-09-14 16:20:12.306099
BND,2023-09-05,86.06,86.49,85.39,85.73,71604420,85.73,-0.3299999999999983,-0.38,2026-09-14 16:20:12.306099
BND,2023-09-06,85.73,86.17,85.44,85.56,66627773,85.56,-0.1700000000000017,-0.2,2026-09-14 16:20:12.306099
BND,2023-09-07,85.56,85.83,85.17,85.81,54343323,85.81,0.25,0.29,2026-09-14 16:20:12.306099
BND,2023-09-08,85.81,86.53,85.46,86.47,80693310,86.47,0.6599999999999966,0.77,2026-09-14 16:20:12.306099
BND,2023-09-11,86.47,87.19,86.16,86.54,92807891,86.54,0.0700000000000073,0.08,2026-09-14 16:20:12.306099
BND,2023-09-12,86.54,87.0,86.08,86.92,52374146,86.92,0.3799999999999954,0.44,2026-09-14 16:20:12.306099
BND,2023-09-13,86.92,87.12,86.66,86.86,77419861,86.86,-0.0600000000000022,-0.07,2026-09-14 16:20:12.306099
BND,2023-09-14,86.86,87.57,86.3,86.94,17499443,86.94,0.0799999999999983,0.09,2026-09-14 16:20:12.306099
BND,2023-09-15,86.94,87.7,85.64,86.35,10797567,86.35,-0.5900000000000034,-0.68,2026-09-14 16:20:12.306099
BND,2023-09-18,86.35,87.21,85.83,86.42,36129346,86.42,0.0700000000000073,0.08,2026-09-14 16:20:12.306099
BND,2023-09-19,86.42,87.43,85.75,86.84,92132628,86.84,0.4200000000000017,0.49,2026-09-14 16:20:12.306099
BND,2023-09-20,86.84,87.13,86.21,86.73,19136726,86.73,-0.1099999999999994,-0.13,2026-09-14 16:20:12.306099
BND,2023-09-21,86.73,86.8,85.67,86.47,23718918,86.47,-0.2600000000000051,-0.3,2026-09-14 16:20:12.306099
BND,2023-09-22,86.47,87.6,86.19,87.23,58395758,87.23,0.7600000000000051,0.88,2026-09-14 16:20:12.306099
BND,2023-09-25,87.23,87.57,86.81,87.24,82297394,87.24,0.0099999999999909,0.01,2026-09-14 16:20:12.306099
BND,2023-09-26,87.24,88.2,86.91,87.45,22681497,87.45,0.2100000000000079,0.24,2026-09-14 16:20:12.306099
BND,2023-09-27,87.45,88.3,87.14,87.33,25727982,87.33,-0.1200000000000045,-0.14,2026-09-14 16:20:12.306099
BND,2023-09-28,87.33,88.16,86.95,87.08,79250757,87.08,-0.25,-0.29,2026-09-14 16:20:12.306099
BND,2023-09-29,87.08,87.51,86.52,86.95,97153440,86.95,-0.1299999999999954,-0.15,2026-09-14 16:20:12.306099
BND,2023-10-02,86.95,87.63,86.63,86.63,66574909,86.63,-0.3200000000000074,-0.37,2026-09-14 16:20:12.306099
BND,2023-10-03,86.63,87.37,85.83,86.72,77845159,86.72,0.0900000000000034,0.1,2026-09-14 16:20:12.306099
BND,2023-10-04,86.72,87.54,85.85,87.32,52156792,87.32,0.5999999999999943,0.69,2026-09-14 16:20:12.306099
BND,2023-10-05,87.32,87.9,86.98,87.46,63427381,87.46,0.1400000000000005,0.16,2026-09-14 16:20:12.306099
BND,2023-10-06,87.46,87.67,85.97,86.78,93504563,86.78,-0.6799999999999926,-0.78,2026-09-14 16:20:12.306099
BND,2023-10-09,86.78,87.61,85.86,86.22,44864098,86.22,-0.5600000000000023,-0.65,2026-09-14 16:20:12.306099
BND,2023-10-10,86.22,86.95,85.56,86.41,47146944,86.41,0.1899999999999977,0.22,2026-09-14 16:20:12.306099
BND,2023-10-11,86.41,86.48,85.34,86.17,30516307,86.17,-0.2399999999999948,-0.28,2026-09-14 16:20:12.306099
BND,2023-10-12,86.17,86.27,85.26,85.81,45178790,85.81,-0.3599999999999994,-0.42,2026-09-14 16:20:12.306099
BND,2023-10-13,85.81,86.27,85.64,85.75,10966645,85.75,-0.0600000000000022,-0.07,2026-09-14 16:20:12.306099
BND,2023-10-16,85.75,87.21,85.04,86.58,40720153,86.58,0.8299999999999983,0.97,2026-09-14 16:20:12.306099
BND,2023-10-17,86.58,86.96,85.82,86.75,96868643,86.75,0.1700000000000017,0.2,2026-09-14 16:20:12.306099
BND,2023-10-18,86.75,86.84,86.37,86.76,99145511,86.76,0.0100000000000051,0.01,2026-09-14 16:20:12.306099
BND,2023-10-19,86.76,87.75,85.95,87.17,79588304,87.17,0.4099999999999966,0.47,2026-09-14 16:20:12.306099
BND,2023-10-20,87.17,88.22,86.36,87.78,45526003,87.78,0.6099999999999994,0.7,2026-09-14 16:20:12.306099
BND,2023-10-23,87.78,88.16,86.94,87.6,92414250,87.6,-0.1800000000000068,-0.21,2026-09-14 16:20:12.306099
BND,2023-10-24,87.6,88.05,87.56,87.78,82833396,87.78,0.1800000000000068,0.21,2026-09-14 16:20:12.306099
BND,2023-10-25,87.78,88.01,86.69,87.46,92827248,87.46,-0.3200000000000074,-0.36,2026-09-14 16:20:12.306099
BND,2023-10-26,87.46,88.07,86.6,87.54,88732506,87.54,0.0800000000000125,0.09,2026-09-14 16:20:12.306099
BND,2023-10-27,87.54,88.86,87.06,88.0,92803231,88.0,0.4599999999999937,0.53,2026-09-14 16:20:12.306099
BND,2023-10-30,88.0,88.6,87.71,88.03,12432702,88.03,0.0300000000000011,0.03,2026-09-14 16:20:12.306099
BND,2023-10-31,88.03,88.8,87.27,88.2,10211193,88.2,0.1700000000000017,0.19,2026-09-14 16:20:12.306099
BND,2023-11-01,88.2,89.17,87.95,88.57,22753256,88.57,0.3699999999999903,0.42,2026-09-14 16:20:12.306099
BND,2023-11-02,88.57,89.44,88.04,88.87,87275221,88.87,0.3000000000000113,0.34,2026-09-14 16:20:12.306099
BND,2023-11-03,88.87,89.33,88.16,89.21,98936733,89.21,0.3399999999999892,0.38,2026-09-14 16:20:12.306099
BND,2023-11-06,89.21,90.65,88.53,89.87,92042676,89.87,0.6600000000000108,0.74,2026-09-14 16:20:12.306099
BND,2023-11-07,89.87,90.12,89.76,90.03,78687857,90.03,0.1599999999999966,0.18,2026-09-14 16:20:12.306099
BND,2023-11-08,90.03,91.26,89.98,90.85,16003543,90.85,0.8199999999999932,0.91,2026-09-14 16:20:12.306099
BND,2023-11-09,90.85,92.14,90.49,91.3,68555783,91.3,0.4500000000000028,0.5,2026-09-14 16:20:12.306099
BND,2023-11-10,91.3,92.24,90.54,91.43,27941370,91.43,0.1300000000000096,0.14,2026-09-14 16:20:12.306099
BND,2023-11-13,91.43,92.21,90.43,91.28,63093442,91.28,-0.1500000000000056,-0.16,2026-09-14 16:20:12.306099
BND,2023-11-14,91.28,92.02,90.68,91.51,34524015,91.51,0.2300000000000039,0.25,2026-09-14 16:20:12.306099
BND,2023-11-15,91.51,92.12,90.68,91.91,48266268,91.91,0.3999999999999915,0.44,2026-09-14 16:20:12.306099
BND,2023-11-16,91.91,92.41,91.33,91.91,88242701,91.91,0.0,0.0,2026-09-14 16:20:12.306099
BND,2023-11-17,91.91,92.0,90.99,91.84,60881931,91.84,-0.0699999999999931,-0.08,2026-09-14 16:20:12.306099
BND,2023-11-20,91.84,92.73,91.73,91.91,18773455,91.91,0.0699999999999931,0.08,2026-09-14 16:20:12.306099
BND,2023-11-21,91.91,92.64,91.44,92.06,93609284,92.06,0.1500000000000056,0.16,2026-09-14 16:20:12.306099
BND,2023-11-22,92.06,93.05,92.04,92.14,20668059,92.14,0.0799999999999983,0.09,2026-09-14 16:20:12.306099
BND,2023-11-23,92.14,92.45,91.73,92.38,87883495,92.38,0.2399999999999948,0.26,2026-09-14 16:20:12.306099
BND,2023-11-24,92.38,93.43,92.37,92.73,87913542,92.73,0.3500000000000085,0.38,2026-09-14 16:20:12.306099
BND,2023-11-27,92.73,93.41,91.93,92.6,25976892,92.6,-0.1300000000000096,-0.14,2026-09-14 16:20:12.306099
BND,2023-11-28,92.6,93.46,92.29,92.53,74352506,92.53,-0.0699999999999931,-0.08,2026-09-14 16:20:12.306099
BND,2023-11-29,92.53,93.02,92.18,92.69,50730625,92.69,0.1599999999999966,0.17,2026-09-14 16:20:12.306099
BND,2023-11-30,92.69,93.39,92.24,92.98,30008574,92.98,0.2900000000000062,0.31,2026-09-14 16:20:12.306099
BND,2023-12-01,92.98,94.02,92.43,93.19,96450406,93.19,0.2099999999999937,0.23,2026-09-14 16:20:12.306099
BND,2023-12-04,93.19,94.09,92.8,92.95,30291166,92.95,-0.2399999999999948,-0.26,2026-09-14 16:20:12.306099
BND,2023-12-05,92.95,93.45,92.61,93.06,77890182,93.06,0.1099999999999994,0.12,2026-09-14 16:20:12.306099
BND,2023-12-06,93.06,93.38,92.67,93.04,46754538,93.04,-0.019999999999996,-0.02,2026-09-14 16:20:12.306099
BND,2023-12-07,93.04,93.25,92.53,93.03,80364443,93.03,-0.0100000000000051,-0.01,2026-09-14 16:20:12.306099
BND,2023-12-08,93.03,93.46,92.43,93.11,24152847,93.11,0.0799999999999983,0.09,2026-09-14 16:20:12.306099
BND,2023-12-11,93.11,93.33,92.5,93.13,20112761,93.13,0.019999999999996,0.02,2026-09-14 16:20:12.306099
BND,2023-12-12,93.13,94.11,92.35,93.55,75209614,93.55,0.4200000000000017,0.45,2026-09-14 16:20:12.306099
BND,2023-12-13,93.55,94.19,92.8,93.12,30855149,93.12,-0.4299999999999926,-0.46,2026-09-14 16:20:12.306099
BND,2023-12-14,93.12,93.38,92.71,92.83,43230229,92.83,-0.2900000000000062,-0.31,2026-09-14 16:20:12.306099
BND,2023-12-15,92.83,93.48,92.03,92.32,55769713,92.32,-0.5100000000000051,-0.55,2026-09-14 16:20:12.306099
BND,2023-12-18,92.32,93.62,91.85,93.16,37116715,93.16,0.8400000000000034,0.91,2026-09-14 16:20:12.306099
BND,2023-12-19,93.16,94.07,92.61,93.11,60586896,93.11,-0.0499999999999971,-0.05,2026-09-14 16:20:12.306099
BND,2023-12-20,93.11,93.28,92.75,93.08,96938266,93.08,-0.0300000000000011,-0.03,2026-09-14 16:20:12.306099
BND,2023-12-21,93.08,93.48,92.16,93.2,53299777,93.2,0.1200000000000045,0.13,2026-09-14 16:20:12.306099
BND,2023-12-22,93.2,93.79,92.5,92.97,96170418,92.97,-0.2300000000000039,-0.25,2026-09-14 16:20:12.306099
BND,2023-12-25,92.97,94.09,92.71,93.36,82600239,93.36,0.3900000000000005,0.42,2026-09-14 16:20:12.306099
BND,2023-12-26,93.36,94.15,92.17,92.98,74631475,92.98,-0.3799999999999954,-0.41,2026-09-14 16:20:12.306099
BND,2023-12-27,92.98,93.1,92.66,93.06,54556287,93.06,0.0799999999999983,0.09,2026-09-14 16:20:12.306099
BND,2023-12-28,93.06,93.75,92.1,92.77,97473205,92.77,-0.2900000000000062,-0.31,2026-09-14 16:20:12.306099
BND,2023-12-29,92.77,93.79,92.08,93.06,98987456,93.06,0.2900000000000062,0.31,2026-09-14 16:20:12.306099
BND,2024-01-01,93.06,93.4,93.05,93.13,97134953,93.13,0.0699999999999931,0.08,2026-09-14 16:20:12.306099
BND,2024-01-02,93.13,93.89,91.99,92.73,76218498,92.73,-0.3999999999999915,-0.43,2026-09-14 16:20:12.306099
BND,2024-01-03,92.73,93.59,91.87,92.72,44130407,92.72,-0.0100000000000051,-0.01,2026-09-14 16:20:12.306099
BND,2024-01-04,92.72,92.86,92.31,92.82,85148157,92.82,0.0999999999999943,0.11,2026-09-14 16:20:12.306099
BND,2024-01-05,92.82,93.2,92.24,92.52,55594129,92.52,-0.2999999999999971,-0.32,2026-09-14 16:20:12.306099
BND,2024-01-08,92.52,93.29,92.39,92.7,42601054,92.7,0.1800000000000068,0.19,2026-09-14 16:20:12.306099
BND,2024-01-09,92.7,93.46,91.93,92.96,93895458,92.96,0.2599999999999909,0.28,2026-09-14 16:20:12.306099
BND,2024-01-10,92.96,93.98,92.59,93.77,36675827,93.77,0.8100000000000023,0.87,2026-09-14 16:20:12.306099
BND,2024-01-11,93.77,93.81,93.58,93.65,85452533,93.65,-0.1199999999999903,-0.13,2026-09-14 16:20:12.306099
BND,2024-01-12,93.65,94.42,92.91,93.19,37830103,93.19,-0.4600000000000079,-0.49,2026-09-14 16:20:12.306099
BND,2024-01-15,93.19,93.41,92.86,93.39,85182121,93.39,0.2000000000000028,0.21,2026-09-14 16:20:12.306099
BND,2024-01-16,93.39,93.7,93.36,93.64,24292055,93.64,0.25,0.27,2026-09-14 16:20:12.306099
BND,2024-01-17,93.64,93.83,93.35,93.57,90004842,93.57,-0.0700000000000073,-0.07,2026-09-14 16:20:12.306099
BND,2024-01-18,93.57,94.12,93.35,93.76,70466102,93.76,0.1900000000000119,0.2,2026-09-14 16:20:12.306099
BND,2024-01-19,93.76,93.9,92.67,93.51,51654331,93.51,-0.25,-0.27,2026-09-14 16:20:12.306099
BND,2024-01-22,93.51,93.79,93.18,93.74,11330285,93.74,0.2299999999999897,0.25,2026-09-14 16:20:12.306099
BND,2024-01-23,93.74,93.81,93.12,93.44,80357381,93.44,-0.2999999999999971,-0.32,2026-09-14 16:20:12.306099
BND,2024-01-24,93.44,94.7,92.79,94.09,68610819,94.09,0.6500000000000057,0.7,2026-09-14 16:20:12.306099
BND,2024-01-25,94.09,94.42,94.0,94.02,49764326,94.02,-0.0700000000000073,-0.07,2026-09-14 16:20:12.306099
BND,2024-01-26,94.02,94.46,93.34,93.77,26084938,93.77,-0.25,-0.27,2026-09-14 16:20:12.306099
BND,2024-01-29,93.77,94.43,93.19,93.71,93331772,93.71,-0.0600000000000022,-0.06,2026-09-14 16:20:12.306099
BND,2024-01-30,93.71,94.13,93.54,93.89,58999580,93.89,0.1800000000000068,0.19,2026-09-14 16:20:12.306099
BND,2024-01-31,93.89,94.7,93.19,93.47,54183790,93.47,-0.4200000000000017,-0.45,2026-09-14 16:20:12.306099
BND,2024-02-01,93.47,93.76,92.58,93.27,72286564,93.27,-0.2000000000000028,-0.21,2026-09-14 16:20:12.306099
BND,2024-02-02,93.27,93.88,92.84,93.32,50402538,93.32,0.0499999999999971,0.05,2026-09-14 16:20:12.306099
BND,2024-02-05,93.32,94.09,92.91,93.74,24730400,93.74,0.4200000000000017,0.45,2026-09-14 16:20:12.306099
BND,2024-02-06,93.74,93.81,92.65,93.57,22936381,93.57,-0.1700000000000017,-0.18,2026-09-14 16:20:12.306099
BND,2024-02-07,93.57,93.87,93.3,93.65,39020792,93.65,0.0800000000000125,0.09,2026-09-14 16:20:12.306099
BND,2024-02-08,93.65,94.36,93.4,94.19,19108548,94.19,0.539999999999992,0.58,2026-09-14 16:20:12.306099
BND,2024-02-09,94.19,95.08,93.53,93.89,79960447,93.89,-0.2999999999999971,-0.32,2026-09-14 16:20:12.306099
BND,2024-02-12,93.89,94.91,93.11,94.49,12413750,94.49,0.5999999999999943,0.64,2026-09-14 16:20:12.306099
BND,2024-02-13,94.49,95.14,94.16,94.68,91615145,94.68,0.1900000000000119,0.2,2026-09-14 16:20:12.306099
BND,2024-02-14,94.68,96.13,93.8,95.2,34113089,95.2,0.519999999999996,0.55,2026-09-14 16:20:12.306099
BND,2024-02-15,95.2,95.97,94.69,94.88,75875640,94.88,-0.3200000000000074,-0.34,2026-09-14 16:20:12.306099
BND,2024-02-16,94.88,95.07,94.39,94.87,77129355,94.87,-0.0099999999999909,-0.01,2026-09-14 16:20:12.306099
BND,2024-02-19,94.87,95.45,94.46,94.72,47384007,94.72,-0.1500000000000056,-0.16,2026-09-14 16:20:12.306099
BND,2024-02-20,94.72,94.98,93.72,94.03,63896293,94.03,-0.6899999999999977,-0.73,2026-09-14 16:20:12.306099
BND,2024-02-21,94.03,94.07,92.88,93.53,11962576,93.53,-0.5,-0.53,2026-09-14 16:20:12.306099
BND,2024-02-22,93.53,93.85,93.14,93.15,89612678,93.15,-0.3799999999999954,-0.41,2026-09-14 16:20:12.306099
BND,2024-02-23,93.15,93.91,92.54,92.94,41876369,92.94,-0.2100000000000079,-0.23,2026-09-14 16:20:12.306099
BND,2024-02-26,92.94,93.32,92.34,92.86,35004059,92.86,-0.0799999999999983,-0.09,2026-09-14 16:20:12.306099
BND,2024-02-27,92.86,93.49,92.13,93.41,41396574,93.41,0.5499999999999972,0.59,2026-09-14 16:20:12.306099
BND,2024-02-28,93.41,93.65,92.24,92.68,37497898,92.68,-0.7299999999999898,-0.78,2026-09-14 16:20:12.306099
BND,2024-02-29,92.68,93.67,92.23,92.92,43023480,92.92,0.2399999999999948,0.26,2026-09-14 16:20:12.306099
BND,2024-03-01,92.92,93.1,91.92,92.48,76026201,92.48,-0.4399999999999977,-0.47,2026-09-14 16:20:12.306099
BND,2024-03-04,92.48,93.16,91.8,92.55,20567496,92.55,0.0699999999999931,0.08,2026-09-14 16:20:12.306099
BND,2024-03-05,92.55,93.12,91.83,92.74,61075461,92.74,0.1899999999999977,0.21,2026-09-14 16:20:12.306099
BND,2024-03-06,92.74,93.04,92.43,92.43,11819808,92.43,-0.309999999999988,-0.33,2026-09-14 16:20:12.306099
BND,2024-03-07,92.43,92.54,91.67,91.78,64246566,91.78,-0.6500000000000057,-0.7,2026-09-14 16:20:12.306099
BND,2024-03-08,91.78,91.82,90.81,91.35,23123673,91.35,-0.4300000000000068,-0.47,2026-09-14 16:20:12.306099
BND,2024-03-11,91.35,92.26,90.86,91.34,13076921,91.34,-0.0099999999999909,-0.01,2026-09-14 16:20:12.306099
BND,2024-03-12,91.34,92.43,91.13,91.81,96800431,91.81,0.4699999999999988,0.51,2026-09-14 16:20:12.306099
BND,2024-03-13,91.81,92.16,91.32,92.14,70857066,92.14,0.3299999999999983,0.36,2026-09-14 16:20:12.306099
BND,2024-03-14,92.14,92.99,91.01,91.84,22506406,91.84,-0.2999999999999971,-0.33,2026-09-14 16:20:12.306099
BND,2024-03-15,91.84,92.29,91.28,92.0,64143578,92.0,0.1599999999999966,0.17,2026-09-14 16:20:12.306099
BND,2024-03-18,92.0,92.87,91.63,91.92,82377949,91.92,-0.0799999999999983,-0.09,2026-09-14 16:20:12.306099
BND,2024-03-19,91.92,92.01,91.14,91.35,29367235,91.35,-0.5700000000000074,-0.62,2026-09-14 16:20:12.306099
BND,2024-03-20,91.35,92.03,90.59,91.71,53021620,91.71,0.3599999999999994,0.39,2026-09-14 16:20:12.306099
BND,2024-03-21,91.71,92.54,90.91,91.31,77036672,91.31,-0.3999999999999915,-0.44,2026-09-14 16:20:12.306099
BND,2024-03-22,91.31,91.41,91.03,91.07,28741615,91.07,-0.2400000000000091,-0.26,2026-09-14 16:20:12.306099
BND,2024-03-25,91.07,92.18,90.66,91.83,19168875,91.83,0.7600000000000051,0.83,2026-09-14 16:20:12.306099
BND,2024-03-26,91.83,93.44,91.26,92.7,98615267,92.7,0.8700000000000045,0.95,2026-09-14 16:20:12.306099
BND,2024-03-27,92.7,92.8,92.24,92.78,33976725,92.78,0.0799999999999983,0.09,2026-09-14 16:20:12.306099
BND,2024-03-28,92.78,93.8,92.69,93.06,92560438,93.06,0.2800000000000011,0.3,2026-09-14 16:20:12.306099
BND,2024-03-29,93.06,93.7,92.45,92.81,70069529,92.81,-0.25,-0.27,2026-09-14 16:20:12.306099
BND,2024-04-01,92.81,94.09,91.94,93.22,56746073,93.22,0.4099999999999966,0.44,2026-09-14 16:20:12.306099
BND,2024-04-02,93.22,93.81,92.64,93.18,58919191,93.18,-0.039999999999992,-0.04,2026-09-14 16:20:12.306099
BND,2024-04-03,93.18,94.3,92.62,93.5,27625091,93.5,0.3199999999999932,0.34,2026-09-14 16:20:12.306099
BND,2024-04-04,93.5,93.7,93.15,93.3,99735204,93.3,-0.2000000000000028,-0.21,2026-09-14 16:20:12.306099
BND,2024-04-05,93.3,93.39,92.24,92.76,84447436,92.76,-0.539999999999992,-0.58,2026-09-14 16:20:12.306099
BND,2024-04-08,92.76,93.59,92.69,93.13,48582200,93.13,0.3699999999999903,0.4,2026-09-14 16:20:12.306099
BND,2024-04-09,93.13,93.26,91.83,92.69,67139828,92.69,-0.4399999999999977,-0.47,2026-09-14 16:20:12.306099
BND,2024-04-10,92.69,93.53,91.2,92.06,77330315,92.06,-0.6299999999999955,-0.68,2026-09-14 16:20:12.306099
BND,2024-04-11,92.06,92.82,91.34,91.81,34448852,91.81,-0.25,-0.27,2026-09-14 16:20:12.306099
BND,2024-04-12,91.81,92.13,91.39,91.85,80320162,91.85,0.039999999999992,0.04,2026-09-14 16:20:12.306099
BND,2024-04-15,91.85,92.1,91.5,91.58,87018047,91.58,-0.269999999999996,-0.29,2026-09-14 16:20:12.306099
BND,2024-04-16,91.58,91.98,90.78,91.47,86475384,91.47,-0.1099999999999994,-0.12,2026-09-14 16:20:12.306099
BND,2024-04-17,91.47,92.12,91.26,91.54,94156115,91.54,0.0700000000000073,0.08,2026-09-14 16:20:12.306099
BND,2024-04-18,91.54,92.5,91.43,91.84,67322885,91.84,0.2999999999999971,0.33,2026-09-14 16:20:12.306099
BND,2024-04-19,91.84,92.25,90.82,91.44,81669478,91.44,-0.4000000000000057,-0.44,2026-09-14 16:20:12.306099
BND,2024-04-22,91.44,92.94,91.24,92.13,60660840,92.13,0.6899999999999977,0.75,2026-09-14 16:20:12.306099
BND,2024-04-23,92.13,92.4,91.18,92.01,11040109,92.01,-0.1199999999999903,-0.13,2026-09-14 16:20:12.306099
BND,2024-04-24,92.01,92.31,91.26,91.89,18254646,91.89,-0.1200000000000045,-0.13,2026-09-14 16:20:12.306099
BND,2024-04-25,91.89,92.73,91.31,91.82,42590934,91.82,-0.0700000000000073,-0.08,2026-09-14 16:20:12.306099
BND,2024-04-26,91.82,92.73,91.71,92.07,69913138,92.07,0.25,0.27,2026-09-14 16:20:12.306099
BND,2024-04-29,92.07,92.85,91.78,92.16,46115018,92.16,0.0900000000000034,0.1,2026-09-14 16:20:12.306099
BND,2024-04-30,92.16,93.21,91.69,92.67,98816472,92.67,0.5100000000000051,0.55,2026-09-14 16:20:12.306099
BND,2024-05-01,92.67,93.04,91.36,92.06,74179052,92.06,-0.6099999999999994,-0.66,2026-09-14 16:20:12.306099
BND,2024-05-02,92.06,92.66,91.14,91.43,45788677,91.43,-0.6299999999999955,-0.68,2026-09-14 16:20:12.306099
BND,2024-05-03,91.43,92.71,91.31,91.86,59113335,91.86,0.4299999999999926,0.47,2026-09-14 16:20:12.306099
BND,2024-05-06,91.86,91.99,91.52,91.79,67021211,91.79,-0.0699999999999931,-0.08,2026-09-14 16:20:12.306099
BND,2024-05-07,91.79,92.81,90.96,91.92,17614130,91.92,0.1299999999999954,0.14,2026-09-14 16:20:12.306099
BND,2024-05-08,91.92,93.08,91.86,92.78,37550155,92.78,0.8599999999999994,0.94,2026-09-14 16:20:12.306099
BND,2024-05-09,92.78,93.57,92.56,92.95,74725882,92.95,0.1700000000000017,0.18,2026-09-14 16:20:12.306099
BND,2024-05-10,92.95,94.21,92.45,93.52,83705108,93.52,0.5699999999999932,0.61,2026-09-14 16:20:12.306099
BND,2024-05-13,93.52,93.63,92.67,93.43,39139129,93.43,-0.0899999999999892,-0.1,2026-09-14 16:20:12.306099
BND,2024-05-14,93.43,94.33,93.11,93.7,24551529,93.7,0.269999999999996,0.29,2026-09-14 16:20:12.306099
BND,2024-05-15,93.7,94.49,92.53,93.31,66385435,93.31,-0.3900000000000005,-0.42,2026-09-14 16:20:12.306099
BND,2024-05-16,93.31,94.17,92.61,93.87,46976853,93.87,0.5600000000000023,0.6,2026-09-14 16:20:12.306099
BND,2024-05-17,93.87,94.68,93.87,94.39,64314105,94.39,0.519999999999996,0.55,2026-09-14 16:20:12.306099
BND,2024-05-20,94.39,95.61,94.14,95.01,82996385,95.01,0.6200000000000045,0.66,2026-09-14 16:20:12.306099
BND,2024-05-21,95.01,95.74,94.11,94.69,47446373,94.69,-0.3200000000000074,-0.34,2026-09-14 16:20:12.306099
BND,2024-05-22,94.69,95.56,94.21,95.02,68370447,95.02,0.3299999999999983,0.35,2026-09-14 16:20:12.306099
BND,2024-05-23,95.02,96.55,94.7,95.68,30222366,95.68,0.6600000000000108,0.69,2026-09-14 16:20:12.306099
BND,2024-05-24,95.68,95.9,94.62,95.57,47844328,95.57,-0.1100000000000136,-0.11,2026-09-14 16:20:12.306099
BND,2024-05-27,95.57,95.97,95.53,95.91,18562650,95.91,0.3400000000000034,0.36,2026-09-14 16:20:12.306099
BND,2024-05-28,95.91,96.25,95.61,95.94,48708257,95.94,0.0300000000000011,0.03,2026-09-14 16:20:12.306099
BND,2024-05-29,95.94,96.0,94.99,95.06,26393173,95.06,-0.8799999999999955,-0.92,2026-09-14 16:20:12.306099
BND,2024-05-30,95.06,95.2,94.3,94.65,92999813,94.65,-0.4099999999999966,-0.43,2026-09-14 16:20:12.306099
BND,2024-05-31,94.65,94.81,93.98,94.6,54179293,94.6,-0.0500000000000113,-0.05,2026-09-14 16:20:12.306099
BND,2024-06-03,94.6,95.35,93.64,94.32,97956852,94.32,-0.2800000000000011,-0.3,2026-09-14 16:20:12.306099
BND,2024-06-04,94.32,94.87,93.07,93.72,46855614,93.72,-0.5999999999999943,-0.64,2026-09-14 16:20:12.306099
BND,2024-06-05,93.72,94.23,93.32,93.63,10854234,93.63,-0.0900000000000034,-0.1,2026-09-14 16:20:12.306099
BND,2024-06-06,93.63,94.12,92.31,93.06,26830416,93.06,-0.5699999999999932,-0.61,2026-09-14 16:20:12.306099
BND,2024-06-07,93.06,93.08,92.09,92.64,45716716,92.64,-0.4200000000000017,-0.45,2026-09-14 16:20:12.306099
BND,2024-06-10,92.64,93.59,92.43,93.19,26508308,93.19,0.5499999999999972,0.59,2026-09-14 16:20:12.306099
BND,2024-06-11,93.19,93.4,91.9,92.58,74022448,92.58,-0.6099999999999994,-0.65,2026-09-14 16:20:12.306099
BND,2024-06-12,92.58,93.52,91.85,92.7,81646052,92.7,0.1200000000000045,0.13,2026-09-14 16:20:12.306099
BND,2024-06-13,92.7,93.24,91.44,92.35,26123692,92.35,-0.3500000000000085,-0.38,2026-09-14 16:20:12.306099
BND,2024-06-14,92.35,93.0,91.9,92.17,64740990,92.17,-0.1799999999999926,-0.19,2026-09-14 16:20:12.306099
BND,2024-06-17,92.17,92.57,91.34,92.26,22783911,92.26,0.0900000000000034,0.1,2026-09-14 16:20:12.306099
BND,2024-06-18,92.26,92.88,91.41,92.13,84899304,92.13,-0.1300000000000096,-0.14,2026-09-14 16:20:12.306099
BND,2024-06-19,92.13,92.94,91.27,91.83,84089657,91.83,-0.2999999999999971,-0.33,2026-09-14 16:20:12.306099
BND,2024-06-20,91.83,92.66,91.35,92.33,61926132,92.33,0.5,0.54,2026-09-14 16:20:12.306099
BND,2024-06-21,92.33,93.57,91.71,93.07,42543557,93.07,0.7399999999999949,0.8,2026-09-14 16:20:12.306099
BND,2024-06-24,93.07,93.34,92.26,93.07,63928594,93.07,0.0,0.0,2026-09-14 16:20:12.306099
BND,2024-06-25,93.07,94.05,92.45,93.17,35184109,93.17,0.1000000000000085,0.11,2026-09-14 16:20:12.306099
BND,2024-06-26,93.17,94.07,93.07,93.09,66393190,93.09,-0.0799999999999983,-0.09,2026-09-14 16:20:12.306099
BND,2024-06-27,93.09,93.85,92.33,92.92,94329054,92.92,-0.1700000000000017,-0.18,2026-09-14 16:20:12.306099
BND,2024-06-28,92.92,92.94,92.19,92.67,91330125,92.67,-0.25,-0.27,2026-09-14 16:20:12.306099
BND,2024-07-01,92.67,92.74,91.37,92.03,55225771,92.03,-0.6400000000000006,-0.69,2026-09-14 16:20:12.306099
BND,2024-07-02,92.03,92.29,91.4,91.7,70107533,91.7,-0.3299999999999983,-0.36,2026-09-14 16:20:12.306099
BND,2024-07-03,91.7,92.15,90.55,91.29,35057538,91.29,-0.4099999999999966,-0.45,2026-09-14 16:20:12.306099
BND,2024-07-04,91.29,91.63,90.8,91.18,60031217,91.18,-0.1099999999999994,-0.12,2026-09-14 16:20:12.306099
BND,2024-07-05,91.18,92.13,90.93,91.27,19337069,91.27,0.0899999999999892,0.1,2026-09-14 16:20:12.306099
BND,2024-07-08,91.27,91.77,90.86,91.06,90144619,91.06,-0.2099999999999937,-0.23,2026-09-14 16:20:12.306099
BND,2024-07-09,91.06,91.51,90.56,90.97,13666713,90.97,-0.0900000000000034,-0.1,2026-09-14 16:20:12.306099
BND,2024-07-10,90.97,91.51,89.91,90.72,55098825,90.72,-0.25,-0.27,2026-09-14 16:20:12.306099
BND,2024-07-11,90.72,91.13,90.58,90.97,94468138,90.97,0.25,0.28,2026-09-14 16:20:12.306099
BND,2024-07-12,90.97,91.88,90.2,91.13,18607117,91.13,0.1599999999999966,0.18,2026-09-14 16:20:12.306099
BND,2024-07-15,91.13,91.77,90.48,90.68,54159919,90.68,-0.4499999999999886,-0.49,2026-09-14 16:20:12.306099
BND,2024-07-16,90.68,91.5,90.4,90.5,90297383,90.5,-0.1800000000000068,-0.2,2026-09-14 16:20:12.306099
BND,2024-07-17,90.5,91.46,90.5,90.62,29889889,90.62,0.1200000000000045,0.13,2026-09-14 16:20:12.306099
BND,2024-07-18,90.62,90.92,90.09,90.15,78664787,90.15,-0.4699999999999988,-0.52,2026-09-14 16:20:12.306099
BND,2024-07-19,90.15,90.61,89.29,90.2,49620954,90.2,0.0499999999999971,0.06,2026-09-14 16:20:12.306099
BND,2024-07-22,90.2,90.57,89.66,89.97,19664452,89.97,-0.2300000000000039,-0.25,2026-09-14 16:20:12.306099
BND,2024-07-23,89.97,90.27,88.78,89.54,92792365,89.54,-0.4299999999999926,-0.48,2026-09-14 16:20:12.306099
BND,2024-07-24,89.54,89.63,88.85,89.42,53626859,89.42,-0.1200000000000045,-0.13,2026-09-14 16:20:12.306099
BND,2024-07-25,89.42,89.75,89.22,89.51,57290578,89.51,0.0900000000000034,0.1,2026-09-14 16:20:12.306099
BND,2024-07-26,89.51,90.23,89.25,89.57,48414830,89.57,0.059999999999988,0.07,2026-09-14 16:20:12.306099
BND,2024-07-29,89.57,89.76,88.59,89.38,71388392,89.38,-0.1899999999999977,-0.21,2026-09-14 16:20:12.306099
BND,2024-07-30,89.38,90.53,88.99,90.11,31342831,90.11,0.730000000000004,0.82,2026-09-14 16:20:12.306099
BND,2024-07-31,90.11,90.64,89.38,89.76,23084430,89.76,-0.3499999999999943,-0.39,2026-09-14 16:20:12.306099
BND,2024-08-01,89.76,89.77,89.34,89.63,62268307,89.63,-0.1300000000000096,-0.14,2026-09-14 16:20:12.306099
BND,2024-08-02,89.63,89.79,89.23,89.28,36668015,89.28,-0.3499999999999943,-0.39,2026-09-14 16:20:12.306099
BND,2024-08-05,89.28,90.1,89.27,89.48,98278038,89.48,0.2000000000000028,0.22,2026-09-14 16:20:12.306099
BND,2024-08-06,89.48,90.23,88.65,89.79,66525339,89.79,0.3100000000000023,0.35,2026-09-14 16:20:12.306099
BND,2024-08-07,89.79,90.43,88.9,90.18,26222256,90.18,0.3900000000000005,0.43,2026-09-14 16:20:12.306099
BND,2024-08-08,90.18,91.03,89.5,89.83,28885273,89.83,-0.3500000000000085,-0.39,2026-09-14 16:20:12.306099
BND,2024-08-09,89.83,89.96,89.21,89.53,47910884,89.53,-0.2999999999999971,-0.33,2026-09-14 16:20:12.306099
BND,2024-08-12,89.53,90.37,89.52,89.64,85700451,89.64,0.1099999999999994,0.12,2026-09-14 16:20:12.306099
BND,2024-08-13,89.64,90.31,88.66,89.33,91288241,89.33,-0.3100000000000023,-0.35,2026-09-14 16:20:12.306099
BND,2024-08-14,89.33,90.24,88.52,89.73,74728568,89.73,0.4000000000000057,0.45,2026-09-14 16:20:12.306099
BND,2024-08-15,89.73,90.28,88.73,89.45,34737560,89.45,-0.2800000000000011,-0.31,2026-09-14 16:20:12.306099
BND,2024-08-16,89.45,90.23,88.98,89.48,27476848,89.48,0.0300000000000011,0.03,2026-09-14 16:20:12.306099
BND,2024-08-19,89.48,90.26,89.12,89.74,71165496,89.74,0.2599999999999909,0.29,2026-09-14 16:20:12.306099
BND,2024-08-20,89.74,90.52,88.87,89.57,82429467,89.57,-0.1700000000000017,-0.19,2026-09-14 16:20:12.306099
BND,2024-08-21,89.57,89.9,88.93,89.72,16202921,89.72,0.1500000000000056,0.17,2026-09-14 16:20:12.306099
BND,2024-08-22,89.72,89.77,89.17,89.64,71732995,89.64,-0.0799999999999983,-0.09,2026-09-14 16:20:12.306099
BND,2024-08-23,89.64,90.22,89.53,89.85,37166464,89.85,0.2099999999999937,0.23,2026-09-14 16:20:12.306099
BND,2024-08-26,89.85,90.86,89.04,90.08,95822209,90.08,0.2300000000000039,0.26,2026-09-14 16:20:12.306099
BND,2024-08-27,90.08,90.97,89.66,90.7,67756944,90.7,0.6200000000000045,0.69,2026-09-14 16:20:12.306099
BND,2024-08-28,90.7,91.79,90.25,91.07,60092583,91.07,0.3699999999999903,0.41,2026-09-14 16:20:12.306099
BND,2024-08-29,91.07,91.29,89.9,90.63,74063623,90.63,-0.4399999999999977,-0.48,2026-09-14 16:20:12.306099
BND,2024-08-30,90.63,91.47,89.76,90.54,80155418,90.54,-0.0899999999999892,-0.1,2026-09-14 16:20:12.306099
BND,2024-09-02,90.54,90.66,89.91,90.53,19654301,90.53,-0.0100000000000051,-0.01,2026-09-14 16:20:12.306099
BND,2024-09-03,90.53,91.06,90.52,90.69,74933506,90.69,0.1599999999999966,0.18,2026-09-14 16:20:12.306099
BND,2024-09-04,90.69,91.09,90.2,91.02,14867908,91.02,0.3299999999999983,0.36,2026-09-14 16:20:12.306099
BND,2024-09-05,91.02,91.46,90.15,90.6,40509529,90.6,-0.4200000000000017,-0.46,2026-09-14 16:20:12.306099
BND,2024-09-06,90.6,91.73,90.07,91.37,41480644,91.37,0.7700000000000102,0.85,2026-09-14 16:20:12.306099
BND,2024-09-09,91.37,91.9,90.95,91.09,71764196,91.09,-0.2800000000000011,-0.31,2026-09-14 16:20:12.306099
BND,2024-09-10,91.09,91.27,90.54,91.21,81138669,91.21,0.1199999999999903,0.13,2026-09-14 16:20:12.306099
BND,2024-09-11,91.21,92.03,89.89,90.26,76405583,90.26,-0.9499999999999886,-1.04,2026-09-14 16:20:12.306099
BND,2024-09-12,90.26,91.3,89.74,90.41,73384653,90.41,0.1499999999999914,0.17,2026-09-14 16:20:12.306099
BND,2024-09-13,90.41,90.67,89.63,90.4,45841951,90.4,-0.0099999999999909,-0.01,2026-09-14 16:20:12.306099
BND,2024-09-16,90.4,90.44,89.76,89.95,25308468,89.95,-0.4500000000000028,-0.5,2026-09-14 16:20:12.306099
BND,2024-09-17,89.95,90.03,89.57,89.87,98762059,89.87,-0.0799999999999983,-0.09,2026-09-14 16:20:12.306099
BND,2024-09-18,89.87,90.56,89.45,89.57,42810319,89.57,-0.3000000000000113,-0.33,2026-09-14 16:20:12.306099
BND,2024-09-19,89.57,89.95,89.18,89.93,93573081,89.93,0.3600000000000136,0.4,2026-09-14 16:20:12.306099
BND,2024-09-20,89.93,90.75,89.29,89.46,27019650,89.46,-0.4700000000000131,-0.52,2026-09-14 16:20:12.306099
BND,2024-09-23,89.46,90.56,88.92,89.72,77571005,89.72,0.2600000000000051,0.29,2026-09-14 16:20:12.306099
BND,2024-09-24,89.72,90.51,88.86,89.38,63985143,89.38,-0.3400000000000034,-0.38,2026-09-14 16:20:12.306099
BND,2024-09-25,89.38,90.07,88.75,89.36,20701894,89.36,-0.019999999999996,-0.02,2026-09-14 16:20:12.306099
BND,2024-09-26,89.36,89.6,87.69,88.57,44695713,88.57,-0.7900000000000063,-0.88,2026-09-14 16:20:12.306099
BND,2024-09-27,88.57,89.06,88.07,88.78,45230161,88.78,0.2100000000000079,0.24,2026-09-14 16:20:12.306099
BND,2024-09-30,88.78,89.62,88.59,89.01,58496797,89.01,0.2300000000000039,0.26,2026-09-14 16:20:12.306099
BND,2024-10-01,89.01,89.81,88.45,88.8,93201824,88.8,-0.2100000000000079,-0.24,2026-09-14 16:20:12.306099
BND,2024-10-02,88.8,89.4,87.98,88.67,48262724,88.67,-0.1299999999999954,-0.15,2026-09-14 16:20:12.306099
BND,2024-10-03,88.67,89.34,88.37,88.73,23663165,88.73,0.0600000000000022,0.07,2026-09-14 16:20:12.306099
BND,2024-10-04,88.73,89.41,88.29,88.46,53568846,88.46,-0.2700000000000102,-0.3,2026-09-14 16:20:12.306099
BND,2024-10-07,88.46,89.13,87.77,88.25,57544781,88.25,-0.2099999999999937,-0.24,2026-09-14 16:20:12.306099
BND,2024-10-08,88.25,88.96,88.12,88.57,17522390,88.57,0.3199999999999932,0.36,2026-09-14 16:20:12.306099
BND,2024-10-09,88.57,89.11,87.71,87.89,23441096,87.89,-0.6799999999999926,-0.77,2026-09-14 16:20:12.306099
BND,2024-10-10,87.89,87.99,87.11,87.73,47530023,87.73,-0.1599999999999966,-0.18,2026-09-14 16:20:12.306099
BND,2024-10-11,87.73,87.75,87.27,87.27,83552368,87.27,-0.4600000000000079,-0.52,2026-09-14 16:20:12.306099
BND,2024-10-14,87.27,88.19,86.97,88.12,55571899,88.12,0.8500000000000085,0.97,2026-09-14 16:20:12.306099
BND,2024-10-15,88.12,88.67,87.66,88.19,64255164,88.19,0.0699999999999931,0.08,2026-09-14 16:20:12.306099
BND,2024-10-16,88.19,88.75,87.4,88.38,52720637,88.38,0.1899999999999977,0.22,2026-09-14 16:20:12.306099
BND,2024-10-17,88.38,88.96,87.39,87.94,11029144,87.94,-0.4399999999999977,-0.5,2026-09-14 16:20:12.306099
BND,2024-10-18,87.94,88.77,87.12,87.37,60272500,87.37,-0.5699999999999932,-0.65,2026-09-14 16:20:12.306099
BND,2024-10-21,87.37,88.17,86.75,87.26,11704611,87.26,-0.1099999999999994,-0.13,2026-09-14 16:20:12.306099
BND,2024-10-22,87.26,87.34,86.47,87.05,62868484,87.05,-0.2100000000000079,-0.24,2026-09-14 16:20:12.306099
BND,2024-10-23,87.05,87.22,86.55,86.98,65616111,86.98,-0.0699999999999931,-0.08,2026-09-14 16:20:12.306099
BND,2024-10-24,86.98,87.37,86.78,87.21,87221500,87.21,0.2299999999999897,0.26,2026-09-14 16:20:12.306099
BND,2024-10-25,87.21,87.78,86.29,86.74,85071452,86.74,-0.4699999999999988,-0.54,2026-09-14 16:20:12.306099
BND,2024-10-28,86.74,86.82,86.53,86.7,11193887,86.7,-0.039999999999992,-0.05,2026-09-14 16:20:12.306099
BND,2024-10-29,86.7,87.69,86.05,87.11,74351821,87.11,0.4099999999999966,0.47,2026-09-14 16:20:12.306099
BND,2024-10-30,87.11,88.26,86.54,87.4,32703904,87.4,0.2900000000000062,0.33,2026-09-14 16:20:12.306099
BND,2024-10-31,87.4,88.31,86.72,87.79,60541454,87.79,0.3900000000000005,0.45,2026-09-14 16:20:12.306099
BND,2024-11-01,87.79,88.42,87.22,87.62,35793019,87.62,-0.1700000000000017,-0.19,2026-09-14 16:20:12.306099
BND,2024-11-04,87.62,88.12,87.07,87.31,39574390,87.31,-0.3100000000000023,-0.35,2026-09-14 16:20:12.306099
BND,2024-11-05,87.31,87.68,86.82,86.96,64942293,86.96,-0.3500000000000085,-0.4,2026-09-14 16:20:12.306099
BND,2024-11-06,86.96,86.96,86.37,86.84,61944533,86.84,-0.1199999999999903,-0.14,2026-09-14 16:20:12.306099
BND,2024-11-07,86.84,87.58,86.56,87.29,50079526,87.29,0.4500000000000028,0.52,2026-09-14 16:20:12.306099
BND,2024-11-08,87.29,87.97,86.42,87.55,43854280,87.55,0.2599999999999909,0.3,2026-09-14 16:20:12.306099
BND,2024-11-11,87.55,88.29,86.89,87.81,89952811,87.81,0.2600000000000051,0.3,2026-09-14 16:20:12.306099
BND,2024-11-12,87.81,88.28,86.98,87.84,94029361,87.84,0.0300000000000011,0.03,2026-09-14 16:20:12.306099
BND,2024-11-13,87.84,87.98,87.28,87.28,49357927,87.28,-0.5600000000000023,-0.64,2026-09-14 16:20:12.306099
BND,2024-11-14,87.28,87.79,86.96,87.72,62331352,87.72,0.4399999999999977,0.5,2026-09-14 16:20:12.306099
BND,2024-11-15,87.72,88.36,87.02,87.22,85660481,87.22,-0.5,-0.57,2026-09-14 16:20:12.306099
BND,2024-11-18,87.22,87.91,86.75,87.39,36680204,87.39,0.1700000000000017,0.19,2026-09-14 16:20:12.306099
BND,2024-11-19,87.39,88.57,86.91,87.83,15002826,87.83,0.4399999999999977,0.5,2026-09-14 16:20:12.306099
BND,2024-11-20,87.83,87.99,87.04,87.47,52168499,87.47,-0.3599999999999994,-0.41,2026-09-14 16:20:12.306099
BND,2024-11-21,87.47,87.49,86.63,86.87,14566192,86.87,-0.5999999999999943,-0.69,2026-09-14 16:20:12.306099
BND,2024-11-22,86.87,87.41,85.98,86.55,15809320,86.55,-0.3200000000000074,-0.37,2026-09-14 16:20:12.306099
BND,2024-11-25,86.55,87.51,86.09,86.93,85007080,86.93,0.3800000000000096,0.44,2026-09-14 16:20:12.306099
BND,2024-11-26,86.93,87.2,86.62,87.1,67336042,87.1,0.1699999999999875,0.2,2026-09-14 16:20:12.306099
BND,2024-11-27,87.1,87.19,86.06,86.13,70992426,86.13,-0.9699999999999988,-1.11,2026-09-14 16:20:12.306099
BND,2024-11-28,86.13,86.7,85.75,86.0,38331479,86.0,-0.1299999999999954,-0.15,2026-09-14 16:20:12.306099
BND,2024-11-29,86.0,87.13,85.99,86.28,21452719,86.28,0.2800000000000011,0.33,2026-09-14 16:20:12.306099
BND,2024-12-02,86.28,86.4,85.65,85.89,33650647,85.89,-0.3900000000000005,-0.45,2026-09-14 16:20:12.306099
BND,2024-12-03,85.89,86.38,85.17,86.03,77268447,86.03,0.1400000000000005,0.16,2026-09-14 16:20:12.306099
BND,2024-12-04,86.03,86.24,85.28,85.96,87939149,85.96,-0.0700000000000073,-0.08,2026-09-14 16:20:12.306099
BND,2024-12-05,85.96,86.41,85.36,86.36,73354477,86.36,0.4000000000000057,0.47,2026-09-14 16:20:12.306099
BND,2024-12-06,86.36,86.77,85.68,86.55,72018685,86.55,0.1899999999999977,0.22,2026-09-14 16:20:12.306099
BND,2024-12-09,86.55,87.16,85.81,86.56,42361781,86.56,0.0100000000000051,0.01,2026-09-14 16:20:12.306099
BND,2024-12-10,86.56,87.05,85.85,86.73,21848497,86.73,0.1700000000000017,0.2,2026-09-14 16:20:12.306099
BND,2024-12-11,86.73,87.59,85.9,86.68,70406499,86.68,-0.0499999999999971,-0.06,2026-09-14 16:20:12.306099
BND,2024-12-12,86.68,86.78,86.11,86.54,57872118,86.54,-0.1400000000000005,-0.16,2026-09-14 16:20:12.306099
BND,2024-12-13,86.54,87.03,86.45,86.79,72830245,86.79,0.25,0.29,2026-09-14 16:20:12.306099
BND,2024-12-16,86.79,87.92,86.37,87.18,86164370,87.18,0.3900000000000005,0.45,2026-09-14 16:20:12.306099
BND,2024-12-17,87.18,87.93,86.56,87.24,33947428,87.24,0.059999999999988,0.07,2026-09-14 16:20:12.306099
BND,2024-12-18,87.24,88.03,86.83,87.03,72775050,87.03,-0.2099999999999937,-0.24,2026-09-14 16:20:12.306099
BND,2024-12-19,87.03,87.76,86.84,87.1,63465883,87.1,0.0699999999999931,0.08,2026-09-14 16:20:12.306099
BND,2024-12-20,87.1,87.64,86.67,87.46,89132322,87.46,0.3599999999999994,0.41,2026-09-14 16:20:12.306099
BND,2024-12-23,87.46,88.33,86.73,87.41,67910989,87.41,-0.0499999999999971,-0.06,2026-09-14 16:20:12.306099
BND,2024-12-24,87.41,88.45,86.95,87.63,46240549,87.63,0.2199999999999988,0.25,2026-09-14 16:20:12.306099
BND,2024-12-25,87.63,88.93,87.21,88.1,22351467,88.1,0.4699999999999988,0.54,2026-09-14 16:20:12.306099
BND,2024-12-26,88.1,89.28,87.77,88.63,77309097,88.63,0.5300000000000011,0.6,2026-09-14 16:20:12.306099
BND,2024-12-27,88.63,89.06,88.07,88.79,45005280,88.79,0.1600000000000108,0.18,2026-09-14 16:20:12.306099
BND,2024-12-30,88.79,88.79,87.85,88.57,37591774,88.57,-0.220000000000013,-0.25,2026-09-14 16:20:12.306099
BND,2024-12-31,88.57,89.95,88.36,89.28,98091924,89.28,0.710000000000008,0.8,2026-09-14 16:20:12.306099
BND,2025-01-01,89.28,90.09,88.02,88.84,72719425,88.84,-0.4399999999999977,-0.49,2026-09-14 16:20:12.306099
BND,2025-01-02,88.84,89.13,88.12,88.33,12633104,88.33,-0.5100000000000051,-0.57,2026-09-14 16:20:12.306099
BND,2025-01-03,88.33,89.28,88.06,88.74,62165823,88.74,0.4099999999999966,0.46,2026-09-14 16:20:12.306099
BND,2025-01-06,88.74,89.06,87.85,88.51,19389417,88.51,-0.2299999999999897,-0.26,2026-09-14 16:20:12.306099
BND,2025-01-07,88.51,89.74,88.01,89.06,89747879,89.06,0.5499999999999972,0.62,2026-09-14 16:20:12.306099
BND,2025-01-08,89.06,89.09,87.99,88.6,31345705,88.6,-0.4600000000000079,-0.52,2026-09-14 16:20:12.306099
BND,2025-01-09,88.6,89.28,87.96,88.73,85617183,88.73,0.1300000000000096,0.15,2026-09-14 16:20:12.306099
BND,2025-01-10,88.73,89.42,87.99,88.52,20535317,88.52,-0.2100000000000079,-0.24,2026-09-14 16:20:12.306099
BND,2025-01-13,88.52,89.02,87.88,88.55,19797902,88.55,0.0300000000000011,0.03,2026-09-14 16:20:12.306099
BND,2025-01-14,88.55,88.77,87.85,88.35,45145247,88.35,-0.2000000000000028,-0.23,2026-09-14 16:20:12.306099
BND,2025-01-15,88.35,88.68,88.06,88.68,56454593,88.68,0.3300000000000125,0.37,2026-09-14 16:20:12.306099
BND,2025-01-16,88.68,89.13,88.23,88.93,60984688,88.93,0.25,0.28,2026-09-14 16:20:12.306099
BND,2025-01-17,88.93,89.34,88.84,89.05,92922061,89.05,0.1199999999999903,0.13,2026-09-14 16:20:12.306099
BND,2025-01-20,89.05,89.44,88.29,88.81,12612375,88.81,-0.2399999999999948,-0.27,2026-09-14 16:20:12.306099
BND,2025-01-21,88.81,89.32,88.15,89.25,30451104,89.25,0.4399999999999977,0.5,2026-09-14 16:20:12.306099
BND,2025-01-22,89.25,89.57,89.23,89.56,46484537,89.56,0.3100000000000023,0.35,2026-09-14 16:20:12.306099
BND,2025-01-23,89.56,90.39,89.15,89.87,51360514,89.87,0.3100000000000023,0.35,2026-09-14 16:20:12.306099
BND,2025-01-24,89.87,90.14,89.66,89.88,86889176,89.88,0.0099999999999909,0.01,2026-09-14 16:20:12.306099
BND,2025-01-27,89.88,90.31,89.44,89.68,22292363,89.68,-0.1999999999999886,-0.22,2026-09-14 16:20:12.306099
BND,2025-01-28,89.68,90.51,89.15,89.74,14124654,89.74,0.059999999999988,0.07,2026-09-14 16:20:12.306099
BND,2025-01-29,89.74,90.0,89.41,89.65,59355189,89.65,-0.0899999999999892,-0.1,2026-09-14 16:20:12.306099
BND,2025-01-30,89.65,90.51,89.0,89.72,91965931,89.72,0.0699999999999931,0.08,2026-09-14 16:20:12.306099
BND,2025-01-31,89.72,90.8,88.84,89.97,38052679,89.97,0.25,0.28,2026-09-14 16:20:12.306099
BND,2025-02-03,89.97,90.43,89.41,90.28,71287002,90.28,0.3100000000000023,0.34,2026-09-14 16:20:12.306099
BND,2025-02-04,90.28,91.59,89.57,90.84,66562653,90.84,0.5600000000000023,0.62,2026-09-14 16:20:12.306099
BND,2025-02-05,90.84,91.19,90.39,91.05,24325236,91.05,0.2099999999999937,0.23,2026-09-14 16:20:12.306099
BND,2025-02-06,91.05,91.91,90.83,91.63,49694624,91.63,0.5799999999999983,0.64,2026-09-14 16:20:12.306099
BND,2025-02-07,91.63,91.97,90.4,91.28,10530787,91.28,-0.3499999999999943,-0.38,2026-09-14 16:20:12.306099
BND,2025-02-10,91.28,91.47,91.09,91.47,99671610,91.47,0.1899999999999977,0.21,2026-09-14 16:20:12.306099
BND,2025-02-11,91.47,92.56,90.8,91.97,46746656,91.97,0.5,0.55,2026-09-14 16:20:12.306099
BND,2025-02-12,91.97,92.11,90.99,91.71,94557401,91.71,-0.2600000000000051,-0.28,2026-09-14 16:20:12.306099
BND,2025-02-13,91.71,92.39,90.59,91.18,56898294,91.18,-0.5299999999999869,-0.58,2026-09-14 16:20:12.306099
BND,2025-02-14,91.18,91.97,90.44,91.03,49141028,91.03,-0.1500000000000056,-0.16,2026-09-14 16:20:12.306099
BND,2025-02-17,91.03,91.33,90.29,91.28,82963195,91.28,0.25,0.27,2026-09-14 16:20:12.306099
BND,2025-02-18,91.28,91.98,90.63,91.94,27988446,91.94,0.6599999999999966,0.72,2026-09-14 16:20:12.306099
BND,2025-02-19,91.94,91.95,91.03,91.24,13785615,91.24,-0.7000000000000028,-0.76,2026-09-14 16:20:12.306099
BND,2025-02-20,91.24,91.77,90.18,90.96,96635203,90.96,-0.2800000000000011,-0.31,2026-09-14 16:20:12.306099
BND,2025-02-21,90.96,91.76,90.87,91.54,87963494,91.54,0.5800000000000125,0.64,2026-09-14 16:20:12.306099
BND,2025-02-24,91.54,92.74,90.74,91.91,66502829,91.91,0.3699999999999903,0.4,2026-09-14 16:20:12.306099
BND,2025-02-25,91.91,92.79,90.51,91.2,71495359,91.2,-0.7099999999999937,-0.77,2026-09-14 16:20:12.306099
BND,2025-02-26,91.2,91.64,90.64,90.99,95168891,90.99,-0.2100000000000079,-0.23,2026-09-14 16:20:12.306099
BND,2025-02-27,90.99,91.79,90.96,91.08,86718367,91.08,0.0900000000000034,0.1,2026-09-14 16:20:12.306099
BND,2025-02-28,91.08,91.91,91.04,91.24,90448586,91.24,0.1599999999999966,0.18,2026-09-14 16:20:12.306099
BND,2025-03-03,91.24,91.66,90.88,91.16,37992172,91.16,-0.0799999999999983,-0.09,2026-09-14 16:20:12.306099
BND,2025-03-04,91.16,91.4,90.74,91.28,50813771,91.28,0.1200000000000045,0.13,2026-09-14 16:20:12.306099
BND,2025-03-05,91.28,92.1,90.9,91.46,18010334,91.46,0.1799999999999926,0.2,2026-09-14 16:20:12.306099
BND,2025-03-06,91.46,92.28,90.86,91.89,93690671,91.89,0.4300000000000068,0.47,2026-09-14 16:20:12.306099
BND,2025-03-07,91.89,92.39,91.28,91.78,86457793,91.78,-0.1099999999999994,-0.12,2026-09-14 16:20:12.306099
BND,2025-03-10,91.78,91.94,90.62,91.19,87914409,91.19,-0.5900000000000034,-0.64,2026-09-14 16:20:12.306099
BND,2025-03-11,91.19,91.3,90.51,90.9,56640979,90.9,-0.289999999999992,-0.32,2026-09-14 16:20:12.306099
BND,2025-03-12,90.9,91.54,90.47,90.92,36775783,90.92,0.019999999999996,0.02,2026-09-14 16:20:12.306099
BND,2025-03-13,90.92,91.7,89.47,90.25,83113809,90.25,-0.6700000000000017,-0.74,2026-09-14 16:20:12.306099
BND,2025-03-14,90.25,91.26,89.81,90.4,18703326,90.4,0.1500000000000056,0.17,2026-09-14 16:20:12.306099
BND,2025-03-17,90.4,91.19,90.05,90.62,97797983,90.62,0.2199999999999988,0.24,2026-09-14 16:20:12.306099
BND,2025-03-18,90.62,92.2,90.08,91.37,13297778,91.37,0.75,0.83,2026-09-14 16:20:12.306099
BND,2025-03-19,91.37,92.19,90.79,91.49,65312842,91.49,0.1199999999999903,0.13,2026-09-14 16:20:12.306099
BND,2025-03-20,91.49,92.25,91.47,92.05,23872371,92.05,0.5600000000000023,0.61,2026-09-14 16:20:12.306099
BND,2025-03-21,92.05,92.55,91.65,91.77,60181496,91.77,-0.2800000000000011,-0.3,2026-09-14 16:20:12.306099
BND,2025-03-24,91.77,92.05,90.9,91.82,99311008,91.82,0.0499999999999971,0.05,2026-09-14 16:20:12.306099
BND,2025-03-25,91.82,91.87,90.86,91.53,26058315,91.53,-0.289999999999992,-0.32,2026-09-14 16:20:12.306099
BND,2025-03-26,91.53,92.34,90.96,91.31,93595751,91.31,-0.2199999999999988,-0.24,2026-09-14 16:20:12.306099
BND,2025-03-27,91.31,91.58,90.85,90.93,83381615,90.93,-0.3799999999999954,-0.42,2026-09-14 16:20:12.306099
BND,2025-03-28,90.93,91.0,90.28,90.37,97026524,90.37,-0.5600000000000023,-0.62,2026-09-14 16:20:12.306099
BND,2025-03-31,90.37,91.54,89.75,90.66,37044199,90.66,0.289999999999992,0.32,2026-09-14 16:20:12.306099
BND,2025-04-01,90.66,91.37,90.2,90.6,16727569,90.6,-0.0600000000000022,-0.07,2026-09-14 16:20:12.306099
BND,2025-04-02,90.6,91.68,89.97,90.9,55091450,90.9,0.3000000000000113,0.33,2026-09-14 16:20:12.306099
BND,2025-04-03,90.9,92.47,90.18,92.03,17338887,92.03,1.1299999999999957,1.24,2026-09-14 16:20:12.306099
BND,2025-04-04,92.03,92.82,91.18,91.47,88351904,91.47,-0.5600000000000023,-0.61,2026-09-14 16:20:12.306099
BND,2025-04-07,91.47,92.26,91.34,91.65,91530517,91.65,0.1800000000000068,0.2,2026-09-14 16:20:12.306099
BND,2025-04-08,91.65,92.68,91.37,91.94,37720329,91.94,0.289999999999992,0.32,2026-09-14 16:20:12.306099
BND,2025-04-09,91.94,92.4,91.57,91.63,85213598,91.63,-0.3100000000000023,-0.34,2026-09-14 16:20:12.306099
BND,2025-04-10,91.63,92.75,90.79,91.94,16548941,91.94,0.3100000000000023,0.34,2026-09-14 16:20:12.306099
BND,2025-04-11,91.94,93.14,91.08,92.24,57271895,92.24,0.2999999999999971,0.33,2026-09-14 16:20:12.306099
BND,2025-04-14,92.24,92.8,91.76,91.95,68769781,91.95,-0.289999999999992,-0.31,2026-09-14 16:20:12.306099
BND,2025-04-15,91.95,92.26,91.11,91.5,86695919,91.5,-0.4500000000000028,-0.49,2026-09-14 16:20:12.306099
BND,2025-04-16,91.5,91.73,91.0,91.01,23950618,91.01,-0.4899999999999949,-0.54,2026-09-14 16:20:12.306099
BND,2025-04-17,91.01,91.41,90.67,90.85,96911362,90.85,-0.1600000000000108,-0.18,2026-09-14 16:20:12.306099
BND,2025-04-18,90.85,91.37,90.12,90.93,79554268,90.93,0.0800000000000125,0.09,2026-09-14 16:20:12.306099
BND,2025-04-21,90.93,91.57,90.12,90.69,70774859,90.69,-0.2400000000000091,-0.26,2026-09-14 16:20:12.306099
BND,2025-04-22,90.69,91.42,90.14,90.65,75257024,90.65,-0.039999999999992,-0.04,2026-09-14 16:20:12.306099
BND,2025-04-23,90.65,91.74,89.94,90.97,36068387,90.97,0.3199999999999932,0.35,2026-09-14 16:20:12.306099
BND,2025-04-24,90.97,91.49,90.71,90.74,74277079,90.74,-0.2300000000000039,-0.25,2026-09-14 16:20:12.306099
BND,2025-04-25,90.74,91.68,90.59,91.17,88814929,91.17,0.4300000000000068,0.47,2026-09-14 16:20:12.306099
BND,2025-04-28,91.17,91.64,90.28,90.8,17459837,90.8,-0.3700000000000045,-0.41,2026-09-14 16:20:12.306099
BND,2025-04-29,90.8,91.42,90.27,91.36,25233137,91.36,0.5600000000000023,0.62,2026-09-14 16:20:12.306099
BND,2025-04-30,91.36,92.02,91.35,91.81,90265494,91.81,0.4500000000000028,0.49,2026-09-14 16:20:12.306099
BND,2025-05-01,91.81,91.84,91.47,91.52,80458916,91.52,-0.2900000000000062,-0.32,2026-09-14 16:20:12.306099
BND,2025-05-02,91.52,91.95,91.39,91.49,63246900,91.49,-0.0300000000000011,-0.03,2026-09-14 16:20:12.306099
BND,2025-05-05,91.49,92.28,90.32,91.22,78956977,91.22,-0.269999999999996,-0.3,2026-09-14 16:20:12.306099
BND,2025-05-06,91.22,92.62,90.43,92.07,20036103,92.07,0.8499999999999943,0.93,2026-09-14 16:20:12.306099
BND,2025-05-07,92.07,92.9,92.01,92.32,36243133,92.32,0.25,0.27,2026-09-14 16:20:12.306099
BND,2025-05-08,92.32,92.7,91.72,91.9,34734667,91.9,-0.4199999999999875,-0.45,2026-09-14 16:20:12.306099
BND,2025-05-09,91.9,92.45,91.64,91.77,31699111,91.77,-0.1300000000000096,-0.14,2026-09-14 16:20:12.306099
BND,2025-05-12,91.77,92.52,91.73,92.11,99929030,92.11,0.3400000000000034,0.37,2026-09-14 16:20:12.306099
BND,2025-05-13,92.11,92.37,91.48,91.99,86862896,91.99,-0.1200000000000045,-0.13,2026-09-14 16:20:12.306099
BND,2025-05-14,91.99,92.68,91.47,92.45,53464829,92.45,0.4600000000000079,0.5,2026-09-14 16:20:12.306099
BND,2025-05-15,92.45,93.36,91.44,92.36,60574944,92.36,-0.0900000000000034,-0.1,2026-09-14 16:20:12.306099
BND,2025-05-16,92.36,93.02,91.48,92.5,93312327,92.5,0.1400000000000005,0.15,2026-09-14 16:20:12.306099
BND,2025-05-19,92.5,93.35,92.36,93.17,83780591,93.17,0.6700000000000017,0.72,2026-09-14 16:20:12.306099
BND,2025-05-20,93.17,94.01,92.87,93.69,34787191,93.69,0.519999999999996,0.56,2026-09-14 16:20:12.306099
BND,2025-05-21,93.69,94.08,93.45,93.68,73936432,93.68,-0.0099999999999909,-0.01,2026-09-14 16:20:12.306099
BND,2025-05-22,93.68,94.4,92.91,93.73,19111034,93.73,0.0499999999999971,0.05,2026-09-14 16:20:12.306099
BND,2025-05-23,93.73,93.79,93.06,93.74,94104688,93.74,0.0099999999999909,0.01,2026-09-14 16:20:12.306099
BND,2025-05-26,93.74,95.29,93.06,94.55,98025542,94.55,0.8100000000000023,0.86,2026-09-14 16:20:12.306099
BND,2025-05-27,94.55,95.03,93.82,94.87,83693697,94.87,0.3200000000000074,0.34,2026-09-14 16:20:12.306099
BND,2025-05-28,94.87,96.24,94.52,95.42,72128350,95.42,0.5499999999999972,0.58,2026-09-14 16:20:12.306099
BND,2025-05-29,95.42,95.84,95.16,95.39,23908030,95.39,-0.0300000000000011,-0.03,2026-09-14 16:20:12.306099
BND,2025-05-30,95.39,96.03,94.38,95.21,38297749,95.21,-0.1800000000000068,-0.19,2026-09-14 16:20:12.306099
BND,2025-06-02,95.21,95.21,94.44,94.83,35318990,94.83,-0.3799999999999954,-0.4,2026-09-14 16:20:12.306099
BND,2025-06-03,94.83,96.22,94.35,95.35,70797939,95.35,0.519999999999996,0.55,2026-09-14 16:20:12.306099
BND,2025-06-04,95.35,95.5,94.59,94.92,20183099,94.92,-0.4299999999999926,-0.45,2026-09-14 16:20:12.306099
BND,2025-06-05,94.92,95.99,94.47,95.15,51053768,95.15,0.2300000000000039,0.24,2026-09-14 16:20:12.306099
BND,2025-06-06,95.15,95.44,93.99,94.88,37269579,94.88,-0.2700000000000102,-0.28,2026-09-14 16:20:12.306099
BND,2025-06-09,94.88,94.92,94.32,94.44,38033012,94.44,-0.4399999999999977,-0.46,2026-09-14 16:20:12.306099
BND,2025-06-10,94.44,94.74,93.75,94.54,25077202,94.54,0.1000000000000085,0.11,2026-09-14 16:20:12.306099
BND,2025-06-11,94.54,95.58,93.95,95.02,35764886,95.02,0.4799999999999897,0.51,2026-09-14 16:20:12.306099
BND,2025-06-12,95.02,96.09,94.48,95.25,29083885,95.25,0.2300000000000039,0.24,2026-09-14 16:20:12.306099
BND,2025-06-13,95.25,95.31,94.57,95.02,48150169,95.02,-0.2300000000000039,-0.24,2026-09-14 16:20:12.306099
BND,2025-06-16,95.02,95.46,94.41,95.04,93564140,95.04,0.0200000000000102,0.02,2026-09-14 16:20:12.306099
BND,2025-06-17,95.04,96.05,94.31,95.57,35194175,95.57,0.5299999999999869,0.56,2026-09-14 16:20:12.306099
BND,2025-06-18,95.57,95.58,95.11,95.18,66183907,95.18,-0.3899999999999863,-0.41,2026-09-14 16:20:12.306099
BND,2025-06-19,95.18,95.83,94.14,94.74,15730007,94.74,-0.4400000000000119,-0.46,2026-09-14 16:20:12.306099
BND,2025-06-20,94.74,95.46,94.07,94.88,83447574,94.88,0.1400000000000005,0.15,2026-09-14 16:20:12.306099
BND,2025-06-23,94.88,95.67,94.03,94.36,10628815,94.36,-0.519999999999996,-0.55,2026-09-14 16:20:12.306099
BND,2025-06-24,94.36,94.59,93.43,93.55,33252202,93.55,-0.8100000000000023,-0.86,2026-09-14 16:20:12.306099
BND,2025-06-25,93.55,94.4,92.09,92.98,37254732,92.98,-0.5699999999999932,-0.61,2026-09-14 16:20:12.306099
BND,2025-06-26,92.98,94.17,92.68,93.42,44662886,93.42,0.4399999999999977,0.47,2026-09-14 16:20:12.306099
BND,2025-06-27,93.42,93.96,92.09,92.7,38659550,92.7,-0.7199999999999989,-0.77,2026-09-14 16:20:12.306099
BND,2025-06-30,92.7,93.38,91.96,92.53,29709890,92.53,-0.1700000000000017,-0.18,2026-09-14 16:20:12.306099
BND,2025-07-01,92.53,93.55,91.95,92.66,63592998,92.66,0.1299999999999954,0.14,2026-09-14 16:20:12.306099
BND,2025-07-02,92.66,93.54,92.29,92.6,35282437,92.6,-0.0600000000000022,-0.06,2026-09-14 16:20:12.306099
BND,2025-07-03,92.6,93.34,92.48,92.59,28614222,92.59,-0.0099999999999909,-0.01,2026-09-14 16:20:12.306099
BND,2025-07-04,92.59,93.18,91.43,92.02,43469774,92.02,-0.5700000000000074,-0.62,2026-09-14 16:20:12.306099
BND,2025-07-07,92.02,92.96,91.99,92.26,76486393,92.26,0.2400000000000091,0.26,2026-09-14 16:20:12.306099
BND,2025-07-08,92.26,93.88,91.88,93.04,67806721,93.04,0.7800000000000011,0.85,2026-09-14 16:20:12.306099
BND,2025-07-09,93.04,93.27,91.42,92.06,59531990,92.06,-0.980000000000004,-1.05,2026-09-14 16:20:12.306099
BND,2025-07-10,92.06,92.69,91.54,92.17,87243308,92.17,0.1099999999999994,0.12,2026-09-14 16:20:12.306099
BND,2025-07-11,92.17,93.16,91.83,92.34,39573478,92.34,0.1700000000000017,0.18,2026-09-14 16:20:12.306099
BND,2025-07-14,92.34,92.54,92.18,92.53,16458916,92.53,0.1899999999999977,0.21,2026-09-14 16:20:12.306099
BND,2025-07-15,92.53,93.11,92.42,92.43,24531719,92.43,-0.0999999999999943,-0.11,2026-09-14 16:20:12.306099
BND,2025-07-16,92.43,92.7,91.92,92.01,25556271,92.01,-0.4200000000000017,-0.45,2026-09-14 16:20:12.306099
BND,2025-07-17,92.01,92.98,91.74,92.33,33706671,92.33,0.3199999999999932,0.35,2026-09-14 16:20:12.306099
BND,2025-07-18,92.33,92.66,91.36,91.72,91376349,91.72,-0.6099999999999994,-0.66,2026-09-14 16:20:12.306099
BND,2025-07-21,91.72,92.54,91.6,92.09,69054548,92.09,0.3700000000000045,0.4,2026-09-14 16:20:12.306099
BND,2025-07-22,92.09,92.3,91.31,92.23,26210309,92.23,0.1400000000000005,0.15,2026-09-14 16:20:12.306099
BND,2025-07-23,92.23,92.91,91.68,92.74,31386212,92.74,0.5099999999999909,0.55,2026-09-14 16:20:12.306099
BND,2025-07-24,92.74,93.3,92.05,92.63,71451899,92.63,-0.1099999999999994,-0.12,2026-09-14 16:20:12.306099
BND,2025-07-25,92.63,93.94,92.48,93.28,70932920,93.28,0.6500000000000057,0.7,2026-09-14 16:20:12.306099
BND,2025-07-28,93.28,94.64,92.92,94.19,97061172,94.19,0.9099999999999966,0.98,2026-09-14 16:20:12.306099
BND,2025-07-29,94.19,94.32,93.53,94.23,27472455,94.23,0.0400000000000062,0.04,2026-09-14 16:20:12.306099
BND,2025-07-30,94.23,94.59,93.39,94.13,94967284,94.13,-0.1000000000000085,-0.11,2026-09-14 16:20:12.306099
BND,2025-07-31,94.13,94.53,94.07,94.37,84567971,94.37,0.2400000000000091,0.25,2026-09-14 16:20:12.306099
BND,2025-08-01,94.37,94.92,93.3,94.22,26777980,94.22,-0.1500000000000056,-0.16,2026-09-14 16:20:12.306099
BND,2025-08-04,94.22,95.17,93.63,94.28,37321297,94.28,0.0600000000000022,0.06,2026-09-14 16:20:12.306099
BND,2025-08-05,94.28,95.0,93.03,93.9,52855023,93.9,-0.3799999999999954,-0.4,2026-09-14 16:20:12.306099
BND,2025-08-06,93.9,94.22,93.65,93.91,99687503,93.91,0.0099999999999909,0.01,2026-09-14 16:20:12.306099
BND,2025-08-07,93.91,94.41,92.53,93.42,42053990,93.42,-0.4899999999999949,-0.52,2026-09-14 16:20:12.306099
BND,2025-08-08,93.42,94.18,92.75,93.59,74638263,93.59,0.1700000000000017,0.18,2026-09-14 16:20:12.306099
BND,2025-08-11,93.59,94.38,93.17,93.53,86427005,93.53,-0.0600000000000022,-0.06,2026-09-14 16:20:12.306099
BND,2025-08-12,93.53,94.02,92.86,93.83,77511690,93.83,0.2999999999999971,0.32,2026-09-14 16:20:12.306099
BND,2025-08-13,93.83,94.09,93.59,93.65,55672455,93.65,-0.1799999999999926,-0.19,2026-09-14 16:20:12.306099
BND,2025-08-14,93.65,94.56,92.84,93.64,54096080,93.64,-0.0100000000000051,-0.01,2026-09-14 16:20:12.306099
BND,2025-08-15,93.64,93.84,91.98,92.84,61016136,92.84,-0.7999999999999972,-0.85,2026-09-14 16:20:12.306099
BND,2025-08-18,92.84,93.38,92.07,92.79,31610936,92.79,-0.0499999999999971,-0.05,2026-09-14 16:20:12.306099
BND,2025-08-19,92.79,93.47,91.4,92.28,67328028,92.28,-0.5100000000000051,-0.55,2026-09-14 16:20:12.306099
BND,2025-08-20,92.28,92.87,92.14,92.24,37317227,92.24,-0.0400000000000062,-0.04,2026-09-14 16:20:12.306099
BND,2025-08-21,92.24,92.82,91.95,92.37,18776970,92.37,0.1300000000000096,0.14,2026-09-14 16:20:12.306099
BND,2025-08-22,92.37,93.33,92.1,92.73,22876490,92.73,0.3599999999999994,0.39,2026-09-14 16:20:12.306099
BND,2025-08-25,92.73,93.64,91.96,92.94,52488740,92.94,0.2099999999999937,0.23,2026-09-14 16:20:12.306099
BND,2025-08-26,92.94,94.47,92.32,93.69,57454426,93.69,0.75,0.81,2026-09-14 16:20:12.306099
BND,2025-08-27,93.69,94.2,93.39,93.93,45551012,93.93,0.2400000000000091,0.26,2026-09-14 16:20:12.306099
BND,2025-08-28,93.93,94.12,92.97,93.48,99209629,93.48,-0.4500000000000028,-0.48,2026-09-14 16:20:12.306099
BND,2025-08-29,93.48,94.35,92.58,94.15,40266340,94.15,0.6700000000000017,0.72,2026-09-14 16:20:12.306099
BND,2025-09-01,94.15,94.56,93.8,94.02,83697739,94.02,-0.1300000000000096,-0.14,2026-09-14 16:20:12.306099
BND,2025-09-02,94.02,95.46,93.99,94.69,93624158,94.69,0.6700000000000017,0.71,2026-09-14 16:20:12.306099
BND,2025-09-03,94.69,95.72,94.62,94.83,88532524,94.83,0.1400000000000005,0.15,2026-09-14 16:20:12.306099
BND,2025-09-04,94.83,95.96,94.79,95.39,65902852,95.39,0.5600000000000023,0.59,2026-09-14 16:20:12.306099
BND,2025-09-05,95.39,95.92,94.27,94.87,97129666,94.87,-0.519999999999996,-0.55,2026-09-14 16:20:12.306099
BND,2025-09-08,94.87,95.36,93.88,93.96,22057213,93.96,-0.9100000000000108,-0.96,2026-09-14 16:20:12.306099
BND,2025-09-09,93.96,95.36,93.56,94.44,18823487,94.44,0.480000000000004,0.51,2026-09-14 16:20:12.306099
BND,2025-09-10,94.44,94.8,93.12,94.06,71792501,94.06,-0.3799999999999954,-0.4,2026-09-14 16:20:12.306099
BND,2025-09-11,94.06,94.68,94.02,94.36,68775445,94.36,0.2999999999999971,0.32,2026-09-14 16:20:12.306099
BND,2025-09-12,94.36,94.41,93.73,94.04,91255453,94.04,-0.3199999999999932,-0.34,2026-09-14 16:20:12.306099
BND,2025-09-15,94.04,94.58,93.04,93.5,99356672,93.5,-0.5400000000000063,-0.57,2026-09-14 16:20:12.306099
BND,2025-09-16,93.5,94.39,92.49,92.56,29093604,92.56,-0.9399999999999976,-1.01,2026-09-14 16:20:12.306099
BND,2025-09-17,92.56,93.6,91.91,92.79,25988648,92.79,0.2300000000000039,0.25,2026-09-14 16:20:12.306099
BND,2025-09-18,92.79,94.45,92.59,93.56,68230877,93.56,0.769999999999996,0.83,2026-09-14 16:20:12.306099
BND,2025-09-19,93.56,93.56,92.75,93.39,29920617,93.39,-0.1700000000000017,-0.18,2026-09-14 16:20:12.306099
BND,2025-09-22,93.39,94.17,92.26,93.1,78179856,93.1,-0.2900000000000062,-0.31,2026-09-14 16:20:12.306099
BND,2025-09-23,93.1,93.44,92.2,92.86,39099253,92.86,-0.2399999999999948,-0.26,2026-09-14 16:20:12.306099
BND,2025-09-24,92.86,93.46,92.7,93.15,56634743,93.15,0.2900000000000062,0.31,2026-09-14 16:20:12.306099
BND,2025-09-25,93.15,93.63,92.26,92.86,49424591,92.86,-0.2900000000000062,-0.31,2026-09-14 16:20:12.306099
BND,2025-09-26,92.86,93.58,92.33,92.98,49183454,92.98,0.1200000000000045,0.13,2026-09-14 16:20:12.306099
BND,2025-09-29,92.98,93.23,92.36,93.18,28397055,93.18,0.2000000000000028,0.22,2026-09-14 16:20:12.306099
BND,2025-09-30,93.18,93.94,92.2,92.69,86241796,92.69,-0.4900000000000091,-0.53,2026-09-14 16:20:12.306099
BND,2025-10-01,92.69,92.82,91.9,92.58,99622581,92.58,-0.1099999999999994,-0.12,2026-09-14 16:20:12.306099
BND,2025-10-02,92.58,92.98,92.03,92.76,47367500,92.76,0.1800000000000068,0.19,2026-09-14 16:20:12.306099
BND,2025-10-03,92.76,93.35,92.02,92.8,16381262,92.8,0.039999999999992,0.04,2026-09-14 16:20:12.306099
BND,2025-10-06,92.8,93.6,91.89,92.22,55340992,92.22,-0.5799999999999983,-0.62,2026-09-14 16:20:12.306099
BND,2025-10-07,92.22,92.43,91.75,92.18,45907131,92.18,-0.039999999999992,-0.04,2026-09-14 16:20:12.306099
BND,2025-10-08,92.18,93.19,91.37,92.62,86929363,92.62,0.4399999999999977,0.48,2026-09-14 16:20:12.306099
BND,2025-10-09,92.62,93.01,91.83,92.99,39620877,92.99,0.3699999999999903,0.4,2026-09-14 16:20:12.306099
BND,2025-10-10,92.99,93.14,91.8,92.45,35209802,92.45,-0.539999999999992,-0.58,2026-09-14 16:20:12.306099
BND,2025-10-13,92.45,93.21,91.75,92.74,34263873,92.74,0.289999999999992,0.31,2026-09-14 16:20:12.306099
BND,2025-10-14,92.74,93.17,91.51,91.88,42356878,91.88,-0.8599999999999994,-0.93,2026-09-14 16:20:12.306099
BND,2025-10-15,91.88,92.19,90.99,91.8,19195023,91.8,-0.0799999999999983,-0.09,2026-09-14 16:20:12.306099
BND,2025-10-16,91.8,91.9,91.17,91.51,64567555,91.51,-0.289999999999992,-0.32,2026-09-14 16:20:12.306099
BND,2025-10-17,91.51,91.64,90.81,90.93,66554031,90.93,-0.5799999999999983,-0.63,2026-09-14 16:20:12.306099
BND,2025-10-20,90.93,91.52,89.98,90.73,16918345,90.73,-0.2000000000000028,-0.22,2026-09-14 16:20:12.306099
BND,2025-10-21,90.73,91.26,89.91,91.22,97805632,91.22,0.4899999999999949,0.54,2026-09-14 16:20:12.306099
BND,2025-10-22,91.22,92.26,90.47,91.36,13992895,91.36,0.1400000000000005,0.15,2026-09-14 16:20:12.306099
BND,2025-10-23,91.36,91.4,90.95,91.38,66104435,91.38,0.019999999999996,0.02,2026-09-14 16:20:12.306099
BND,2025-10-24,91.38,92.0,90.48,90.89,13830742,90.89,-0.4899999999999949,-0.54,2026-09-14 16:20:12.306099
BND,2025-10-27,90.89,91.79,89.82,90.13,39228916,90.13,-0.7600000000000051,-0.84,2026-09-14 16:20:12.306099
BND,2025-10-28,90.13,91.15,89.92,90.26,68214391,90.26,0.1300000000000096,0.14,2026-09-14 16:20:12.306099
BND,2025-10-29,90.26,90.5,89.61,90.44,67165134,90.44,0.1799999999999926,0.2,2026-09-14 16:20:12.306099
BND,2025-10-30,90.44,90.65,89.41,90.3,60253764,90.3,-0.1400000000000005,-0.15,2026-09-14 16:20:12.306099
BND,2025-10-31,90.3,90.72,89.94,90.57,40211696,90.57,0.269999999999996,0.3,2026-09-14 16:20:12.306099
BND,2025-11-03,90.57,91.28,90.13,90.6,11453320,90.6,0.0300000000000011,0.03,2026-09-14 16:20:12.306099
BND,2025-11-04,90.6,90.65,89.66,90.43,36079441,90.43,-0.1699999999999875,-0.19,2026-09-14 16:20:12.306099
BND,2025-11-05,90.43,90.75,89.68,89.75,98097142,89.75,-0.6800000000000068,-0.75,2026-09-14 16:20:12.306099
BND,2025-11-06,89.75,90.89,89.14,90.05,60949628,90.05,0.2999999999999971,0.33,2026-09-14 16:20:12.306099
BND,2025-11-07,90.05,90.91,89.43,90.29,10946895,90.29,0.2400000000000091,0.27,2026-09-14 16:20:12.306099
BND,2025-11-10,90.29,90.62,89.85,90.17,46593148,90.17,-0.1200000000000045,-0.13,2026-09-14 16:20:12.306099
BND,2025-11-11,90.17,90.84,89.83,90.5,15711839,90.5,0.3299999999999983,0.37,2026-09-14 16:20:12.306099
BND,2025-11-12,90.5,90.63,89.39,90.16,40105997,90.16,-0.3400000000000034,-0.38,2026-09-14 16:20:12.306099
BND,2025-11-13,90.16,91.02,89.48,90.4,95297606,90.4,0.2400000000000091,0.27,2026-09-14 16:20:12.306099
BND,2025-11-14,90.4,91.38,90.36,90.86,19068281,90.86,0.4599999999999937,0.51,2026-09-14 16:20:12.306099
BND,2025-11-17,90.86,92.04,90.11,91.42,33076378,91.42,0.5600000000000023,0.62,2026-09-14 16:20:12.306099
BND,2025-11-18,91.42,91.62,90.73,90.74,14897172,90.74,-0.6800000000000068,-0.74,2026-09-14 16:20:12.306099
BND,2025-11-19,90.74,91.61,90.49,91.15,10589307,91.15,0.4100000000000108,0.45,2026-09-14 16:20:12.306099
BND,2025-11-20,91.15,91.99,91.09,91.24,76282701,91.24,0.0899999999999892,0.1,2026-09-14 16:20:12.306099
BND,2025-11-21,91.24,91.68,91.15,91.19,93121427,91.19,-0.0499999999999971,-0.05,2026-09-14 16:20:12.306099
BND,2025-11-24,91.19,91.56,89.69,90.47,86102040,90.47,-0.7199999999999989,-0.79,2026-09-14 16:20:12.306099
BND,2025-11-25,90.47,91.43,90.36,90.68,78482399,90.68,0.2100000000000079,0.23,2026-09-14 16:20:12.306099
BND,2025-11-26,90.68,91.8,90.34,91.01,14887355,91.01,0.3299999999999983,0.36,2026-09-14 16:20:12.306099
BND,2025-11-27,91.01,91.84,90.56,91.15,78727052,91.15,0.1400000000000005,0.15,2026-09-14 16:20:12.306099
BND,2025-11-28,91.15,91.42,90.63,91.26,44678237,91.26,0.1099999999999994,0.12,2026-09-14 16:20:12.306099
BND,2025-12-01,91.26,92.14,90.35,90.95,47562660,90.95,-0.3100000000000023,-0.34,2026-09-14 16:20:12.306099
BND,2025-12-02,90.95,92.13,90.34,91.3,82286154,91.3,0.3499999999999943,0.38,2026-09-14 16:20:12.306099
BND,2025-12-03,91.3,91.98,90.87,90.99,77479805,90.99,-0.3100000000000023,-0.34,2026-09-14 16:20:12.306099
BND,2025-12-04,90.99,91.81,90.83,90.94,84689384,90.94,-0.0499999999999971,-0.05,2026-09-14 16:20:12.306099
BND,2025-12-05,90.94,91.37,89.87,90.48,53582420,90.48,-0.4599999999999937,-0.51,2026-09-14 16:20:12.306099
BND,2025-12-08,90.48,91.1,89.41,90.0,62460338,90.0,-0.480000000000004,-0.53,2026-09-14 16:20:12.306099
BND,2025-12-09,90.0,90.87,89.64,90.24,16189142,90.24,0.2399999999999948,0.27,2026-09-14 16:20:12.306099
BND,2025-12-10,90.24,90.89,89.78,90.05,22667602,90.05,-0.1899999999999977,-0.21,2026-09-14 16:20:12.306099
BND,2025-12-11,90.05,90.82,89.34,89.9,80794643,89.9,-0.1499999999999914,-0.17,2026-09-14 16:20:12.306099
BND,2025-12-12,89.9,90.73,89.68,90.21,67493079,90.21,0.309999999999988,0.34,2026-09-14 16:20:12.306099
BND,2025-12-15,90.21,91.15,90.19,90.53,92541934,90.53,0.3200000000000074,0.35,2026-09-14 16:20:12.306099
BND,2025-12-16,90.53,90.89,89.62,90.51,74951139,90.51,-0.019999999999996,-0.02,2026-09-14 16:20:12.306099
BND,2025-12-17,90.51,91.91,90.48,91.05,79697785,91.05,0.539999999999992,0.6,2026-09-14 16:20:12.306099
BND,2025-12-18,91.05,91.84,90.19,90.99,84575662,90.99,-0.0600000000000022,-0.07,2026-09-14 16:20:12.306099
BND,2025-12-19,90.99,91.71,90.62,90.89,46587538,90.89,-0.0999999999999943,-0.11,2026-09-14 16:20:12.306099
BND,2025-12-22,90.89,92.26,90.31,91.5,65144504,91.5,0.6099999999999994,0.67,2026-09-14 16:20:12.306099
BND,2025-12-23,91.5,92.06,90.5,90.92,99574192,90.92,-0.5799999999999983,-0.63,2026-09-14 16:20:12.306099
BND,2025-12-24,90.92,91.77,90.18,91.29,24805450,91.29,0.3700000000000045,0.41,2026-09-14 16:20:12.306099
BND,2025-12-25,91.29,91.86,90.48,91.14,14775079,91.14,-0.1500000000000056,-0.16,2026-09-14 16:20:12.306099
BND,2025-12-26,91.14,91.63,90.73,90.79,48164755,90.79,-0.3499999999999943,-0.38,2026-09-14 16:20:12.306099
BND,2025-12-29,90.79,91.87,90.5,91.03,25180162,91.03,0.2399999999999948,0.26,2026-09-14 16:20:12.306099
BND,2025-12-30,91.03,91.14,90.32,91.0,50042969,91.0,-0.0300000000000011,-0.03,2026-09-14 16:20:12.306099
BND,2025-12-31,91.0,92.57,90.28,91.71,20292822,91.71,0.7099999999999937,0.78,2026-09-14 16:20:12.306099
BND,2026-01-01,91.71,92.49,90.97,91.6,95099069,91.6,-0.1099999999999994,-0.12,2026-09-14 16:20:12.306099
BND,2026-01-02,91.6,92.48,91.53,91.76,40299574,91.76,0.1600000000000108,0.17,2026-09-14 16:20:12.306099
BND,2026-01-05,91.76,92.42,91.76,91.76,28174863,91.76,0.0,0.0,2026-09-14 16:20:12.306099
BND,2026-01-06,91.76,91.88,91.31,91.61,26550055,91.61,-0.1500000000000056,-0.16,2026-09-14 16:20:12.306099
BND,2026-01-07,91.61,92.37,91.28,91.33,58244495,91.33,-0.2800000000000011,-0.31,2026-09-14 16:20:12.306099
BND,2026-01-08,91.33,91.39,90.43,91.01,40065896,91.01,-0.3199999999999932,-0.35,2026-09-14 16:20:12.306099
BND,2026-01-09,91.01,92.42,90.28,91.69,45879713,91.69,0.6799999999999926,0.75,2026-09-14 16:20:12.306099
BND,2026-01-12,91.69,92.44,91.35,91.86,17260295,91.86,0.1700000000000017,0.19,2026-09-14 16:20:12.306099
BND,2026-01-13,91.86,92.4,91.59,92.17,93477546,92.17,0.3100000000000023,0.34,2026-09-14 16:20:12.306099
BND,2026-01-14,92.17,92.82,91.48,91.94,95921797,91.94,-0.2300000000000039,-0.25,2026-09-14 16:20:12.306099
BND,2026-01-15,91.94,92.49,91.26,91.45,31999955,91.45,-0.4899999999999949,-0.53,2026-09-14 16:20:12.306099
BND,2026-01-16,91.45,91.65,91.3,91.33,33960438,91.33,-0.1200000000000045,-0.13,2026-09-14 16:20:12.306099
BND,2026-01-19,91.33,91.68,89.73,90.58,47671663,90.58,-0.75,-0.82,2026-09-14 16:20:12.306099
BND,2026-01-20,90.58,91.12,90.02,90.49,24417606,90.49,-0.0900000000000034,-0.1,2026-09-14 16:20:12.306099
BND,2026-01-21,90.49,91.28,89.71,90.41,50268102,90.41,-0.0799999999999983,-0.09,2026-09-14 16:20:12.306099
BND,2026-01-22,90.41,91.37,90.31,90.63,64533744,90.63,0.2199999999999988,0.24,2026-09-14 16:20:12.306099
BND,2026-01-23,90.63,91.52,90.55,90.78,30215005,90.78,0.1500000000000056,0.17,2026-09-14 16:20:12.306099
BND,2026-01-26,90.78,91.21,90.68,90.98,66592038,90.98,0.2000000000000028,0.22,2026-09-14 16:20:12.306099
BND,2026-01-27,90.98,91.12,90.43,90.96,15581345,90.96,-0.0200000000000102,-0.02,2026-09-14 16:20:12.306099
BND,2026-01-28,90.96,91.68,90.12,90.93,32071116,90.93,-0.0299999999999869,-0.03,2026-09-14 16:20:12.306099
BND,2026-01-29,90.93,92.12,90.37,91.3,98396010,91.3,0.3699999999999903,0.41,2026-09-14 16:20:12.306099
BND,2026-01-30,91.3,92.28,90.53,92.21,54183759,92.21,0.9099999999999966,1.0,2026-09-14 16:20:12.306099
BND,2026-02-02,92.21,92.26,91.51,91.57,18164480,91.57,-0.6400000000000006,-0.69,2026-09-14 16:20:12.306099
BND,2026-02-03,91.57,92.65,91.31,91.76,83534257,91.76,0.1900000000000119,0.21,2026-09-14 16:20:12.306099
BND,2026-02-04,91.76,92.12,90.93,91.82,26653670,91.82,0.059999999999988,0.07,2026-09-14 16:20:12.306099
BND,2026-02-05,91.82,92.78,91.71,92.02,14786487,92.02,0.2000000000000028,0.22,2026-09-14 16:20:12.306099
BND,2026-02-06,92.02,92.69,91.42,92.31,21440432,92.31,0.2900000000000062,0.32,2026-09-14 16:20:12.306099
BND,2026-02-09,92.31,92.74,91.4,92.02,36392312,92.02,-0.2900000000000062,-0.31,2026-09-14 16:20:12.306099
BND,2026-02-10,92.02,92.74,91.47,91.98,51329006,91.98,-0.039999999999992,-0.04,2026-09-14 16:20:12.306099
BND,2026-02-11,91.98,93.16,91.86,92.49,86737722,92.49,0.5099999999999909,0.55,2026-09-14 16:20:12.306099
BND,2026-02-12,92.49,94.41,91.6,93.53,12764513,93.53,1.0400000000000065,1.12,2026-09-14 16:20:12.306099
BND,2026-02-13,93.53,94.02,93.0,93.51,84015403,93.51,-0.019999999999996,-0.02,2026-09-14 16:20:12.306099
BND,2026-02-16,93.51,94.21,92.63,93.63,99702207,93.63,0.1199999999999903,0.13,2026-09-14 16:20:12.306099
BND,2026-02-17,93.63,94.62,93.51,93.71,58325548,93.71,0.0799999999999983,0.09,2026-09-14 16:20:12.306099
BND,2026-02-18,93.71,94.97,93.67,94.4,31449941,94.4,0.6900000000000119,0.74,2026-09-14 16:20:12.306099
BND,2026-02-19,94.4,95.47,93.84,94.61,73738875,94.61,0.2099999999999937,0.22,2026-09-14 16:20:12.306099
BND,2026-02-20,94.61,94.98,94.32,94.33,19631868,94.33,-0.2800000000000011,-0.3,2026-09-14 16:20:12.306099
BND,2026-02-23,94.33,95.22,93.78,94.01,72848684,94.01,-0.3199999999999932,-0.34,2026-09-14 16:20:12.306099
BND,2026-02-24,94.01,95.08,93.74,94.22,93815485,94.22,0.2099999999999937,0.22,2026-09-14 16:20:12.306099
BND,2026-02-25,94.22,95.34,93.49,94.86,31484135,94.86,0.6400000000000006,0.68,2026-09-14 16:20:12.306099
BND,2026-02-26,94.86,95.48,93.87,94.62,87014997,94.62,-0.2399999999999948,-0.25,2026-09-14 16:20:12.306099
BND,2026-02-27,94.62,95.53,94.34,95.5,89021777,95.5,0.8799999999999955,0.93,2026-09-14 16:20:12.306099
BND,2026-03-02,95.5,96.36,95.13,95.51,55425471,95.51,0.0100000000000051,0.01,2026-09-14 16:20:12.306099
BND,2026-03-03,95.51,96.24,94.57,94.93,12036725,94.93,-0.5799999999999983,-0.61,2026-09-14 16:20:12.306099
BND,2026-03-04,94.93,95.68,94.47,94.9,59161643,94.9,-0.0300000000000011,-0.03,2026-09-14 16:20:12.306099
BND,2026-03-05,94.9,95.82,94.74,95.43,28951261,95.43,0.5300000000000011,0.56,2026-09-14 16:20:12.306099
BND,2026-03-06,95.43,95.78,93.9,94.67,52650987,94.67,-0.7600000000000051,-0.8,2026-09-14 16:20:12.306099
BND,2026-03-09,94.67,95.02,94.2,94.34,72421877,94.34,-0.3299999999999983,-0.35,2026-09-14 16:20:12.306099
BND,2026-03-10,94.34,95.19,93.61,94.47,87567989,94.47,0.1299999999999954,0.14,2026-09-14 16:20:12.306099
BND,2026-03-11,94.47,95.12,93.8,94.58,47435927,94.58,0.1099999999999994,0.12,2026-09-14 16:20:12.306099
BND,2026-03-12,94.58,95.41,93.9,94.74,30135033,94.74,0.1599999999999966,0.17,2026-09-14 16:20:12.306099
BND,2026-03-13,94.74,95.04,94.04,94.99,97163054,94.99,0.25,0.26,2026-09-14 16:20:12.306099
BND,2026-03-16,94.99,95.86,94.05,94.83,76969851,94.83,-0.1599999999999966,-0.17,2026-09-14 16:20:12.306099
BND,2026-03-17,94.83,95.74,94.36,95.12,70811291,95.12,0.2900000000000062,0.31,2026-09-14 16:20:12.306099
BND,2026-03-18,95.12,95.74,95.04,95.43,44020772,95.43,0.3100000000000023,0.33,2026-09-14 16:20:12.306099
BND,2026-03-19,95.43,96.54,94.5,95.63,28587328,95.63,0.1999999999999886,0.21,2026-09-14 16:20:12.306099
BND,2026-03-20,95.63,96.18,95.16,95.32,62346538,95.32,-0.3100000000000023,-0.32,2026-09-14 16:20:12.306099
BND,2026-03-23,95.32,96.22,94.45,94.69,85146507,94.69,-0.6299999999999955,-0.66,2026-09-14 16:20:12.306099
BND,2026-03-24,94.69,95.39,94.39,94.6,33433216,94.6,-0.0900000000000034,-0.1,2026-09-14 16:20:12.306099
BND,2026-03-25,94.6,94.67,94.05,94.17,98071276,94.17,-0.4299999999999926,-0.45,2026-09-14 16:20:12.306099
BND,2026-03-26,94.17,94.87,93.97,94.12,54004494,94.12,-0.0499999999999971,-0.05,2026-09-14 16:20:12.306099
BND,2026-03-27,94.12,94.43,93.54,93.72,10985078,93.72,-0.4000000000000057,-0.42,2026-09-14 16:20:12.306099
BND,2026-03-30,93.72,94.44,92.91,94.16,35516627,94.16,0.4399999999999977,0.47,2026-09-14 16:20:12.306099
BND,2026-03-31,94.16,95.21,93.25,94.31,71652144,94.31,0.1500000000000056,0.16,2026-09-14 16:20:12.306099
BND,2026-04-01,94.31,94.46,93.55,93.98,28374300,93.98,-0.3299999999999983,-0.35,2026-09-14 16:20:12.306099
BND,2026-04-02,93.98,94.73,92.7,93.49,10374795,93.49,-0.4900000000000091,-0.52,2026-09-14 16:20:12.306099
BND,2026-04-03,93.49,94.53,92.94,93.59,36657633,93.59,0.1000000000000085,0.11,2026-09-14 16:20:12.306099
BND,2026-04-06,93.59,93.9,93.09,93.51,50003797,93.51,-0.0799999999999983,-0.09,2026-09-14 16:20:12.306099
BND,2026-04-07,93.51,93.95,93.01,93.5,12519005,93.5,-0.0100000000000051,-0.01,2026-09-14 16:20:12.306099
BND,2026-04-08,93.5,94.22,92.67,93.87,81174907,93.87,0.3700000000000045,0.4,2026-09-14 16:20:12.306099
BND,2026-04-09,93.87,94.87,93.31,94.4,53307031,94.4,0.5300000000000011,0.56,2026-09-14 16:20:12.306099
BND,2026-04-10,94.4,95.84,94.31,94.9,56398062,94.9,0.5,0.53,2026-09-14 16:20:12.306099
BND,2026-04-13,94.9,95.47,94.74,94.94,67452201,94.94,0.039999999999992,0.04,2026-09-14 16:20:12.306099
BND,2026-04-14,94.94,95.64,94.12,94.75,39738130,94.75,-0.1899999999999977,-0.2,2026-09-14 16:20:12.306099
BND,2026-04-15,94.75,95.54,93.69,94.2,99145936,94.2,-0.5499999999999972,-0.58,2026-09-14 16:20:12.306099
BND,2026-04-16,94.2,94.33,93.27,93.82,62277187,93.82,-0.3800000000000096,-0.4,2026-09-14 16:20:12.306099
BND,2026-04-17,93.82,94.78,93.36,93.89,16964331,93.89,0.0700000000000073,0.07,2026-09-14 16:20:12.306099
BND,2026-04-20,93.89,94.63,92.85,93.18,12439441,93.18,-0.7099999999999937,-0.76,2026-09-14 16:20:12.306099
BND,2026-04-21,93.18,93.82,92.77,92.85,43836832,92.85,-0.3300000000000125,-0.35,2026-09-14 16:20:12.306099
BND,2026-04-22,92.85,93.29,92.66,92.79,19813327,92.79,-0.059999999999988,-0.06,2026-09-14 16:20:12.306099
BND,2026-04-23,92.79,93.36,92.64,93.21,63326725,93.21,0.4199999999999875,0.45,2026-09-14 16:20:12.306099
BND,2026-04-24,93.21,93.51,92.81,93.48,42858593,93.48,0.2700000000000102,0.29,2026-09-14 16:20:12.306099
BND,2026-04-27,93.48,94.41,92.86,93.27,61845253,93.27,-0.2100000000000079,-0.22,2026-09-14 16:20:12.306099
BND,2026-04-28,93.27,93.72,92.25,92.97,59378728,92.97,-0.2999999999999971,-0.32,2026-09-14 16:20:12.306099
BND,2026-04-29,92.97,93.84,92.9,92.9,91084590,92.9,-0.0699999999999931,-0.08,2026-09-14 16:20:12.306099
BND,2026-04-30,92.9,94.12,92.48,93.56,33482676,93.56,0.6599999999999966,0.71,2026-09-14 16:20:12.306099
BND,2026-05-01,93.56,94.44,92.79,93.37,88612366,93.37,-0.1899999999999977,-0.2,2026-09-14 16:20:12.306099
BND,2026-05-04,93.37,93.71,93.06,93.45,30793440,93.45,0.0799999999999983,0.09,2026-09-14 16:20:12.306099
BND,2026-05-05,93.45,95.06,92.63,94.17,54559040,94.17,0.7199999999999989,0.77,2026-09-14 16:20:12.306099
BND,2026-05-06,94.17,95.14,93.6,94.56,71538768,94.56,0.3900000000000005,0.41,2026-09-14 16:20:12.306099
BND,2026-05-07,94.56,94.82,94.49,94.79,97639748,94.79,0.2300000000000039,0.24,2026-09-14 16:20:12.306099
BND,2026-05-08,94.79,95.96,94.47,95.06,58145447,95.06,0.269999999999996,0.28,2026-09-14 16:20:12.306099
BND,2026-05-11,95.06,96.12,94.79,95.26,72443017,95.26,0.2000000000000028,0.21,2026-09-14 16:20:12.306099
BND,2026-05-12,95.26,95.36,94.82,94.97,57650973,94.97,-0.2900000000000062,-0.3,2026-09-14 16:20:12.306099
BND,2026-05-13,94.97,95.92,94.09,94.68,58024317,94.68,-0.289999999999992,-0.31,2026-09-14 16:20:12.306099
BND,2026-05-14,94.68,94.87,93.91,94.8,78254158,94.8,0.1199999999999903,0.13,2026-09-14 16:20:12.306099
BND,2026-05-15,94.8,94.83,94.44,94.64,43274133,94.64,-0.1599999999999966,-0.17,2026-09-14 16:20:12.306099
BND,2026-05-18,94.64,95.24,93.84,94.32,53958377,94.32,-0.3200000000000074,-0.34,2026-09-14 16:20:12.306099
BND,2026-05-19,94.32,94.63,94.11,94.2,70933897,94.2,-0.1199999999999903,-0.13,2026-09-14 16:20:12.306099
BND,2026-05-20,94.2,94.5,93.52,93.94,31846061,93.94,-0.2600000000000051,-0.28,2026-09-14 16:20:12.306099
BND,2026-05-21,93.94,94.95,93.01,94.15,96809391,94.15,0.2100000000000079,0.22,2026-09-14 16:20:12.306099
BND,2026-05-22,94.15,94.51,93.08,93.73,11426131,93.73,-0.4200000000000017,-0.45,2026-09-14 16:20:12.306099
BND,2026-05-25,93.73,94.31,93.24,94.3,70183028,94.3,0.5699999999999932,0.61,2026-09-14 16:20:12.306099
BND,2026-05-26,94.3,94.97,93.74,94.36,37032336,94.36,0.0600000000000022,0.06,2026-09-14 16:20:12.306099
BND,2026-05-27,94.36,95.07,93.41,93.89,80167176,93.89,-0.4699999999999988,-0.5,2026-09-14 16:20:12.306099
BND,2026-05-28,93.89,94.21,92.7,93.59,39109997,93.59,-0.2999999999999971,-0.32,2026-09-14 16:20:12.306099
BND,2026-05-29,93.59,94.08,92.25,93.12,24649468,93.12,-0.4699999999999988,-0.5,2026-09-14 16:20:12.306099
BND,2026-06-01,93.12,94.17,92.5,93.36,58874442,93.36,0.2399999999999948,0.26,2026-09-14 16:20:12.306099
BND,2026-06-02,93.36,93.84,92.49,93.46,70396804,93.46,0.0999999999999943,0.11,2026-09-14 16:20:12.306099
BND,2026-06-03,93.46,94.37,92.75,93.26,64890005,93.26,-0.1999999999999886,-0.21,2026-09-14 16:20:12.306099
BND,2026-06-04,93.26,94.21,92.65,93.43,20318267,93.43,0.1700000000000017,0.18,2026-09-14 16:20:12.306099
BND,2026-06-05,93.43,94.04,92.35,93.16,48226397,93.16,-0.2700000000000102,-0.29,2026-09-14 16:20:12.306099
BND,2026-06-08,93.16,93.8,92.04,92.76,17061283,92.76,-0.3999999999999915,-0.43,2026-09-14 16:20:12.306099
BND,2026-06-09,92.76,93.47,91.46,92.38,11047820,92.38,-0.3800000000000096,-0.41,2026-09-14 16:20:12.306099
BND,2026-06-10,92.38,92.88,92.18,92.45,12422997,92.45,0.0700000000000073,0.08,2026-09-14 16:20:12.306099
BND,2026-06-11,92.45,93.05,91.94,92.33,43289027,92.33,-0.1200000000000045,-0.13,2026-09-14 16:20:12.306099
BND,2026-06-12,92.33,93.15,91.59,92.7,35845675,92.7,0.3700000000000045,0.4,2026-09-14 16:20:12.306099
BND,2026-06-15,92.7,94.05,92.46,93.28,69026945,93.28,0.5799999999999983,0.63,2026-09-14 16:20:12.306099
BND,2026-06-16,93.28,93.94,92.56,93.53,37619673,93.53,0.25,0.27,2026-09-14 16:20:12.306099
BND,2026-06-17,93.53,94.96,93.36,94.03,23300444,94.03,0.5,0.53,2026-09-14 16:20:12.306099
BND,2026-06-18,94.03,94.97,93.7,93.85,27121531,93.85,-0.1800000000000068,-0.19,2026-09-14 16:20:12.306099
BND,2026-06-19,93.85,94.96,93.35,94.25,98440220,94.25,0.4000000000000057,0.43,2026-09-14 16:20:12.306099
BND,2026-06-22,94.25,94.83,93.61,94.18,38912030,94.18,-0.0699999999999931,-0.07,2026-09-14 16:20:12.306099
BND,2026-06-23,94.18,94.85,93.95,94.32,17952266,94.32,0.1399999999999863,0.15,2026-09-14 16:20:12.306099
BND,2026-06-24,94.32,95.17,93.17,93.4,91630477,93.4,-0.9199999999999876,-0.98,2026-09-14 16:20:12.306099
BND,2026-06-25,93.4,95.14,92.62,94.21,20460586,94.21,0.8099999999999881,0.87,2026-09-14 16:20:12.306099
BND,2026-06-26,94.21,95.7,94.14,94.94,33596288,94.94,0.730000000000004,0.77,2026-09-14 16:20:12.306099
BND,2026-06-29,94.94,96.16,94.21,95.3,90090353,95.3,0.3599999999999994,0.38,2026-09-14 16:20:12.306099
BND,2026-06-30,95.3,96.04,94.55,94.88,80669266,94.88,-0.4200000000000017,-0.44,2026-09-14 16:20:12.306099
BND,2026-07-01,94.88,95.43,93.6,94.54,52280157,94.54,-0.3399999999999892,-0.36,2026-09-14 16:20:12.306099
BND,2026-07-02,94.54,95.02,93.84,94.09,39732893,94.09,-0.4500000000000028,-0.48,2026-09-14 16:20:12.306099
BND,2026-07-03,94.09,94.46,92.79,93.42,61038753,93.42,-0.6700000000000017,-0.71,2026-09-14 16:20:12.306099
BND,2026-07-06,93.42,94.13,93.25,93.32,41989768,93.32,-0.1000000000000085,-0.11,2026-09-14 16:20:12.306099
BND,2026-07-07,93.32,93.47,92.38,92.84,38599214,92.84,-0.4799999999999897,-0.51,2026-09-14 16:20:12.306099
BND,2026-07-08,92.84,93.77,91.7,92.56,77277353,92.56,-0.2800000000000011,-0.3,2026-09-14 16:20:12.306099
BND,2026-07-09,92.56,94.1,91.98,93.18,96946789,93.18,0.6200000000000045,0.67,2026-09-14 16:20:12.306099
BND,2026-07-10,93.18,93.62,92.55,93.46,91646174,93.46,0.2799999999999869,0.3,2026-09-14 16:20:12.306099
BND,2026-07-13,93.46,93.75,92.72,93.27,99969491,93.27,-0.1899999999999977,-0.2,2026-09-14 16:20:12.306099
BND,2026-07-14,93.27,94.13,92.22,92.85,88963414,92.85,-0.4200000000000017,-0.45,2026-09-14 16:20:12.306099
BND,2026-07-15,92.85,93.01,92.19,92.89,64132743,92.89,0.0400000000000062,0.04,2026-09-14 16:20:12.306099
BND,2026-07-16,92.89,93.57,92.16,93.31,83836907,93.31,0.4200000000000017,0.45,2026-09-14 16:20:12.306099
BND,2026-07-17,93.31,94.99,92.96,94.12,19680624,94.12,0.8100000000000023,0.87,2026-09-14 16:20:12.306099
BND,2026-07-20,94.12,94.67,94.05,94.21,74657128,94.21,0.0899999999999892,0.1,2026-09-14 16:20:12.306099
BND,2026-07-21,94.21,94.72,93.13,93.97,95885782,93.97,-0.2399999999999948,-0.25,2026-09-14 16:20:12.306099
BND,2026-07-22,93.97,94.18,93.75,94.09,69185443,94.09,0.1200000000000045,0.13,2026-09-14 16:20:12.306099
BND,2026-07-23,94.09,94.74,93.34,93.96,64483132,93.96,-0.1300000000000096,-0.14,2026-09-14 16:20:12.306099
BND,2026-07-24,93.96,94.43,93.61,94.16,84197619,94.16,0.2000000000000028,0.21,2026-09-14 16:20:12.306099
BND,2026-07-27,94.16,94.95,93.52,94.34,55288187,94.34,0.1800000000000068,0.19,2026-09-14 16:20:12.306099
BND,2026-07-28,94.34,94.71,94.21,94.52,15759699,94.52,0.1799999999999926,0.19,2026-09-14 16:20:12.306099
BND,2026-07-29,94.52,95.68,94.41,94.93,20028026,94.93,0.4100000000000108,0.43,2026-09-14 16:20:12.306099
BND,2026-07-30,94.93,95.56,94.92,95.36,34885208,95.36,0.4299999999999926,0.45,2026-09-14 16:20:12.306099
BND,2026-07-31,95.36,95.68,94.75,94.95,54614253,94.95,-0.4099999999999966,-0.43,2026-09-14 16:20:12.306099
BND,2026-08-03,94.95,96.09,94.57,95.56,90715718,95.56,0.6099999999999994,0.64,2026-09-14 16:20:12.306099
BND,2026-08-04,95.56,96.37,95.35,95.69,52650869,95.69,0.1299999999999954,0.14,2026-09-14 16:20:12.306099
BND,2026-08-05,95.69,96.82,95.66,96.05,69624252,96.05,0.3599999999999994,0.38,2026-09-14 16:20:12.306099
BND,2026-08-06,96.05,97.02,95.74,96.56,42831102,96.56,0.5100000000000051,0.53,2026-09-14 16:20:12.306099
BND,2026-08-07,96.56,97.35,96.32,96.77,13927386,96.77,0.2099999999999937,0.22,2026-09-14 16:20:12.306099
BND,2026-08-10,96.77,97.79,96.18,97.32,53964934,97.32,0.5499999999999972,0.57,2026-09-14 16:20:12.306099
BND,2026-08-11,97.32,97.93,96.8,96.82,57993320,96.82,-0.5,-0.51,2026-09-14 16:20:12.306099
BND,2026-08-12,96.82,96.91,96.08,96.8,31227343,96.8,-0.019999999999996,-0.02,2026-09-14 16:20:12.306099
BND,2026-08-13,96.8,97.7,95.96,96.92,31662528,96.92,0.1200000000000045,0.12,2026-09-14 16:20:12.306099
BND,2026-08-14,96.92,97.12,96.22,97.11,51833839,97.11,0.1899999999999977,0.2,2026-09-14 16:20:12.306099
BND,2026-08-17,97.11,97.66,96.77,97.28,85670638,97.28,0.1700000000000017,0.18,2026-09-14 16:20:12.306099
BND,2026-08-18,97.28,97.46,96.79,97.19,63670434,97.19,-0.0900000000000034,-0.09,2026-09-14 16:20:12.306099
BND,2026-08-19,97.19,97.75,96.8,97.16,66700183,97.16,-0.0300000000000011,-0.03,2026-09-14 16:20:12.306099
BND,2026-08-20,97.16,97.59,96.5,97.04,51651092,97.04,-0.1199999999999903,-0.12,2026-09-14 16:20:12.306099
BND,2026-08-21,97.04,98.27,96.18,97.5,83031992,97.5,0.4599999999999937,0.47,2026-09-14 16:20:12.306099
BND,2026-08-24,97.5,98.09,96.86,97.63,25150744,97.63,0.1299999999999954,0.13,2026-09-14 16:20:12.306099
BND,2026-08-25,97.63,99.18,97.37,98.61,82483685,98.61,0.980000000000004,1.0,2026-09-14 16:20:12.306099
BND,2026-08-26,98.61,100.04,97.85,99.1,88953834,99.1,0.4899999999999949,0.5,2026-09-14 16:20:12.306099
BND,2026-08-27,99.1,99.86,98.35,99.34,19451257,99.34,0.2400000000000091,0.24,2026-09-14 16:20:12.306099
BND,2026-08-28,99.34,100.74,98.43,99.76,96009484,99.76,0.4200000000000017,0.42,2026-09-14 16:20:12.306099
BND,2026-08-31,99.76,100.03,98.45,99.35,18053161,99.35,-0.4100000000000108,-0.41,2026-09-14 16:20:12.306099
BND,2026-09-01,99.35,100.13,98.47,99.79,56626851,99.79,0.4400000000000119,0.44,2026-09-14 16:20:12.306099
BND,2026-09-02,99.79,100.32,99.5,99.61,75808245,99.61,-0.1800000000000068,-0.18,2026-09-14 16:20:12.306099
BND,2026-09-03,99.61,100.67,99.18,100.07,36481973,100.07,0.4599999999999937,0.46,2026-09-14 16:20:12.306099
BND,2026-09-04,100.07,101.02,99.52,99.93,54632953,99.93,-0.1399999999999863,-0.14,2026-09-14 16:20:12.306099
BND,2026-09-07,99.93,100.92,99.14,99.94,18618420,99.94,0.0099999999999909,0.01,2026-09-14 16:20:12.306099
BND,2026-09-08,99.94,101.26,99.14,100.77,99758441,100.77,0.8299999999999983,0.83,2026-09-14 16:20:12.306099
BND,2026-09-09,100.77,101.64,99.79,100.29,43623819,100.29,-0.4799999999999897,-0.48,2026-09-14 16:20:12.306099
BND,2026-09-10,100.29,101.2,100.06,100.45,55304873,100.45,0.1599999999999966,0.16,2026-09-14 16:20:12.306099
BND,2026-09-11,100.45,101.14,99.56,100.92,23025878,100.92,0.4699999999999988,0.47,2026-09-14 16:20:12.306099
BND,2026-09-14,100.92,101.36,100.25,100.98,91929373,100.98,0.0600000000000022,0.06,2026-09-14 16:20:12.306099
BND,2026-09-15,100.92,101.36,100.25,100.98,91929373,100.98,0.0600000000000022,0.06,2026-09-15 07:27:40.144938
BND,2026-09-16,101.15,102.61,100.35,101.82,76609718,101.82,0.6699999999999875,0.66,2026-09-16 09:38:16.456517
