symbol,date,open,high,low,close,volume,adj_close,price_change,pct_change,load_timestamp
AAPL,2016-09-16,100.0,100.99,99.14,100.55,72763122,100.55,0.5499999999999972,0.55,2026-09-14 16:20:12.306099
AAPL,2016-09-19,100.55,101.53,96.28,97.02,80745787,97.02,-3.530000000000001,-3.51,2026-09-14 16:20:12.306099
AAPL,2016-09-20,97.02,97.45,96.63,96.99,93408848,96.99,-0.0300000000000011,-0.03,2026-09-14 16:20:12.306099
AAPL,2016-09-21,96.99,97.9,96.56,97.1,30451484,97.1,0.1099999999999994,0.11,2026-09-14 16:20:12.306099
AAPL,2016-09-22,97.1,97.81,96.3,97.75,66849795,97.75,0.6500000000000057,0.67,2026-09-14 16:20:12.306099
AAPL,2016-09-23,97.75,98.09,96.48,97.42,90380900,97.42,-0.3299999999999983,-0.34,2026-09-14 16:20:12.306099
AAPL,2016-09-26,97.42,97.61,96.22,96.67,13942338,96.67,-0.75,-0.77,2026-09-14 16:20:12.306099
AAPL,2016-09-27,96.67,98.05,95.95,97.39,97075875,97.39,0.7199999999999989,0.74,2026-09-14 16:20:12.306099
AAPL,2016-09-28,97.39,97.75,96.04,96.49,27052422,96.49,-0.9000000000000057,-0.92,2026-09-14 16:20:12.306099
AAPL,2016-09-29,96.49,96.95,96.08,96.29,70283259,96.29,-0.1999999999999886,-0.21,2026-09-14 16:20:12.306099
AAPL,2016-09-30,96.29,98.39,95.62,97.58,38112997,97.58,1.289999999999992,1.34,2026-09-14 16:20:12.306099
AAPL,2016-10-03,97.58,98.37,96.04,96.41,35949529,96.41,-1.1700000000000017,-1.2,2026-09-14 16:20:12.306099
AAPL,2016-10-04,96.41,98.06,96.22,97.93,10662604,97.93,1.5200000000000102,1.58,2026-09-14 16:20:12.306099
AAPL,2016-10-05,97.93,99.09,97.23,98.44,80265612,98.44,0.5099999999999909,0.52,2026-09-14 16:20:12.306099
AAPL,2016-10-06,98.44,98.99,97.47,97.6,20307706,97.6,-0.8400000000000034,-0.85,2026-09-14 16:20:12.306099
AAPL,2016-10-07,97.6,98.06,95.54,96.08,78849897,96.08,-1.519999999999996,-1.56,2026-09-14 16:20:12.306099
AAPL,2016-10-10,96.08,96.9,95.54,96.36,37355508,96.36,0.2800000000000011,0.29,2026-09-14 16:20:12.306099
AAPL,2016-10-11,96.36,96.78,95.55,95.76,46767577,95.76,-0.5999999999999943,-0.62,2026-09-14 16:20:12.306099
AAPL,2016-10-12,95.76,95.98,93.5,93.56,35324550,93.56,-2.200000000000003,-2.3,2026-09-14 16:20:12.306099
AAPL,2016-10-13,93.56,94.42,93.04,93.8,80550838,93.8,0.2399999999999948,0.26,2026-09-14 16:20:12.306099
AAPL,2016-10-14,93.8,95.24,93.03,94.85,25027562,94.85,1.0499999999999972,1.12,2026-09-14 16:20:12.306099
AAPL,2016-10-17,94.85,94.94,93.55,94.23,51568950,94.23,-0.6199999999999903,-0.65,2026-09-14 16:20:12.306099
AAPL,2016-10-18,94.23,94.71,93.3,93.44,72668833,93.44,-0.7900000000000063,-0.84,2026-09-14 16:20:12.306099
AAPL,2016-10-19,93.44,94.92,93.16,94.56,66725433,94.56,1.1200000000000043,1.2,2026-09-14 16:20:12.306099
AAPL,2016-10-20,94.56,94.64,91.58,91.69,96570789,91.69,-2.8700000000000045,-3.04,2026-09-14 16:20:12.306099
AAPL,2016-10-21,91.69,92.99,91.44,92.35,97225873,92.35,0.6599999999999966,0.72,2026-09-14 16:20:12.306099
AAPL,2016-10-24,92.35,93.01,91.34,91.75,34501740,91.75,-0.5999999999999943,-0.65,2026-09-14 16:20:12.306099
AAPL,2016-10-25,91.75,92.58,89.77,90.18,28212702,90.18,-1.5699999999999932,-1.71,2026-09-14 16:20:12.306099
AAPL,2016-10-26,90.18,91.42,90.02,90.89,87095285,90.89,0.7099999999999937,0.79,2026-09-14 16:20:12.306099
AAPL,2016-10-27,90.89,91.66,90.5,91.01,66457795,91.01,0.1200000000000045,0.13,2026-09-14 16:20:12.306099
AAPL,2016-10-28,91.01,94.24,90.93,93.63,47422666,93.63,2.6199999999999903,2.88,2026-09-14 16:20:12.306099
AAPL,2016-10-31,93.63,94.47,93.32,94.0,23007176,94.0,0.3700000000000045,0.4,2026-09-14 16:20:12.306099
AAPL,2016-11-01,94.0,97.04,93.84,96.48,93260810,96.48,2.480000000000004,2.64,2026-09-14 16:20:12.306099
AAPL,2016-11-02,96.48,96.81,95.23,95.8,12052348,95.8,-0.6800000000000068,-0.7,2026-09-14 16:20:12.306099
AAPL,2016-11-03,95.8,96.26,92.53,93.26,17445699,93.26,-2.539999999999992,-2.65,2026-09-14 16:20:12.306099
AAPL,2016-11-04,93.26,97.09,92.39,96.62,61455524,96.62,3.3599999999999994,3.6,2026-09-14 16:20:12.306099
AAPL,2016-11-07,96.62,96.87,92.6,92.91,56860516,92.91,-3.710000000000008,-3.84,2026-09-14 16:20:12.306099
AAPL,2016-11-08,92.91,92.93,91.13,91.89,90654469,91.89,-1.019999999999996,-1.1,2026-09-14 16:20:12.306099
AAPL,2016-11-09,91.89,92.39,91.52,91.62,70501608,91.62,-0.269999999999996,-0.29,2026-09-14 16:20:12.306099
AAPL,2016-11-10,91.62,92.29,90.83,91.53,19696685,91.53,-0.0900000000000034,-0.1,2026-09-14 16:20:12.306099
AAPL,2016-11-11,91.53,91.74,90.68,90.71,59936722,90.71,-0.8200000000000074,-0.9,2026-09-14 16:20:12.306099
AAPL,2016-11-14,90.71,94.97,89.98,94.19,38542500,94.19,3.480000000000004,3.84,2026-09-14 16:20:12.306099
AAPL,2016-11-15,94.19,96.04,93.7,95.77,33036858,95.77,1.5799999999999983,1.68,2026-09-14 16:20:12.306099
AAPL,2016-11-16,95.77,95.92,94.6,94.64,49158735,94.64,-1.1299999999999957,-1.18,2026-09-14 16:20:12.306099
AAPL,2016-11-17,94.64,95.48,91.77,92.46,90171324,92.46,-2.180000000000007,-2.3,2026-09-14 16:20:12.306099
AAPL,2016-11-18,92.46,92.94,91.97,92.26,79481118,92.26,-0.1999999999999886,-0.22,2026-09-14 16:20:12.306099
AAPL,2016-11-21,92.26,92.61,91.49,91.58,77211065,91.58,-0.6800000000000068,-0.74,2026-09-14 16:20:12.306099
AAPL,2016-11-22,91.58,92.74,91.36,91.88,21048213,91.88,0.2999999999999971,0.33,2026-09-14 16:20:12.306099
AAPL,2016-11-23,91.88,94.88,91.72,94.73,63944451,94.73,2.8500000000000085,3.1,2026-09-14 16:20:12.306099
AAPL,2016-11-24,94.73,95.03,92.12,92.85,97464378,92.85,-1.8800000000000097,-1.98,2026-09-14 16:20:12.306099
AAPL,2016-11-25,92.85,92.98,92.82,92.84,30669042,92.84,-0.0099999999999909,-0.01,2026-09-14 16:20:12.306099
AAPL,2016-11-28,92.84,93.62,92.72,92.99,55569693,92.99,0.1499999999999914,0.16,2026-09-14 16:20:12.306099
AAPL,2016-11-29,92.99,93.53,91.39,91.58,82371207,91.58,-1.4099999999999966,-1.52,2026-09-14 16:20:12.306099
AAPL,2016-11-30,91.58,93.77,91.46,93.09,21137842,93.09,1.5100000000000051,1.65,2026-09-14 16:20:12.306099
AAPL,2016-12-01,93.09,94.28,92.81,93.91,53972564,93.91,0.8199999999999932,0.88,2026-09-14 16:20:12.306099
AAPL,2016-12-02,93.91,95.72,93.64,94.82,93232758,94.82,0.9099999999999966,0.97,2026-09-14 16:20:12.306099
AAPL,2016-12-05,94.82,95.34,93.83,94.43,19530766,94.43,-0.3899999999999863,-0.41,2026-09-14 16:20:12.306099
AAPL,2016-12-06,94.43,94.98,93.52,94.59,63643829,94.59,0.1599999999999966,0.17,2026-09-14 16:20:12.306099
AAPL,2016-12-07,94.59,95.35,92.7,93.13,80628710,93.13,-1.460000000000008,-1.54,2026-09-14 16:20:12.306099
AAPL,2016-12-08,93.13,93.77,92.36,93.66,81713537,93.66,0.5300000000000011,0.57,2026-09-14 16:20:12.306099
AAPL,2016-12-09,93.66,94.16,89.5,90.04,88096505,90.04,-3.6199999999999903,-3.87,2026-09-14 16:20:12.306099
AAPL,2016-12-12,90.04,94.01,89.71,93.63,48329387,93.63,3.589999999999989,3.99,2026-09-14 16:20:12.306099
AAPL,2016-12-13,93.63,94.44,93.04,93.47,32305560,93.47,-0.1599999999999966,-0.17,2026-09-14 16:20:12.306099
AAPL,2016-12-14,93.47,94.17,90.56,91.3,19475027,91.3,-2.1700000000000017,-2.32,2026-09-14 16:20:12.306099
AAPL,2016-12-15,91.3,91.84,89.25,89.38,84219777,89.38,-1.9200000000000017,-2.1,2026-09-14 16:20:12.306099
AAPL,2016-12-16,89.38,89.5,86.98,87.79,24897855,87.79,-1.5899999999999892,-1.78,2026-09-14 16:20:12.306099
AAPL,2016-12-19,87.79,87.92,87.09,87.19,11903321,87.19,-0.6000000000000085,-0.68,2026-09-14 16:20:12.306099
AAPL,2016-12-20,87.19,87.35,86.73,86.78,63202943,86.78,-0.4099999999999966,-0.47,2026-09-14 16:20:12.306099
AAPL,2016-12-21,86.78,88.71,86.5,88.36,55407361,88.36,1.5799999999999983,1.82,2026-09-14 16:20:12.306099
AAPL,2016-12-22,88.36,89.11,88.32,88.36,26334856,88.36,0.0,0.0,2026-09-14 16:20:12.306099
AAPL,2016-12-23,88.36,93.07,87.85,92.83,47463618,92.83,4.469999999999999,5.06,2026-09-14 16:20:12.306099
AAPL,2016-12-26,92.83,93.18,91.08,91.56,19150471,91.56,-1.269999999999996,-1.37,2026-09-14 16:20:12.306099
AAPL,2016-12-27,91.56,93.57,90.71,93.52,18920182,93.52,1.9599999999999933,2.14,2026-09-14 16:20:12.306099
AAPL,2016-12-28,93.52,95.94,92.61,95.08,82182329,95.08,1.5600000000000025,1.67,2026-09-14 16:20:12.306099
AAPL,2016-12-29,95.08,96.15,94.34,95.53,22109698,95.53,0.4500000000000028,0.47,2026-09-14 16:20:12.306099
AAPL,2016-12-30,95.53,96.03,94.29,95.1,51651942,95.1,-0.4300000000000068,-0.45,2026-09-14 16:20:12.306099
AAPL,2017-01-02,95.1,95.71,94.44,94.7,22579156,94.7,-0.3999999999999915,-0.42,2026-09-14 16:20:12.306099
AAPL,2017-01-03,94.7,95.09,91.49,91.7,43076062,91.7,-3.0,-3.17,2026-09-14 16:20:12.306099
AAPL,2017-01-04,91.7,93.43,91.35,93.13,71716901,93.13,1.4299999999999926,1.56,2026-09-14 16:20:12.306099
AAPL,2017-01-05,93.13,94.01,91.72,92.57,53281938,92.57,-0.5600000000000023,-0.6,2026-09-14 16:20:12.306099
AAPL,2017-01-06,92.57,95.03,91.78,94.53,68732860,94.53,1.960000000000008,2.12,2026-09-14 16:20:12.306099
AAPL,2017-01-09,94.53,96.45,93.93,95.94,35934005,95.94,1.4099999999999966,1.49,2026-09-14 16:20:12.306099
AAPL,2017-01-10,95.94,97.84,95.27,97.65,87464716,97.65,1.710000000000008,1.78,2026-09-14 16:20:12.306099
AAPL,2017-01-11,97.65,98.37,97.55,97.77,75314406,97.77,0.1199999999999903,0.12,2026-09-14 16:20:12.306099
AAPL,2017-01-12,97.77,99.98,97.64,99.06,96299222,99.06,1.2900000000000065,1.32,2026-09-14 16:20:12.306099
AAPL,2017-01-13,99.06,99.64,97.36,98.13,81560335,98.13,-0.9300000000000068,-0.94,2026-09-14 16:20:12.306099
AAPL,2017-01-16,98.13,98.38,95.77,96.34,18554427,96.34,-1.789999999999992,-1.82,2026-09-14 16:20:12.306099
AAPL,2017-01-17,96.34,97.43,95.79,96.88,51938663,96.88,0.539999999999992,0.56,2026-09-14 16:20:12.306099
AAPL,2017-01-18,96.88,98.16,96.11,97.41,54293789,97.41,0.5300000000000011,0.55,2026-09-14 16:20:12.306099
AAPL,2017-01-19,97.41,98.32,93.68,93.8,20539320,93.8,-3.61,-3.71,2026-09-14 16:20:12.306099
AAPL,2017-01-20,93.8,96.92,93.4,96.29,79688927,96.29,2.490000000000009,2.65,2026-09-14 16:20:12.306099
AAPL,2017-01-23,96.29,98.02,95.42,97.7,78627893,97.7,1.4099999999999966,1.46,2026-09-14 16:20:12.306099
AAPL,2017-01-24,97.7,98.53,97.39,98.17,24185048,98.17,0.4699999999999988,0.48,2026-09-14 16:20:12.306099
AAPL,2017-01-25,98.17,99.78,97.74,98.85,44498784,98.85,0.6799999999999926,0.69,2026-09-14 16:20:12.306099
AAPL,2017-01-26,98.85,102.05,97.93,101.49,80227134,101.49,2.640000000000001,2.67,2026-09-14 16:20:12.306099
AAPL,2017-01-27,101.49,103.42,100.49,103.03,74598421,103.03,1.5400000000000065,1.52,2026-09-14 16:20:12.306099
AAPL,2017-01-30,103.03,104.71,102.15,104.59,67336649,104.59,1.5600000000000025,1.51,2026-09-14 16:20:12.306099
AAPL,2017-01-31,104.59,105.21,100.13,100.82,11107241,100.82,-3.77000000000001,-3.6,2026-09-14 16:20:12.306099
AAPL,2017-02-01,100.82,104.05,100.52,103.19,51269327,103.19,2.3700000000000045,2.35,2026-09-14 16:20:12.306099
AAPL,2017-02-02,103.19,103.51,100.79,101.72,80316463,101.72,-1.4699999999999989,-1.42,2026-09-14 16:20:12.306099
AAPL,2017-02-03,101.72,102.73,98.26,99.13,35551759,99.13,-2.5900000000000034,-2.55,2026-09-14 16:20:12.306099
AAPL,2017-02-06,99.13,100.06,98.14,99.95,69911626,99.95,0.8200000000000074,0.83,2026-09-14 16:20:12.306099
AAPL,2017-02-07,99.95,100.29,99.06,100.2,12609955,100.2,0.25,0.25,2026-09-14 16:20:12.306099
AAPL,2017-02-08,100.2,100.34,98.16,98.93,27838380,98.93,-1.269999999999996,-1.27,2026-09-14 16:20:12.306099
AAPL,2017-02-09,98.93,99.58,98.19,98.23,10488685,98.23,-0.7000000000000028,-0.71,2026-09-14 16:20:12.306099
AAPL,2017-02-10,98.23,100.3,97.44,99.7,31469753,99.7,1.4699999999999989,1.5,2026-09-14 16:20:12.306099
AAPL,2017-02-13,99.7,99.75,94.74,95.51,93501588,95.51,-4.189999999999998,-4.2,2026-09-14 16:20:12.306099
AAPL,2017-02-14,95.51,96.52,94.71,95.85,13613616,95.85,0.3399999999999892,0.36,2026-09-14 16:20:12.306099
AAPL,2017-02-15,95.85,95.97,94.04,94.52,77066931,94.52,-1.3299999999999983,-1.39,2026-09-14 16:20:12.306099
AAPL,2017-02-16,94.52,95.48,94.37,94.68,76115898,94.68,0.1600000000000108,0.17,2026-09-14 16:20:12.306099
AAPL,2017-02-17,94.68,94.93,92.5,93.16,98218430,93.16,-1.5200000000000102,-1.61,2026-09-14 16:20:12.306099
AAPL,2017-02-20,93.16,93.21,90.29,90.85,13811549,90.85,-2.3100000000000023,-2.48,2026-09-14 16:20:12.306099
AAPL,2017-02-21,90.85,91.49,90.47,90.63,18254890,90.63,-0.2199999999999988,-0.24,2026-09-14 16:20:12.306099
AAPL,2017-02-22,90.63,91.52,89.35,89.76,80567285,89.76,-0.8699999999999903,-0.96,2026-09-14 16:20:12.306099
AAPL,2017-02-23,89.76,90.27,89.33,89.45,95142200,89.45,-0.3100000000000023,-0.35,2026-09-14 16:20:12.306099
AAPL,2017-02-24,89.45,89.97,88.28,88.9,68430983,88.9,-0.5499999999999972,-0.61,2026-09-14 16:20:12.306099
AAPL,2017-02-27,88.9,90.82,88.45,90.69,46363095,90.69,1.789999999999992,2.01,2026-09-14 16:20:12.306099
AAPL,2017-02-28,90.69,93.98,90.56,93.87,35026799,93.87,3.180000000000007,3.51,2026-09-14 16:20:12.306099
AAPL,2017-03-01,93.87,96.1,93.3,95.69,67116620,95.69,1.8199999999999927,1.94,2026-09-14 16:20:12.306099
AAPL,2017-03-02,95.69,96.62,95.48,96.23,62947562,96.23,0.5400000000000063,0.56,2026-09-14 16:20:12.306099
AAPL,2017-03-03,96.23,96.27,93.9,94.3,52671940,94.3,-1.9300000000000068,-2.01,2026-09-14 16:20:12.306099
AAPL,2017-03-06,94.3,96.72,93.76,96.17,73180196,96.17,1.8700000000000043,1.98,2026-09-14 16:20:12.306099
AAPL,2017-03-07,96.17,96.8,95.38,95.68,80868899,95.68,-0.4899999999999949,-0.51,2026-09-14 16:20:12.306099
AAPL,2017-03-08,95.68,97.93,95.08,97.51,42459160,97.51,1.8299999999999983,1.91,2026-09-14 16:20:12.306099
AAPL,2017-03-09,97.51,98.62,96.65,97.9,92895147,97.9,0.3900000000000005,0.4,2026-09-14 16:20:12.306099
AAPL,2017-03-10,97.9,98.41,97.02,97.8,38300562,97.8,-0.1000000000000085,-0.1,2026-09-14 16:20:12.306099
AAPL,2017-03-13,97.8,98.29,96.19,96.3,16485323,96.3,-1.5,-1.53,2026-09-14 16:20:12.306099
AAPL,2017-03-14,96.3,98.24,96.03,98.19,40071703,98.19,1.8900000000000008,1.96,2026-09-14 16:20:12.306099
AAPL,2017-03-15,98.19,98.49,96.92,97.64,11321455,97.64,-0.5499999999999972,-0.56,2026-09-14 16:20:12.306099
AAPL,2017-03-16,97.64,98.48,93.79,94.14,23825160,94.14,-3.5,-3.58,2026-09-14 16:20:12.306099
AAPL,2017-03-17,94.14,94.25,92.58,92.92,96258626,92.92,-1.2199999999999989,-1.3,2026-09-14 16:20:12.306099
AAPL,2017-03-20,92.92,97.72,92.63,96.97,71889854,96.97,4.049999999999997,4.36,2026-09-14 16:20:12.306099
AAPL,2017-03-21,96.97,97.35,93.64,94.25,10965488,94.25,-2.719999999999999,-2.8,2026-09-14 16:20:12.306099
AAPL,2017-03-22,94.25,96.09,94.09,95.59,24931618,95.59,1.3400000000000034,1.42,2026-09-14 16:20:12.306099
AAPL,2017-03-23,95.59,98.09,95.06,97.13,85516275,97.13,1.539999999999992,1.61,2026-09-14 16:20:12.306099
AAPL,2017-03-24,97.13,99.61,96.7,99.47,45331544,99.47,2.3400000000000034,2.41,2026-09-14 16:20:12.306099
AAPL,2017-03-27,99.47,102.84,99.04,102.07,52239424,102.07,2.5999999999999943,2.61,2026-09-14 16:20:12.306099
AAPL,2017-03-28,102.07,102.26,100.49,101.41,14018418,101.41,-0.6599999999999966,-0.65,2026-09-14 16:20:12.306099
AAPL,2017-03-29,101.41,101.7,98.07,98.55,62780065,98.55,-2.8599999999999994,-2.82,2026-09-14 16:20:12.306099
AAPL,2017-03-30,98.55,98.63,94.07,94.3,85922954,94.3,-4.25,-4.31,2026-09-14 16:20:12.306099
AAPL,2017-03-31,94.3,95.34,93.67,94.72,78661271,94.72,0.4200000000000017,0.45,2026-09-14 16:20:12.306099
AAPL,2017-04-03,94.72,95.42,94.21,95.07,40461083,95.07,0.3499999999999943,0.37,2026-09-14 16:20:12.306099
AAPL,2017-04-04,95.07,96.19,94.34,95.73,86681396,95.73,0.6600000000000108,0.69,2026-09-14 16:20:12.306099
AAPL,2017-04-05,95.73,96.6,95.02,95.58,86524686,95.58,-0.1500000000000056,-0.16,2026-09-14 16:20:12.306099
AAPL,2017-04-06,95.58,96.06,92.94,93.44,19448174,93.44,-2.140000000000001,-2.24,2026-09-14 16:20:12.306099
AAPL,2017-04-07,93.44,94.3,92.73,93.32,25975592,93.32,-0.1200000000000045,-0.13,2026-09-14 16:20:12.306099
AAPL,2017-04-10,93.32,95.01,93.3,94.83,93471441,94.83,1.5100000000000051,1.62,2026-09-14 16:20:12.306099
AAPL,2017-04-11,94.83,96.06,94.26,95.77,10658301,95.77,0.9399999999999976,0.99,2026-09-14 16:20:12.306099
AAPL,2017-04-12,95.77,96.9,95.16,96.22,98362535,96.22,0.4500000000000028,0.47,2026-09-14 16:20:12.306099
AAPL,2017-04-13,96.22,99.0,95.49,98.53,91299508,98.53,2.3100000000000023,2.4,2026-09-14 16:20:12.306099
AAPL,2017-04-14,98.53,99.48,93.52,94.26,88012129,94.26,-4.269999999999996,-4.33,2026-09-14 16:20:12.306099
AAPL,2017-04-17,94.26,96.17,93.84,95.47,59779342,95.47,1.2099999999999935,1.28,2026-09-14 16:20:12.306099
AAPL,2017-04-18,95.47,96.81,94.53,95.88,35940542,95.88,0.4099999999999966,0.43,2026-09-14 16:20:12.306099
AAPL,2017-04-19,95.88,99.76,95.54,99.02,21148279,99.02,3.140000000000001,3.27,2026-09-14 16:20:12.306099
AAPL,2017-04-20,99.02,99.79,96.26,96.74,98698615,96.74,-2.280000000000001,-2.3,2026-09-14 16:20:12.306099
AAPL,2017-04-21,96.74,98.11,96.34,97.16,81431393,97.16,0.4200000000000017,0.43,2026-09-14 16:20:12.306099
AAPL,2017-04-24,97.16,99.94,96.38,99.39,93223150,99.39,2.230000000000004,2.3,2026-09-14 16:20:12.306099
AAPL,2017-04-25,99.39,100.79,99.01,100.75,14382862,100.75,1.3599999999999994,1.37,2026-09-14 16:20:12.306099
AAPL,2017-04-26,100.75,101.43,98.17,98.87,79634861,98.87,-1.879999999999996,-1.87,2026-09-14 16:20:12.306099
AAPL,2017-04-27,98.87,99.61,96.66,97.44,14406733,97.44,-1.4300000000000068,-1.45,2026-09-14 16:20:12.306099
AAPL,2017-04-28,97.44,98.04,95.53,96.36,10405011,96.36,-1.0799999999999983,-1.11,2026-09-14 16:20:12.306099
AAPL,2017-05-01,96.36,97.48,96.33,96.83,46122000,96.83,0.4699999999999988,0.49,2026-09-14 16:20:12.306099
AAPL,2017-05-02,96.83,97.48,95.88,96.11,86750301,96.11,-0.7199999999999989,-0.74,2026-09-14 16:20:12.306099
AAPL,2017-05-03,96.11,99.74,95.82,98.9,63128822,98.9,2.7900000000000063,2.9,2026-09-14 16:20:12.306099
AAPL,2017-05-04,98.9,99.17,97.47,98.35,26883431,98.35,-0.5500000000000114,-0.56,2026-09-14 16:20:12.306099
AAPL,2017-05-05,98.35,99.71,97.64,99.37,82668844,99.37,1.0200000000000102,1.04,2026-09-14 16:20:12.306099
AAPL,2017-05-08,99.37,103.35,98.97,103.04,22313915,103.04,3.6700000000000017,3.69,2026-09-14 16:20:12.306099
AAPL,2017-05-09,103.04,105.22,102.32,104.18,63569155,104.18,1.1400000000000006,1.11,2026-09-14 16:20:12.306099
AAPL,2017-05-10,104.18,105.45,103.67,104.49,22093022,104.49,0.309999999999988,0.3,2026-09-14 16:20:12.306099
AAPL,2017-05-11,104.49,107.7,104.28,107.63,11590190,107.63,3.140000000000001,3.01,2026-09-14 16:20:12.306099
AAPL,2017-05-12,107.63,108.31,105.58,105.95,47834359,105.95,-1.6799999999999926,-1.56,2026-09-14 16:20:12.306099
AAPL,2017-05-15,105.95,106.74,102.16,102.72,35608678,102.72,-3.230000000000004,-3.05,2026-09-14 16:20:12.306099
AAPL,2017-05-16,102.72,102.96,102.23,102.57,91815833,102.57,-0.1500000000000056,-0.15,2026-09-14 16:20:12.306099
AAPL,2017-05-17,102.57,103.33,101.0,101.6,68809528,101.6,-0.9699999999999988,-0.95,2026-09-14 16:20:12.306099
AAPL,2017-05-18,101.6,101.85,99.97,100.3,23989740,100.3,-1.2999999999999972,-1.28,2026-09-14 16:20:12.306099
AAPL,2017-05-19,100.3,105.19,99.5,104.6,80544169,104.6,4.299999999999997,4.29,2026-09-14 16:20:12.306099
AAPL,2017-05-22,104.6,106.64,103.56,106.14,70713772,106.14,1.5400000000000065,1.47,2026-09-14 16:20:12.306099
AAPL,2017-05-23,106.14,106.33,104.71,105.3,19170474,105.3,-0.8400000000000034,-0.79,2026-09-14 16:20:12.306099
AAPL,2017-05-24,105.3,106.31,103.9,104.44,48967524,104.44,-0.8599999999999994,-0.82,2026-09-14 16:20:12.306099
AAPL,2017-05-25,104.44,107.24,104.33,106.22,13697118,106.22,1.7800000000000011,1.7,2026-09-14 16:20:12.306099
AAPL,2017-05-26,106.22,106.29,101.32,101.79,56447902,101.79,-4.429999999999993,-4.17,2026-09-14 16:20:12.306099
AAPL,2017-05-29,101.79,103.88,101.67,103.83,44605394,103.83,2.039999999999992,2.0,2026-09-14 16:20:12.306099
AAPL,2017-05-30,103.83,106.53,103.61,105.79,37186441,105.79,1.960000000000008,1.89,2026-09-14 16:20:12.306099
AAPL,2017-05-31,105.79,106.23,105.36,105.37,20086333,105.37,-0.4200000000000017,-0.4,2026-09-14 16:20:12.306099
AAPL,2017-06-01,105.37,105.37,102.88,103.4,54055180,103.4,-1.9699999999999989,-1.87,2026-09-14 16:20:12.306099
AAPL,2017-06-02,103.4,103.85,99.71,100.49,85708333,100.49,-2.910000000000011,-2.81,2026-09-14 16:20:12.306099
AAPL,2017-06-05,100.49,100.82,100.08,100.32,53187706,100.32,-0.1700000000000017,-0.17,2026-09-14 16:20:12.306099
AAPL,2017-06-06,100.32,100.55,98.33,98.65,93734615,98.65,-1.6699999999999875,-1.66,2026-09-14 16:20:12.306099
AAPL,2017-06-07,98.65,99.11,95.94,96.63,23540861,96.63,-2.0200000000000102,-2.05,2026-09-14 16:20:12.306099
AAPL,2017-06-08,96.63,97.72,95.74,97.58,10833380,97.58,0.9500000000000028,0.98,2026-09-14 16:20:12.306099
AAPL,2017-06-09,97.58,98.98,97.47,98.95,65813435,98.95,1.3700000000000043,1.4,2026-09-14 16:20:12.306099
AAPL,2017-06-12,98.95,101.31,98.36,100.73,86449179,100.73,1.7800000000000011,1.8,2026-09-14 16:20:12.306099
AAPL,2017-06-13,100.73,101.77,100.11,100.91,24646913,100.91,0.1799999999999926,0.18,2026-09-14 16:20:12.306099
AAPL,2017-06-14,100.91,101.78,99.98,100.24,92691431,100.24,-0.6700000000000017,-0.66,2026-09-14 16:20:12.306099
AAPL,2017-06-15,100.24,100.84,97.44,98.41,42538247,98.41,-1.8299999999999983,-1.83,2026-09-14 16:20:12.306099
AAPL,2017-06-16,98.41,98.72,96.0,96.77,64066052,96.77,-1.6400000000000006,-1.67,2026-09-14 16:20:12.306099
AAPL,2017-06-19,96.77,99.36,96.47,98.95,17029755,98.95,2.180000000000007,2.25,2026-09-14 16:20:12.306099
AAPL,2017-06-20,98.95,99.9,98.93,99.56,24893898,99.56,0.6099999999999994,0.62,2026-09-14 16:20:12.306099
AAPL,2017-06-21,99.56,100.26,96.55,97.26,38543785,97.26,-2.299999999999997,-2.31,2026-09-14 16:20:12.306099
AAPL,2017-06-22,97.26,98.29,97.14,97.71,22934679,97.71,0.4499999999999886,0.46,2026-09-14 16:20:12.306099
AAPL,2017-06-23,97.71,97.88,95.3,95.79,99259702,95.79,-1.9199999999999875,-1.96,2026-09-14 16:20:12.306099
AAPL,2017-06-26,95.79,95.8,94.75,95.7,62617495,95.7,-0.0900000000000034,-0.09,2026-09-14 16:20:12.306099
AAPL,2017-06-27,95.7,96.58,94.86,95.72,58258037,95.72,0.019999999999996,0.02,2026-09-14 16:20:12.306099
AAPL,2017-06-28,95.72,95.98,93.81,93.85,63511084,93.85,-1.8700000000000043,-1.95,2026-09-14 16:20:12.306099
AAPL,2017-06-29,93.85,95.35,93.07,94.72,11634448,94.72,0.8700000000000045,0.93,2026-09-14 16:20:12.306099
AAPL,2017-06-30,94.72,96.64,93.89,96.42,32829805,96.42,1.7000000000000028,1.79,2026-09-14 16:20:12.306099
AAPL,2017-07-03,96.42,96.95,94.57,94.95,70985868,94.95,-1.4699999999999989,-1.52,2026-09-14 16:20:12.306099
AAPL,2017-07-04,94.95,97.7,94.23,97.15,98507536,97.15,2.200000000000003,2.32,2026-09-14 16:20:12.306099
AAPL,2017-07-05,97.15,97.65,96.58,96.59,81642570,96.59,-0.5600000000000023,-0.58,2026-09-14 16:20:12.306099
AAPL,2017-07-06,96.59,97.43,96.5,97.03,90069077,97.03,0.4399999999999977,0.46,2026-09-14 16:20:12.306099
AAPL,2017-07-07,97.03,97.69,96.19,96.33,96539466,96.33,-0.7000000000000028,-0.72,2026-09-14 16:20:12.306099
AAPL,2017-07-10,96.33,96.52,94.67,95.49,92132446,95.49,-0.8400000000000034,-0.87,2026-09-14 16:20:12.306099
AAPL,2017-07-11,95.49,95.94,92.81,93.5,89052916,93.5,-1.9899999999999949,-2.08,2026-09-14 16:20:12.306099
AAPL,2017-07-12,93.5,94.03,92.8,93.55,75802237,93.55,0.0499999999999971,0.05,2026-09-14 16:20:12.306099
AAPL,2017-07-13,93.55,94.75,93.45,94.22,91357596,94.22,0.6700000000000017,0.72,2026-09-14 16:20:12.306099
AAPL,2017-07-14,94.22,94.97,92.85,92.94,28395763,92.94,-1.2800000000000011,-1.36,2026-09-14 16:20:12.306099
AAPL,2017-07-17,92.94,96.04,92.03,96.01,43943021,96.01,3.0700000000000074,3.3,2026-09-14 16:20:12.306099
AAPL,2017-07-18,96.01,99.92,95.63,99.04,38721923,99.04,3.030000000000001,3.16,2026-09-14 16:20:12.306099
AAPL,2017-07-19,99.04,105.32,98.64,104.71,64159728,104.71,5.669999999999988,5.72,2026-09-14 16:20:12.306099
AAPL,2017-07-20,104.71,105.2,103.82,104.03,43948538,104.03,-0.6799999999999926,-0.65,2026-09-14 16:20:12.306099
AAPL,2017-07-21,104.03,104.69,103.86,104.55,71610586,104.55,0.519999999999996,0.5,2026-09-14 16:20:12.306099
AAPL,2017-07-24,104.55,105.55,100.66,100.91,18903205,100.91,-3.640000000000001,-3.48,2026-09-14 16:20:12.306099
AAPL,2017-07-25,100.91,101.79,100.52,100.8,28187929,100.8,-0.1099999999999994,-0.11,2026-09-14 16:20:12.306099
AAPL,2017-07-26,100.8,101.33,97.9,98.36,33349585,98.36,-2.4399999999999977,-2.42,2026-09-14 16:20:12.306099
AAPL,2017-07-27,98.36,99.33,97.42,98.86,68726728,98.86,0.5,0.51,2026-09-14 16:20:12.306099
AAPL,2017-07-28,98.86,98.97,95.25,95.49,36529655,95.49,-3.3700000000000045,-3.41,2026-09-14 16:20:12.306099
AAPL,2017-07-31,95.49,96.33,94.45,95.31,98611174,95.31,-0.1799999999999926,-0.19,2026-09-14 16:20:12.306099
AAPL,2017-08-01,95.31,96.22,93.34,93.41,22401418,93.41,-1.9000000000000057,-1.99,2026-09-14 16:20:12.306099
AAPL,2017-08-02,93.41,96.03,93.32,95.5,86121726,95.5,2.0900000000000034,2.24,2026-09-14 16:20:12.306099
AAPL,2017-08-03,95.5,96.02,93.91,94.07,32792992,94.07,-1.4300000000000068,-1.5,2026-09-14 16:20:12.306099
AAPL,2017-08-04,94.07,94.87,92.99,93.54,76161648,93.54,-0.5299999999999869,-0.56,2026-09-14 16:20:12.306099
AAPL,2017-08-07,93.54,94.7,93.16,94.35,78401347,94.35,0.8099999999999881,0.87,2026-09-14 16:20:12.306099
AAPL,2017-08-08,94.35,94.54,93.21,94.1,20858980,94.1,-0.25,-0.26,2026-09-14 16:20:12.306099
AAPL,2017-08-09,94.1,94.19,93.47,93.71,86183068,93.71,-0.3900000000000005,-0.41,2026-09-14 16:20:12.306099
AAPL,2017-08-10,93.71,94.1,92.03,92.45,32073307,92.45,-1.259999999999991,-1.34,2026-09-14 16:20:12.306099
AAPL,2017-08-11,92.45,94.89,91.64,94.09,40538993,94.09,1.6400000000000006,1.77,2026-09-14 16:20:12.306099
AAPL,2017-08-14,94.09,95.22,93.86,94.99,24512865,94.99,0.8999999999999915,0.96,2026-09-14 16:20:12.306099
AAPL,2017-08-15,94.99,95.83,92.78,93.5,56589536,93.5,-1.4899999999999949,-1.57,2026-09-14 16:20:12.306099
AAPL,2017-08-16,93.5,97.18,93.0,96.67,49110677,96.67,3.1700000000000017,3.39,2026-09-14 16:20:12.306099
AAPL,2017-08-17,96.67,96.93,95.75,96.8,53382768,96.8,0.1299999999999954,0.13,2026-09-14 16:20:12.306099
AAPL,2017-08-18,96.8,99.84,96.27,99.67,28694552,99.67,2.8700000000000045,2.96,2026-09-14 16:20:12.306099
AAPL,2017-08-21,99.67,99.7,99.4,99.52,92516356,99.52,-0.1500000000000056,-0.15,2026-09-14 16:20:12.306099
AAPL,2017-08-22,99.52,101.72,99.05,101.1,46040612,101.1,1.5799999999999983,1.59,2026-09-14 16:20:12.306099
AAPL,2017-08-23,101.1,101.29,99.46,100.46,83647708,100.46,-0.6400000000000006,-0.63,2026-09-14 16:20:12.306099
AAPL,2017-08-24,100.46,100.93,93.72,93.86,92859927,93.86,-6.599999999999994,-6.57,2026-09-14 16:20:12.306099
AAPL,2017-08-25,93.86,93.91,91.58,91.9,81501132,91.9,-1.9599999999999933,-2.09,2026-09-14 16:20:12.306099
AAPL,2017-08-28,91.9,96.32,91.17,95.61,29075914,95.61,3.7099999999999937,4.04,2026-09-14 16:20:12.306099
AAPL,2017-08-29,95.61,96.25,94.99,95.83,10207789,95.83,0.2199999999999988,0.23,2026-09-14 16:20:12.306099
AAPL,2017-08-30,95.83,96.1,93.42,93.48,51243583,93.48,-2.3499999999999943,-2.45,2026-09-14 16:20:12.306099
AAPL,2017-08-31,93.48,93.68,92.89,93.54,45363465,93.54,0.0600000000000022,0.06,2026-09-14 16:20:12.306099
AAPL,2017-09-01,93.54,94.88,92.86,94.57,51498948,94.57,1.029999999999987,1.1,2026-09-14 16:20:12.306099
AAPL,2017-09-04,94.57,95.14,93.43,93.87,95505498,93.87,-0.6999999999999886,-0.74,2026-09-14 16:20:12.306099
AAPL,2017-09-05,93.87,94.04,90.67,91.29,86140680,91.29,-2.5799999999999983,-2.75,2026-09-14 16:20:12.306099
AAPL,2017-09-06,91.29,92.74,90.47,92.32,77465675,92.32,1.029999999999987,1.13,2026-09-14 16:20:12.306099
AAPL,2017-09-07,92.32,93.82,91.71,93.33,37223225,93.33,1.0100000000000051,1.09,2026-09-14 16:20:12.306099
AAPL,2017-09-08,93.33,96.16,92.64,95.81,46282618,95.81,2.480000000000004,2.66,2026-09-14 16:20:12.306099
AAPL,2017-09-11,95.81,97.12,95.33,96.42,91637769,96.42,0.6099999999999994,0.64,2026-09-14 16:20:12.306099
AAPL,2017-09-12,96.42,98.48,96.09,97.85,46734100,97.85,1.4299999999999926,1.48,2026-09-14 16:20:12.306099
AAPL,2017-09-13,97.85,99.09,97.76,98.97,70074093,98.97,1.1200000000000043,1.14,2026-09-14 16:20:12.306099
AAPL,2017-09-14,98.97,99.62,98.28,98.3,39389215,98.3,-0.6700000000000017,-0.68,2026-09-14 16:20:12.306099
AAPL,2017-09-15,98.3,101.64,97.45,100.85,32201233,100.85,2.549999999999997,2.59,2026-09-14 16:20:12.306099
AAPL,2017-09-18,100.85,100.98,98.73,99.0,22478904,99.0,-1.8499999999999943,-1.83,2026-09-14 16:20:12.306099
AAPL,2017-09-19,99.0,100.78,98.1,100.1,28227016,100.1,1.0999999999999943,1.11,2026-09-14 16:20:12.306099
AAPL,2017-09-20,100.1,101.92,99.15,101.21,64905443,101.21,1.1099999999999994,1.11,2026-09-14 16:20:12.306099
AAPL,2017-09-21,101.21,101.91,100.89,101.28,97851555,101.28,0.0700000000000073,0.07,2026-09-14 16:20:12.306099
AAPL,2017-09-22,101.28,102.35,101.26,101.65,46005530,101.65,0.3700000000000045,0.37,2026-09-14 16:20:12.306099
AAPL,2017-09-25,101.65,102.27,101.19,101.65,94234374,101.65,0.0,0.0,2026-09-14 16:20:12.306099
AAPL,2017-09-26,101.65,103.22,101.09,102.89,54084183,102.89,1.2399999999999949,1.22,2026-09-14 16:20:12.306099
AAPL,2017-09-27,102.89,103.42,102.63,103.07,92140465,103.07,0.1799999999999926,0.17,2026-09-14 16:20:12.306099
AAPL,2017-09-28,103.07,104.96,102.07,104.08,77049237,104.08,1.0100000000000051,0.98,2026-09-14 16:20:12.306099
AAPL,2017-09-29,104.08,104.87,103.2,103.7,51080697,103.7,-0.3799999999999954,-0.37,2026-09-14 16:20:12.306099
AAPL,2017-10-02,103.7,107.13,103.4,106.45,33202756,106.45,2.75,2.65,2026-09-14 16:20:12.306099
AAPL,2017-10-03,106.45,107.74,106.21,107.3,83445041,107.3,0.8499999999999943,0.8,2026-09-14 16:20:12.306099
AAPL,2017-10-04,107.3,109.67,107.29,109.48,40251697,109.48,2.180000000000007,2.03,2026-09-14 16:20:12.306099
AAPL,2017-10-05,109.48,111.31,109.33,110.38,79690231,110.38,0.8999999999999915,0.82,2026-09-14 16:20:12.306099
AAPL,2017-10-06,110.38,110.81,107.09,108.17,27333174,108.17,-2.2099999999999937,-2.0,2026-09-14 16:20:12.306099
AAPL,2017-10-09,108.17,109.07,107.5,108.61,93961070,108.61,0.4399999999999977,0.41,2026-09-14 16:20:12.306099
AAPL,2017-10-10,108.61,111.49,108.46,111.41,81166417,111.41,2.799999999999997,2.58,2026-09-14 16:20:12.306099
AAPL,2017-10-11,111.41,112.53,110.68,111.54,20066032,111.54,0.1300000000000096,0.12,2026-09-14 16:20:12.306099
AAPL,2017-10-12,111.54,111.74,107.98,108.44,59696643,108.44,-3.1000000000000085,-2.78,2026-09-14 16:20:12.306099
AAPL,2017-10-13,108.44,109.2,107.73,108.46,99283780,108.46,0.019999999999996,0.02,2026-09-14 16:20:12.306099
AAPL,2017-10-16,108.46,110.96,107.67,110.85,97899767,110.85,2.390000000000001,2.2,2026-09-14 16:20:12.306099
AAPL,2017-10-17,110.85,113.85,110.38,113.33,14627723,113.33,2.480000000000004,2.24,2026-09-14 16:20:12.306099
AAPL,2017-10-18,113.33,114.79,112.44,114.39,84890806,114.39,1.0600000000000025,0.94,2026-09-14 16:20:12.306099
AAPL,2017-10-19,114.39,114.86,112.39,112.75,77393870,112.75,-1.6400000000000006,-1.43,2026-09-14 16:20:12.306099
AAPL,2017-10-20,112.75,113.31,111.2,112.2,22951782,112.2,-0.5499999999999972,-0.49,2026-09-14 16:20:12.306099
AAPL,2017-10-23,112.2,112.47,112.03,112.36,58045601,112.36,0.1599999999999966,0.14,2026-09-14 16:20:12.306099
AAPL,2017-10-24,112.36,112.42,110.36,110.36,49268499,110.36,-2.0,-1.78,2026-09-14 16:20:12.306099
AAPL,2017-10-25,110.36,110.4,109.18,109.89,84081458,109.89,-0.4699999999999988,-0.43,2026-09-14 16:20:12.306099
AAPL,2017-10-26,109.89,110.05,108.75,109.7,84081214,109.7,-0.1899999999999977,-0.17,2026-09-14 16:20:12.306099
AAPL,2017-10-27,109.7,110.6,109.08,109.18,45503336,109.18,-0.519999999999996,-0.47,2026-09-14 16:20:12.306099
AAPL,2017-10-30,109.18,112.0,108.36,111.71,55376074,111.71,2.529999999999987,2.32,2026-09-14 16:20:12.306099
AAPL,2017-10-31,111.71,112.24,111.3,111.72,29727029,111.72,0.0100000000000051,0.01,2026-09-14 16:20:12.306099
AAPL,2017-11-01,111.72,112.56,110.49,110.63,17738411,110.63,-1.0900000000000034,-0.98,2026-09-14 16:20:12.306099
AAPL,2017-11-02,110.63,110.82,108.96,109.86,45865596,109.86,-0.769999999999996,-0.7,2026-09-14 16:20:12.306099
AAPL,2017-11-03,109.86,111.92,109.14,111.76,50385655,111.76,1.9000000000000057,1.73,2026-09-14 16:20:12.306099
AAPL,2017-11-06,111.76,112.97,110.67,111.99,88557306,111.99,0.2299999999999897,0.21,2026-09-14 16:20:12.306099
AAPL,2017-11-07,111.99,112.23,108.41,109.13,36017522,109.13,-2.8599999999999994,-2.55,2026-09-14 16:20:12.306099
AAPL,2017-11-08,109.13,109.75,105.58,106.17,84569223,106.17,-2.9599999999999937,-2.71,2026-09-14 16:20:12.306099
AAPL,2017-11-09,106.17,109.64,106.12,109.61,64140260,109.61,3.4399999999999977,3.24,2026-09-14 16:20:12.306099
AAPL,2017-11-10,109.61,109.9,105.4,105.85,78211928,105.85,-3.760000000000005,-3.43,2026-09-14 16:20:12.306099
AAPL,2017-11-13,105.85,106.44,102.4,102.8,34362708,102.8,-3.049999999999997,-2.88,2026-09-14 16:20:12.306099
AAPL,2017-11-14,102.8,103.9,102.22,103.57,70898714,103.57,0.769999999999996,0.75,2026-09-14 16:20:12.306099
AAPL,2017-11-15,103.57,104.75,103.35,104.75,90506034,104.75,1.1800000000000068,1.14,2026-09-14 16:20:12.306099
AAPL,2017-11-16,104.75,105.62,103.82,105.44,52296034,105.44,0.6899999999999977,0.66,2026-09-14 16:20:12.306099
AAPL,2017-11-17,105.44,108.36,105.38,107.35,29366044,107.35,1.9099999999999968,1.81,2026-09-14 16:20:12.306099
AAPL,2017-11-20,107.35,111.36,106.62,111.14,29268306,111.14,3.7900000000000063,3.53,2026-09-14 16:20:12.306099
AAPL,2017-11-21,111.14,111.37,108.56,109.02,25852446,109.02,-2.1200000000000045,-1.91,2026-09-14 16:20:12.306099
AAPL,2017-11-22,109.02,109.96,108.47,108.82,42468281,108.82,-0.2000000000000028,-0.18,2026-09-14 16:20:12.306099
AAPL,2017-11-23,108.82,109.21,106.81,107.1,64943656,107.1,-1.7199999999999989,-1.58,2026-09-14 16:20:12.306099
AAPL,2017-11-24,107.1,108.05,105.17,106.16,18984795,106.16,-0.9399999999999976,-0.88,2026-09-14 16:20:12.306099
AAPL,2017-11-27,106.16,106.28,102.88,103.52,20977206,103.52,-2.640000000000001,-2.49,2026-09-14 16:20:12.306099
AAPL,2017-11-28,103.52,106.79,102.67,105.99,57345447,105.99,2.469999999999999,2.39,2026-09-14 16:20:12.306099
AAPL,2017-11-29,105.99,107.53,105.57,107.48,39154300,107.48,1.490000000000009,1.41,2026-09-14 16:20:12.306099
AAPL,2017-11-30,107.48,108.1,105.51,106.37,25330707,106.37,-1.1099999999999994,-1.03,2026-09-14 16:20:12.306099
AAPL,2017-12-01,106.37,106.9,103.7,104.22,97379625,104.22,-2.1500000000000057,-2.02,2026-09-14 16:20:12.306099
AAPL,2017-12-04,104.22,104.8,103.61,104.38,21524734,104.38,0.1599999999999966,0.15,2026-09-14 16:20:12.306099
AAPL,2017-12-05,104.38,105.66,104.27,105.45,87953014,105.45,1.0700000000000074,1.03,2026-09-14 16:20:12.306099
AAPL,2017-12-06,105.45,105.83,103.13,103.55,48836710,103.55,-1.9000000000000057,-1.8,2026-09-14 16:20:12.306099
AAPL,2017-12-07,103.55,104.64,102.59,103.68,45234278,103.68,0.1300000000000096,0.13,2026-09-14 16:20:12.306099
AAPL,2017-12-08,103.68,104.15,100.2,100.77,51563612,100.77,-2.910000000000011,-2.81,2026-09-14 16:20:12.306099
AAPL,2017-12-11,100.77,101.88,100.45,101.32,41115772,101.32,0.5499999999999972,0.55,2026-09-14 16:20:12.306099
AAPL,2017-12-12,101.32,101.41,101.08,101.25,75080242,101.25,-0.0699999999999931,-0.07,2026-09-14 16:20:12.306099
AAPL,2017-12-13,101.25,101.64,100.68,101.42,77998558,101.42,0.1700000000000017,0.17,2026-09-14 16:20:12.306099
AAPL,2017-12-14,101.42,102.26,100.27,101.21,63765507,101.21,-0.2100000000000079,-0.21,2026-09-14 16:20:12.306099
AAPL,2017-12-15,101.21,102.35,100.26,102.29,45323626,102.29,1.0800000000000125,1.07,2026-09-14 16:20:12.306099
AAPL,2017-12-18,102.29,103.58,102.29,102.98,13468779,102.98,0.6899999999999977,0.67,2026-09-14 16:20:12.306099
AAPL,2017-12-19,102.98,106.58,102.95,105.98,76911396,105.98,3.0,2.91,2026-09-14 16:20:12.306099
AAPL,2017-12-20,105.98,106.51,101.37,101.84,10492579,101.84,-4.140000000000001,-3.91,2026-09-14 16:20:12.306099
AAPL,2017-12-21,101.84,102.64,100.95,102.3,43575452,102.3,0.4599999999999937,0.45,2026-09-14 16:20:12.306099
AAPL,2017-12-22,102.3,104.1,102.14,103.82,79741711,103.82,1.519999999999996,1.49,2026-09-14 16:20:12.306099
AAPL,2017-12-25,103.82,104.38,98.88,99.84,96722192,99.84,-3.9799999999999898,-3.83,2026-09-14 16:20:12.306099
AAPL,2017-12-26,99.84,100.03,98.07,98.65,89033268,98.65,-1.1899999999999975,-1.19,2026-09-14 16:20:12.306099
AAPL,2017-12-27,98.65,99.45,94.49,94.95,60795341,94.95,-3.700000000000003,-3.75,2026-09-14 16:20:12.306099
AAPL,2017-12-28,94.95,95.53,90.33,90.71,43298593,90.71,-4.240000000000009,-4.47,2026-09-14 16:20:12.306099
AAPL,2017-12-29,90.71,90.82,89.43,90.14,85394517,90.14,-0.5699999999999932,-0.63,2026-09-14 16:20:12.306099
AAPL,2018-01-01,90.14,91.08,89.36,90.8,12157331,90.8,0.6599999999999966,0.73,2026-09-14 16:20:12.306099
AAPL,2018-01-02,90.8,91.84,90.17,91.41,24705253,91.41,0.6099999999999994,0.67,2026-09-14 16:20:12.306099
AAPL,2018-01-03,91.41,91.76,89.93,90.49,13608550,90.49,-0.9200000000000016,-1.01,2026-09-14 16:20:12.306099
AAPL,2018-01-04,90.49,92.55,90.3,92.07,22566128,92.07,1.5799999999999983,1.75,2026-09-14 16:20:12.306099
AAPL,2018-01-05,92.07,93.62,91.98,93.3,95258781,93.3,1.230000000000004,1.34,2026-09-14 16:20:12.306099
AAPL,2018-01-08,93.3,94.51,92.39,93.75,17266175,93.75,0.4500000000000028,0.48,2026-09-14 16:20:12.306099
AAPL,2018-01-09,93.75,95.69,93.16,94.86,48612350,94.86,1.1099999999999994,1.18,2026-09-14 16:20:12.306099
AAPL,2018-01-10,94.86,95.63,94.35,95.59,99418869,95.59,0.730000000000004,0.77,2026-09-14 16:20:12.306099
AAPL,2018-01-11,95.59,99.61,94.92,99.57,37158838,99.57,3.9799999999999898,4.16,2026-09-14 16:20:12.306099
AAPL,2018-01-12,99.57,99.61,98.44,99.37,85372816,99.37,-0.1999999999999886,-0.2,2026-09-14 16:20:12.306099
AAPL,2018-01-15,99.37,100.84,99.22,100.0,58140833,100.0,0.6299999999999955,0.63,2026-09-14 16:20:12.306099
AAPL,2018-01-16,100.0,100.57,98.69,99.09,50051444,99.09,-0.9099999999999966,-0.91,2026-09-14 16:20:12.306099
AAPL,2018-01-17,99.09,101.7,98.78,100.72,27042714,100.72,1.6299999999999957,1.64,2026-09-14 16:20:12.306099
AAPL,2018-01-18,100.72,102.38,100.63,101.41,88057273,101.41,0.6899999999999977,0.69,2026-09-14 16:20:12.306099
AAPL,2018-01-19,101.41,104.01,100.42,103.16,85793918,103.16,1.75,1.73,2026-09-14 16:20:12.306099
AAPL,2018-01-22,103.16,103.29,99.38,100.18,59110812,100.18,-2.9799999999999898,-2.89,2026-09-14 16:20:12.306099
AAPL,2018-01-23,100.18,101.4,99.2,100.5,73435449,100.5,0.3199999999999932,0.32,2026-09-14 16:20:12.306099
AAPL,2018-01-24,100.5,100.96,94.94,95.31,42543912,95.31,-5.189999999999998,-5.16,2026-09-14 16:20:12.306099
AAPL,2018-01-25,95.31,95.56,95.24,95.47,80188285,95.47,0.1599999999999966,0.17,2026-09-14 16:20:12.306099
AAPL,2018-01-26,95.47,96.36,93.32,93.9,13165838,93.9,-1.5699999999999932,-1.64,2026-09-14 16:20:12.306099
AAPL,2018-01-29,93.9,94.87,92.98,94.68,29683380,94.68,0.7800000000000011,0.83,2026-09-14 16:20:12.306099
AAPL,2018-01-30,94.68,95.57,93.45,94.37,31272439,94.37,-0.3100000000000023,-0.33,2026-09-14 16:20:12.306099
AAPL,2018-01-31,94.37,94.51,93.76,93.82,27561181,93.82,-0.5500000000000114,-0.58,2026-09-14 16:20:12.306099
AAPL,2018-02-01,93.82,95.86,93.31,94.99,66339060,94.99,1.1700000000000017,1.25,2026-09-14 16:20:12.306099
AAPL,2018-02-02,94.99,96.64,94.4,95.87,87772314,95.87,0.8800000000000097,0.93,2026-09-14 16:20:12.306099
AAPL,2018-02-05,95.87,98.39,95.78,98.04,30333606,98.04,2.1700000000000017,2.26,2026-09-14 16:20:12.306099
AAPL,2018-02-06,98.04,100.74,97.67,99.8,79369589,99.8,1.759999999999991,1.8,2026-09-14 16:20:12.306099
AAPL,2018-02-07,99.8,99.98,99.11,99.42,68787269,99.42,-0.3799999999999954,-0.38,2026-09-14 16:20:12.306099
AAPL,2018-02-08,99.42,99.86,97.57,97.79,74971610,97.79,-1.6299999999999957,-1.64,2026-09-14 16:20:12.306099
AAPL,2018-02-09,97.79,100.03,97.61,99.11,19658112,99.11,1.3199999999999932,1.35,2026-09-14 16:20:12.306099
AAPL,2018-02-12,99.11,99.62,95.7,96.19,49300074,96.19,-2.9200000000000017,-2.95,2026-09-14 16:20:12.306099
AAPL,2018-02-13,96.19,96.66,90.64,91.07,47958945,91.07,-5.1200000000000045,-5.32,2026-09-14 16:20:12.306099
AAPL,2018-02-14,91.07,92.21,90.86,91.66,67384808,91.66,0.5900000000000034,0.65,2026-09-14 16:20:12.306099
AAPL,2018-02-15,91.66,93.05,91.23,92.14,90707983,92.14,0.480000000000004,0.52,2026-09-14 16:20:12.306099
AAPL,2018-02-16,92.14,92.2,90.41,91.16,68336535,91.16,-0.980000000000004,-1.06,2026-09-14 16:20:12.306099
AAPL,2018-02-19,91.16,91.55,89.93,90.51,87060610,90.51,-0.6499999999999915,-0.71,2026-09-14 16:20:12.306099
AAPL,2018-02-20,90.51,90.97,89.91,90.66,70466876,90.66,0.1499999999999914,0.17,2026-09-14 16:20:12.306099
AAPL,2018-02-21,90.66,90.99,89.09,89.47,83091066,89.47,-1.1899999999999975,-1.31,2026-09-14 16:20:12.306099
AAPL,2018-02-22,89.47,90.2,89.06,89.54,29394562,89.54,0.0700000000000073,0.08,2026-09-14 16:20:12.306099
AAPL,2018-02-23,89.54,89.66,86.52,86.69,66414248,86.69,-2.8500000000000085,-3.18,2026-09-14 16:20:12.306099
AAPL,2018-02-26,86.69,87.47,82.94,83.16,19965183,83.16,-3.530000000000001,-4.07,2026-09-14 16:20:12.306099
AAPL,2018-02-27,83.16,83.29,80.82,80.98,36219650,80.98,-2.1799999999999926,-2.62,2026-09-14 16:20:12.306099
AAPL,2018-02-28,80.98,82.52,80.37,81.8,73734179,81.8,0.8199999999999932,1.01,2026-09-14 16:20:12.306099
AAPL,2018-03-01,81.8,82.1,80.22,80.61,23268335,80.61,-1.1899999999999975,-1.45,2026-09-14 16:20:12.306099
AAPL,2018-03-02,80.61,81.12,80.51,80.87,59521572,80.87,0.2600000000000051,0.32,2026-09-14 16:20:12.306099
AAPL,2018-03-05,80.87,80.93,78.93,79.31,80399007,79.31,-1.5600000000000025,-1.93,2026-09-14 16:20:12.306099
AAPL,2018-03-06,79.31,79.96,77.32,77.67,83850137,77.67,-1.6400000000000006,-2.07,2026-09-14 16:20:12.306099
AAPL,2018-03-07,77.67,77.95,76.66,76.79,52073608,76.79,-0.8799999999999955,-1.13,2026-09-14 16:20:12.306099
AAPL,2018-03-08,76.79,77.67,76.22,77.48,38246209,77.48,0.6899999999999977,0.9,2026-09-14 16:20:12.306099
AAPL,2018-03-09,77.48,77.77,77.14,77.67,37266816,77.67,0.1899999999999977,0.25,2026-09-14 16:20:12.306099
AAPL,2018-03-12,77.67,77.85,74.3,74.88,93700301,74.88,-2.7900000000000063,-3.59,2026-09-14 16:20:12.306099
AAPL,2018-03-13,74.88,77.14,74.23,76.64,99894667,76.64,1.7600000000000051,2.35,2026-09-14 16:20:12.306099
AAPL,2018-03-14,76.64,77.33,72.19,72.85,81230633,72.85,-3.7900000000000063,-4.95,2026-09-14 16:20:12.306099
AAPL,2018-03-15,72.85,74.33,72.84,74.27,52948056,74.27,1.4200000000000017,1.95,2026-09-14 16:20:12.306099
AAPL,2018-03-16,74.27,75.4,73.84,75.09,59694643,75.09,0.8200000000000074,1.1,2026-09-14 16:20:12.306099
AAPL,2018-03-19,75.09,75.17,73.35,73.52,81370448,73.52,-1.5700000000000074,-2.09,2026-09-14 16:20:12.306099
AAPL,2018-03-20,73.52,74.25,70.66,71.28,90090910,71.28,-2.239999999999995,-3.05,2026-09-14 16:20:12.306099
AAPL,2018-03-21,71.28,72.65,71.09,72.36,64566945,72.36,1.0799999999999983,1.52,2026-09-14 16:20:12.306099
AAPL,2018-03-22,72.36,72.61,71.65,72.05,36666966,72.05,-0.3100000000000023,-0.43,2026-09-14 16:20:12.306099
AAPL,2018-03-23,72.05,72.71,72.01,72.57,95436417,72.57,0.519999999999996,0.72,2026-09-14 16:20:12.306099
AAPL,2018-03-26,72.57,73.17,71.6,72.09,27272904,72.09,-0.4799999999999897,-0.66,2026-09-14 16:20:12.306099
AAPL,2018-03-27,72.09,73.68,71.9,73.09,92195666,73.09,1.0,1.39,2026-09-14 16:20:12.306099
AAPL,2018-03-28,73.09,73.77,72.49,73.27,31173074,73.27,0.1799999999999926,0.25,2026-09-14 16:20:12.306099
AAPL,2018-03-29,73.27,73.98,72.25,72.44,48696134,72.44,-0.8299999999999983,-1.13,2026-09-14 16:20:12.306099
AAPL,2018-03-30,72.44,72.62,69.82,70.37,79466440,70.37,-2.069999999999993,-2.86,2026-09-14 16:20:12.306099
AAPL,2018-04-02,70.37,70.96,70.2,70.35,10387519,70.35,-0.0200000000000102,-0.03,2026-09-14 16:20:12.306099
AAPL,2018-04-03,70.35,72.37,70.32,71.65,28719826,71.65,1.3000000000000114,1.85,2026-09-14 16:20:12.306099
AAPL,2018-04-04,71.65,72.23,71.39,71.46,45571118,71.46,-0.1900000000000119,-0.27,2026-09-14 16:20:12.306099
AAPL,2018-04-05,71.46,71.72,69.24,69.37,27594624,69.37,-2.089999999999989,-2.92,2026-09-14 16:20:12.306099
AAPL,2018-04-06,69.37,69.7,68.21,68.8,67802717,68.8,-0.5700000000000074,-0.82,2026-09-14 16:20:12.306099
AAPL,2018-04-09,68.8,69.48,67.62,67.9,46301896,67.9,-0.8999999999999915,-1.31,2026-09-14 16:20:12.306099
AAPL,2018-04-10,67.9,68.36,67.4,68.19,77911582,68.19,0.289999999999992,0.43,2026-09-14 16:20:12.306099
AAPL,2018-04-11,68.19,69.91,68.05,69.58,26683774,69.58,1.3900000000000006,2.04,2026-09-14 16:20:12.306099
AAPL,2018-04-12,69.58,71.49,69.03,71.28,91684440,71.28,1.7000000000000028,2.44,2026-09-14 16:20:12.306099
AAPL,2018-04-13,71.28,71.47,70.6,70.79,32925551,70.79,-0.4899999999999949,-0.69,2026-09-14 16:20:12.306099
AAPL,2018-04-16,70.79,71.56,70.51,70.89,30222052,70.89,0.0999999999999943,0.14,2026-09-14 16:20:12.306099
AAPL,2018-04-17,70.89,71.17,68.6,68.62,24574741,68.62,-2.269999999999996,-3.2,2026-09-14 16:20:12.306099
AAPL,2018-04-18,68.62,69.22,68.48,68.68,92565603,68.68,0.0600000000000022,0.09,2026-09-14 16:20:12.306099
AAPL,2018-04-19,68.68,70.67,68.52,70.08,14548238,70.08,1.3999999999999917,2.04,2026-09-14 16:20:12.306099
AAPL,2018-04-20,70.08,71.66,69.65,71.44,78397019,71.44,1.3599999999999994,1.94,2026-09-14 16:20:12.306099
AAPL,2018-04-23,71.44,72.0,70.75,71.42,75553746,71.42,-0.019999999999996,-0.03,2026-09-14 16:20:12.306099
AAPL,2018-04-24,71.42,73.31,71.04,72.67,77029383,72.67,1.25,1.75,2026-09-14 16:20:12.306099
AAPL,2018-04-25,72.67,73.88,72.46,73.33,20605951,73.33,0.6599999999999966,0.91,2026-09-14 16:20:12.306099
AAPL,2018-04-26,73.33,73.7,71.0,71.36,62437991,71.36,-1.9699999999999989,-2.69,2026-09-14 16:20:12.306099
AAPL,2018-04-27,71.36,71.92,70.48,71.13,32205254,71.13,-0.2300000000000039,-0.32,2026-09-14 16:20:12.306099
AAPL,2018-04-30,71.13,72.3,70.76,71.81,26967721,71.81,0.6800000000000068,0.96,2026-09-14 16:20:12.306099
AAPL,2018-05-01,71.81,73.01,71.3,72.32,92607399,72.32,0.5099999999999909,0.71,2026-09-14 16:20:12.306099
AAPL,2018-05-02,72.32,75.69,71.86,75.42,52653946,75.42,3.1000000000000085,4.29,2026-09-14 16:20:12.306099
AAPL,2018-05-03,75.42,77.11,75.11,77.04,88798514,77.04,1.6200000000000043,2.15,2026-09-14 16:20:12.306099
AAPL,2018-05-04,77.04,78.04,76.75,77.43,98198068,77.43,0.3900000000000005,0.51,2026-09-14 16:20:12.306099
AAPL,2018-05-07,77.43,77.85,76.84,77.62,40317088,77.62,0.1899999999999977,0.25,2026-09-14 16:20:12.306099
AAPL,2018-05-08,77.62,79.52,76.98,79.0,12200575,79.0,1.3799999999999957,1.78,2026-09-14 16:20:12.306099
AAPL,2018-05-09,79.0,79.56,76.43,76.87,54604457,76.87,-2.1299999999999955,-2.7,2026-09-14 16:20:12.306099
AAPL,2018-05-10,76.87,77.14,75.33,75.98,12780355,75.98,-0.8900000000000006,-1.16,2026-09-14 16:20:12.306099
AAPL,2018-05-11,75.98,76.7,75.75,75.79,77473517,75.79,-0.1899999999999977,-0.25,2026-09-14 16:20:12.306099
AAPL,2018-05-14,75.79,76.45,75.01,75.58,89713465,75.58,-0.2100000000000079,-0.28,2026-09-14 16:20:12.306099
AAPL,2018-05-15,75.58,75.98,73.3,73.88,32112976,73.88,-1.7000000000000028,-2.25,2026-09-14 16:20:12.306099
AAPL,2018-05-16,73.88,73.9,70.88,71.57,73901519,71.57,-2.3100000000000023,-3.13,2026-09-14 16:20:12.306099
AAPL,2018-05-17,71.57,72.28,71.19,71.75,52852043,71.75,0.1800000000000068,0.25,2026-09-14 16:20:12.306099
AAPL,2018-05-18,71.75,72.21,71.02,71.16,89925282,71.16,-0.5900000000000034,-0.82,2026-09-14 16:20:12.306099
AAPL,2018-05-21,71.16,71.41,70.01,70.42,22692456,70.42,-0.7399999999999949,-1.04,2026-09-14 16:20:12.306099
AAPL,2018-05-22,70.42,71.06,68.5,69.14,39894674,69.14,-1.2800000000000011,-1.82,2026-09-14 16:20:12.306099
AAPL,2018-05-23,69.14,70.04,69.07,69.89,20809956,69.89,0.75,1.08,2026-09-14 16:20:12.306099
AAPL,2018-05-24,69.89,70.58,69.01,69.06,21928787,69.06,-0.8299999999999983,-1.19,2026-09-14 16:20:12.306099
AAPL,2018-05-25,69.06,69.46,67.36,67.89,66782080,67.89,-1.1700000000000017,-1.69,2026-09-14 16:20:12.306099
AAPL,2018-05-28,67.89,68.32,67.42,67.78,74147472,67.78,-0.1099999999999994,-0.16,2026-09-14 16:20:12.306099
AAPL,2018-05-29,67.78,68.01,66.83,67.15,25274269,67.15,-0.6299999999999955,-0.93,2026-09-14 16:20:12.306099
AAPL,2018-05-30,67.15,67.32,66.05,66.16,32171701,66.16,-0.9900000000000092,-1.47,2026-09-14 16:20:12.306099
AAPL,2018-05-31,66.16,66.98,65.7,66.76,87076866,66.76,0.6000000000000085,0.91,2026-09-14 16:20:12.306099
AAPL,2018-06-01,66.76,67.27,65.86,66.07,29496012,66.07,-0.6900000000000119,-1.03,2026-09-14 16:20:12.306099
AAPL,2018-06-04,66.07,66.67,64.95,65.15,61195042,65.15,-0.9199999999999876,-1.39,2026-09-14 16:20:12.306099
AAPL,2018-06-05,65.15,66.8,64.74,66.43,64930184,66.43,1.2800000000000011,1.96,2026-09-14 16:20:12.306099
AAPL,2018-06-06,66.43,66.52,64.75,65.2,70727532,65.2,-1.230000000000004,-1.85,2026-09-14 16:20:12.306099
AAPL,2018-06-07,65.2,65.25,64.17,64.46,46813161,64.46,-0.7400000000000091,-1.13,2026-09-14 16:20:12.306099
AAPL,2018-06-08,64.46,64.61,62.77,63.05,76861567,63.05,-1.4099999999999966,-2.19,2026-09-14 16:20:12.306099
AAPL,2018-06-11,63.05,63.53,62.24,62.54,54927480,62.54,-0.509999999999998,-0.81,2026-09-14 16:20:12.306099
AAPL,2018-06-12,62.54,64.39,62.23,63.8,57579178,63.8,1.259999999999998,2.01,2026-09-14 16:20:12.306099
AAPL,2018-06-13,63.8,64.27,62.47,62.51,56411869,62.51,-1.2899999999999991,-2.02,2026-09-14 16:20:12.306099
AAPL,2018-06-14,62.51,63.09,59.47,59.77,52148848,59.77,-2.739999999999995,-4.38,2026-09-14 16:20:12.306099
AAPL,2018-06-15,59.77,61.24,59.66,60.96,29522451,60.96,1.1899999999999975,1.99,2026-09-14 16:20:12.306099
AAPL,2018-06-18,60.96,60.96,58.89,59.14,79231832,59.14,-1.8200000000000005,-2.99,2026-09-14 16:20:12.306099
AAPL,2018-06-19,59.14,59.16,56.84,57.17,23885481,57.17,-1.9699999999999989,-3.33,2026-09-14 16:20:12.306099
AAPL,2018-06-20,57.17,57.27,56.24,56.59,39361452,56.59,-0.5799999999999983,-1.01,2026-09-14 16:20:12.306099
AAPL,2018-06-21,56.59,56.82,55.85,56.28,30761121,56.28,-0.3100000000000023,-0.55,2026-09-14 16:20:12.306099
AAPL,2018-06-22,56.28,57.05,55.86,56.76,86475717,56.76,0.4799999999999969,0.85,2026-09-14 16:20:12.306099
AAPL,2018-06-25,56.76,56.89,54.61,54.77,32538977,54.77,-1.9899999999999949,-3.51,2026-09-14 16:20:12.306099
AAPL,2018-06-26,54.77,55.26,54.22,54.94,99125027,54.94,0.1699999999999946,0.31,2026-09-14 16:20:12.306099
AAPL,2018-06-27,54.94,55.77,54.46,55.42,93964011,55.42,0.480000000000004,0.87,2026-09-14 16:20:12.306099
AAPL,2018-06-28,55.42,56.93,54.95,56.63,37288186,56.63,1.2100000000000009,2.18,2026-09-14 16:20:12.306099
AAPL,2018-06-29,56.63,58.08,56.08,57.51,91549612,57.51,0.8799999999999955,1.55,2026-09-14 16:20:12.306099
AAPL,2018-07-02,57.51,58.44,57.33,58.28,59255455,58.28,0.7700000000000031,1.34,2026-09-14 16:20:12.306099
AAPL,2018-07-03,58.28,59.19,57.91,58.89,46749072,58.89,0.6099999999999994,1.05,2026-09-14 16:20:12.306099
AAPL,2018-07-04,58.89,60.66,58.7,60.46,21450336,60.46,1.5700000000000005,2.67,2026-09-14 16:20:12.306099
AAPL,2018-07-05,60.46,61.94,60.19,61.42,30508100,61.42,0.9600000000000009,1.59,2026-09-14 16:20:12.306099
AAPL,2018-07-06,61.42,61.79,61.4,61.45,38472531,61.45,0.0300000000000011,0.05,2026-09-14 16:20:12.306099
AAPL,2018-07-09,61.45,61.85,60.57,60.74,15845210,60.74,-0.7100000000000009,-1.16,2026-09-14 16:20:12.306099
AAPL,2018-07-10,60.74,61.62,60.73,61.26,86391290,61.26,0.519999999999996,0.86,2026-09-14 16:20:12.306099
AAPL,2018-07-11,61.26,62.07,60.99,61.7,49856636,61.7,0.4400000000000048,0.72,2026-09-14 16:20:12.306099
AAPL,2018-07-12,61.7,63.77,61.14,63.26,10991500,63.26,1.5599999999999952,2.53,2026-09-14 16:20:12.306099
AAPL,2018-07-13,63.26,63.84,62.68,63.03,23503562,63.03,-0.2299999999999968,-0.36,2026-09-14 16:20:12.306099
AAPL,2018-07-16,63.03,64.44,62.57,64.01,63948412,64.01,0.980000000000004,1.55,2026-09-14 16:20:12.306099
AAPL,2018-07-17,64.01,64.33,62.6,62.79,52950961,62.79,-1.220000000000006,-1.91,2026-09-14 16:20:12.306099
AAPL,2018-07-18,62.79,64.54,62.76,64.4,41699124,64.4,1.6100000000000063,2.56,2026-09-14 16:20:12.306099
AAPL,2018-07-19,64.4,64.41,63.59,63.87,67960846,63.87,-0.5300000000000082,-0.82,2026-09-14 16:20:12.306099
AAPL,2018-07-20,63.87,64.37,62.14,62.65,74053523,62.65,-1.2199999999999989,-1.91,2026-09-14 16:20:12.306099
AAPL,2018-07-23,62.65,64.11,62.27,63.8,32100943,63.8,1.1499999999999986,1.84,2026-09-14 16:20:12.306099
AAPL,2018-07-24,63.8,63.94,63.21,63.5,47253728,63.5,-0.2999999999999971,-0.47,2026-09-14 16:20:12.306099
AAPL,2018-07-25,63.5,64.02,62.4,62.98,28121348,62.98,-0.5200000000000031,-0.82,2026-09-14 16:20:12.306099
AAPL,2018-07-26,62.98,63.68,62.4,63.67,95673591,63.67,0.6900000000000048,1.1,2026-09-14 16:20:12.306099
AAPL,2018-07-27,63.67,64.19,63.05,63.7,91531199,63.7,0.0300000000000011,0.05,2026-09-14 16:20:12.306099
AAPL,2018-07-30,63.7,64.05,62.76,62.81,86481027,62.81,-0.8900000000000006,-1.4,2026-09-14 16:20:12.306099
AAPL,2018-07-31,62.81,64.55,62.55,64.15,61465777,64.15,1.3400000000000034,2.13,2026-09-14 16:20:12.306099
AAPL,2018-08-01,64.15,64.63,63.74,63.79,75680269,63.79,-0.3600000000000065,-0.56,2026-09-14 16:20:12.306099
AAPL,2018-08-02,63.79,64.09,61.27,61.58,38099284,61.58,-2.210000000000001,-3.46,2026-09-14 16:20:12.306099
AAPL,2018-08-03,61.58,62.03,60.71,60.93,25732664,60.93,-0.6499999999999986,-1.06,2026-09-14 16:20:12.306099
AAPL,2018-08-06,60.93,61.22,58.49,59.05,76073171,59.05,-1.8800000000000023,-3.09,2026-09-14 16:20:12.306099
AAPL,2018-08-07,59.05,59.56,57.4,57.61,86654996,57.61,-1.4399999999999975,-2.44,2026-09-14 16:20:12.306099
AAPL,2018-08-08,57.61,57.97,56.38,56.91,33210460,56.91,-0.7000000000000028,-1.22,2026-09-14 16:20:12.306099
AAPL,2018-08-09,56.91,57.47,55.57,55.65,17956206,55.65,-1.259999999999998,-2.21,2026-09-14 16:20:12.306099
AAPL,2018-08-10,55.65,55.84,54.86,54.9,52777505,54.9,-0.75,-1.35,2026-09-14 16:20:12.306099
AAPL,2018-08-13,54.9,55.11,54.72,54.96,86112946,54.96,0.0600000000000022,0.11,2026-09-14 16:20:12.306099
AAPL,2018-08-14,54.96,55.63,54.71,55.17,95767764,55.17,0.2100000000000008,0.38,2026-09-14 16:20:12.306099
AAPL,2018-08-15,55.17,55.23,54.4,54.88,54033867,54.88,-0.2899999999999991,-0.53,2026-09-14 16:20:12.306099
AAPL,2018-08-16,54.88,54.97,54.24,54.62,14263525,54.62,-0.2600000000000051,-0.47,2026-09-14 16:20:12.306099
AAPL,2018-08-17,54.62,54.93,54.38,54.85,47291839,54.85,0.2300000000000039,0.42,2026-09-14 16:20:12.306099
AAPL,2018-08-20,54.85,55.0,54.6,54.62,65294749,54.62,-0.2300000000000039,-0.42,2026-09-14 16:20:12.306099
AAPL,2018-08-21,54.62,54.97,53.24,53.3,11239961,53.3,-1.3200000000000005,-2.42,2026-09-14 16:20:12.306099
AAPL,2018-08-22,53.3,55.06,53.09,54.81,82927229,54.81,1.5100000000000051,2.83,2026-09-14 16:20:12.306099
AAPL,2018-08-23,54.81,55.13,54.49,54.84,11964825,54.84,0.0300000000000011,0.05,2026-09-14 16:20:12.306099
AAPL,2018-08-24,54.84,55.23,54.61,55.04,19025865,55.04,0.1999999999999957,0.36,2026-09-14 16:20:12.306099
AAPL,2018-08-27,55.04,55.95,55.03,55.43,64123548,55.43,0.3900000000000005,0.71,2026-09-14 16:20:12.306099
AAPL,2018-08-28,55.43,55.67,54.99,55.51,66911954,55.51,0.0799999999999983,0.14,2026-09-14 16:20:12.306099
AAPL,2018-08-29,55.51,56.06,54.96,54.98,50044398,54.98,-0.5300000000000011,-0.95,2026-09-14 16:20:12.306099
AAPL,2018-08-30,54.98,55.49,54.8,55.41,98888270,55.41,0.4299999999999997,0.78,2026-09-14 16:20:12.306099
AAPL,2018-08-31,55.41,55.66,54.85,55.32,39151113,55.32,-0.0899999999999963,-0.16,2026-09-14 16:20:12.306099
AAPL,2018-09-03,55.32,55.86,53.8,54.06,21782918,54.06,-1.259999999999998,-2.28,2026-09-14 16:20:12.306099
AAPL,2018-09-04,54.06,54.49,54.01,54.21,48128960,54.21,0.1499999999999985,0.28,2026-09-14 16:20:12.306099
AAPL,2018-09-05,54.21,54.95,53.69,54.68,33295207,54.68,0.4699999999999988,0.87,2026-09-14 16:20:12.306099
AAPL,2018-09-06,54.68,55.15,54.37,54.61,35153863,54.61,-0.0700000000000002,-0.13,2026-09-14 16:20:12.306099
AAPL,2018-09-07,54.61,54.82,51.78,52.05,97887435,52.05,-2.5600000000000023,-4.69,2026-09-14 16:20:12.306099
AAPL,2018-09-10,52.05,52.21,51.57,51.59,45265393,51.59,-0.4599999999999937,-0.88,2026-09-14 16:20:12.306099
AAPL,2018-09-11,51.59,52.63,51.5,52.27,70733147,52.27,0.6799999999999997,1.32,2026-09-14 16:20:12.306099
AAPL,2018-09-12,52.27,52.74,52.09,52.55,74507657,52.55,0.279999999999994,0.54,2026-09-14 16:20:12.306099
AAPL,2018-09-13,52.55,52.74,51.39,51.83,61475556,51.83,-0.7199999999999989,-1.37,2026-09-14 16:20:12.306099
AAPL,2018-09-14,51.83,52.76,51.65,52.29,13508143,52.29,0.4600000000000008,0.89,2026-09-14 16:20:12.306099
AAPL,2018-09-17,52.29,52.36,51.02,51.14,77239978,51.14,-1.1499999999999986,-2.2,2026-09-14 16:20:12.306099
AAPL,2018-09-18,51.14,51.6,50.66,51.19,64587889,51.19,0.0499999999999971,0.1,2026-09-14 16:20:12.306099
AAPL,2018-09-19,51.19,51.56,50.13,50.64,40738443,50.64,-0.5499999999999972,-1.07,2026-09-14 16:20:12.306099
AAPL,2018-09-20,50.64,51.15,50.37,50.88,26012123,50.88,0.240000000000002,0.47,2026-09-14 16:20:12.306099
AAPL,2018-09-21,50.88,51.78,50.41,51.77,33811685,51.77,0.8900000000000006,1.75,2026-09-14 16:20:12.306099
AAPL,2018-09-24,51.77,51.82,51.33,51.45,34651555,51.45,-0.3200000000000003,-0.62,2026-09-14 16:20:12.306099
AAPL,2018-09-25,51.45,51.6,51.25,51.5,44665096,51.5,0.0499999999999971,0.1,2026-09-14 16:20:12.306099
AAPL,2018-09-26,51.5,51.67,49.46,49.5,12268445,49.5,-2.0,-3.88,2026-09-14 16:20:12.306099
AAPL,2018-09-27,49.5,49.88,47.99,48.47,93567355,48.47,-1.0300000000000011,-2.08,2026-09-14 16:20:12.306099
AAPL,2018-09-28,48.47,48.73,48.24,48.39,79654549,48.39,-0.0799999999999983,-0.17,2026-09-14 16:20:12.306099
AAPL,2018-10-01,48.39,48.97,47.96,48.56,49091432,48.56,0.1700000000000017,0.35,2026-09-14 16:20:12.306099
AAPL,2018-10-02,48.56,49.04,48.41,48.64,93631801,48.64,0.0799999999999983,0.16,2026-09-14 16:20:12.306099
AAPL,2018-10-03,48.64,49.13,46.7,47.06,18394381,47.06,-1.5799999999999983,-3.25,2026-09-14 16:20:12.306099
AAPL,2018-10-04,47.06,47.08,46.1,46.46,81930062,46.46,-0.6000000000000014,-1.27,2026-09-14 16:20:12.306099
AAPL,2018-10-05,46.46,48.04,46.41,47.63,34833145,47.63,1.1700000000000017,2.52,2026-09-14 16:20:12.306099
AAPL,2018-10-08,47.63,47.98,47.41,47.96,33869211,47.96,0.3299999999999983,0.69,2026-09-14 16:20:12.306099
AAPL,2018-10-09,47.96,48.59,47.54,48.38,34330687,48.38,0.4200000000000017,0.88,2026-09-14 16:20:12.306099
AAPL,2018-10-10,48.38,48.78,48.23,48.57,55226084,48.57,0.1899999999999977,0.39,2026-09-14 16:20:12.306099
AAPL,2018-10-11,48.57,48.7,47.62,47.86,23662155,47.86,-0.7100000000000009,-1.46,2026-09-14 16:20:12.306099
AAPL,2018-10-12,47.86,50.05,47.67,49.77,84152112,49.77,1.910000000000004,3.99,2026-09-14 16:20:12.306099
AAPL,2018-10-15,49.77,50.34,49.38,49.85,97083372,49.85,0.0799999999999983,0.16,2026-09-14 16:20:12.306099
AAPL,2018-10-16,49.85,49.92,48.88,49.14,25298066,49.14,-0.7100000000000009,-1.42,2026-09-14 16:20:12.306099
AAPL,2018-10-17,49.14,49.71,49.01,49.42,93663907,49.42,0.2800000000000011,0.57,2026-09-14 16:20:12.306099
AAPL,2018-10-18,49.42,52.12,49.06,51.82,15296368,51.82,2.3999999999999986,4.86,2026-09-14 16:20:12.306099
AAPL,2018-10-19,51.82,52.25,50.91,50.94,56101867,50.94,-0.8800000000000026,-1.7,2026-09-14 16:20:12.306099
AAPL,2018-10-22,50.94,51.28,50.83,50.89,94334628,50.89,-0.0499999999999971,-0.1,2026-09-14 16:20:12.306099
AAPL,2018-10-23,50.89,51.19,50.72,51.09,62887147,51.09,0.2000000000000028,0.39,2026-09-14 16:20:12.306099
AAPL,2018-10-24,51.09,51.94,51.01,51.72,19373634,51.72,0.6299999999999955,1.23,2026-09-14 16:20:12.306099
AAPL,2018-10-25,51.72,53.18,51.24,52.93,17898344,52.93,1.2100000000000009,2.34,2026-09-14 16:20:12.306099
AAPL,2018-10-26,52.93,56.12,52.42,55.61,38324570,55.61,2.68,5.06,2026-09-14 16:20:12.306099
AAPL,2018-10-29,55.61,55.86,54.53,54.75,27104069,54.75,-0.8599999999999994,-1.55,2026-09-14 16:20:12.306099
AAPL,2018-10-30,54.75,55.22,54.37,55.08,16044010,55.08,0.3299999999999983,0.6,2026-09-14 16:20:12.306099
AAPL,2018-10-31,55.08,56.05,54.9,55.68,68991345,55.68,0.6000000000000014,1.09,2026-09-14 16:20:12.306099
AAPL,2018-11-01,55.68,56.21,53.41,53.82,88864050,53.82,-1.86,-3.34,2026-09-14 16:20:12.306099
AAPL,2018-11-02,53.82,53.99,53.5,53.7,58345538,53.7,-0.1199999999999974,-0.22,2026-09-14 16:20:12.306099
AAPL,2018-11-05,53.7,54.43,53.5,54.4,32909438,54.4,0.6999999999999957,1.3,2026-09-14 16:20:12.306099
AAPL,2018-11-06,54.4,54.68,54.26,54.57,66425710,54.57,0.1700000000000017,0.31,2026-09-14 16:20:12.306099
AAPL,2018-11-07,54.57,54.76,54.07,54.36,79467448,54.36,-0.2100000000000008,-0.38,2026-09-14 16:20:12.306099
AAPL,2018-11-08,54.36,54.77,53.83,54.45,56978210,54.45,0.0900000000000034,0.17,2026-09-14 16:20:12.306099
AAPL,2018-11-09,54.45,54.88,53.97,54.0,48618898,54.0,-0.4500000000000028,-0.83,2026-09-14 16:20:12.306099
AAPL,2018-11-12,54.0,55.31,53.75,54.77,18350690,54.77,0.7700000000000031,1.43,2026-09-14 16:20:12.306099
AAPL,2018-11-13,54.77,54.84,53.51,53.91,55690929,53.91,-0.8600000000000065,-1.57,2026-09-14 16:20:12.306099
AAPL,2018-11-14,53.91,54.38,52.95,53.28,65119539,53.28,-0.6299999999999955,-1.17,2026-09-14 16:20:12.306099
AAPL,2018-11-15,53.28,53.82,52.82,53.37,13278717,53.37,0.0899999999999963,0.17,2026-09-14 16:20:12.306099
AAPL,2018-11-16,53.37,53.63,52.91,53.51,68355791,53.51,0.1400000000000005,0.26,2026-09-14 16:20:12.306099
AAPL,2018-11-19,53.51,54.08,53.33,53.98,73339992,53.98,0.4699999999999988,0.88,2026-09-14 16:20:12.306099
AAPL,2018-11-20,53.98,54.03,52.61,53.08,78778931,53.08,-0.8999999999999986,-1.67,2026-09-14 16:20:12.306099
AAPL,2018-11-21,53.08,53.24,51.71,52.22,73736603,52.22,-0.8599999999999994,-1.62,2026-09-14 16:20:12.306099
AAPL,2018-11-22,52.22,52.38,50.76,50.91,13557125,50.91,-1.3100000000000025,-2.51,2026-09-14 16:20:12.306099
AAPL,2018-11-23,50.91,50.93,49.46,49.46,75654557,49.46,-1.4499999999999955,-2.85,2026-09-14 16:20:12.306099
AAPL,2018-11-26,49.46,49.83,48.31,48.54,53744072,48.54,-0.9200000000000016,-1.86,2026-09-14 16:20:12.306099
AAPL,2018-11-27,48.54,49.6,48.28,49.44,48803586,49.44,0.8999999999999986,1.85,2026-09-14 16:20:12.306099
AAPL,2018-11-28,49.44,50.86,48.95,50.4,17086896,50.4,0.9600000000000009,1.94,2026-09-14 16:20:12.306099
AAPL,2018-11-29,50.4,50.62,50.23,50.53,35872571,50.53,0.1300000000000025,0.26,2026-09-14 16:20:12.306099
AAPL,2018-11-30,50.53,51.47,50.28,51.08,92732102,51.08,0.5499999999999972,1.09,2026-09-14 16:20:12.306099
AAPL,2018-12-03,51.08,51.5,50.88,51.47,17224958,51.47,0.3900000000000005,0.76,2026-09-14 16:20:12.306099
AAPL,2018-12-04,51.47,52.09,51.36,51.58,27830596,51.58,0.1099999999999994,0.21,2026-09-14 16:20:12.306099
AAPL,2018-12-05,51.58,51.84,50.78,51.08,43906175,51.08,-0.5,-0.97,2026-09-14 16:20:12.306099
AAPL,2018-12-06,51.08,52.16,50.86,52.09,72078566,52.09,1.0100000000000051,1.98,2026-09-14 16:20:12.306099
AAPL,2018-12-07,52.09,52.94,51.8,52.75,16222595,52.75,0.6599999999999966,1.27,2026-09-14 16:20:12.306099
AAPL,2018-12-10,52.75,53.21,52.36,53.17,35925397,53.17,0.4200000000000017,0.8,2026-09-14 16:20:12.306099
AAPL,2018-12-11,53.17,54.32,52.71,54.28,85197717,54.28,1.1099999999999994,2.09,2026-09-14 16:20:12.306099
AAPL,2018-12-12,54.28,54.3,53.76,53.79,86826715,53.79,-0.490000000000002,-0.9,2026-09-14 16:20:12.306099
AAPL,2018-12-13,53.79,54.08,50.9,51.11,81597297,51.11,-2.68,-4.98,2026-09-14 16:20:12.306099
AAPL,2018-12-14,51.11,53.16,50.61,52.89,23511660,52.89,1.7800000000000011,3.48,2026-09-14 16:20:12.306099
AAPL,2018-12-17,52.89,53.71,52.64,53.68,89770134,53.68,0.7899999999999991,1.49,2026-09-14 16:20:12.306099
AAPL,2018-12-18,53.68,54.53,53.54,54.16,47671731,54.16,0.4799999999999969,0.89,2026-09-14 16:20:12.306099
AAPL,2018-12-19,54.16,56.63,53.91,56.34,39420851,56.34,2.180000000000007,4.03,2026-09-14 16:20:12.306099
AAPL,2018-12-20,56.34,57.64,56.13,57.5,23494733,57.5,1.1599999999999966,2.06,2026-09-14 16:20:12.306099
AAPL,2018-12-21,57.5,57.84,55.12,55.2,72447340,55.2,-2.299999999999997,-4.0,2026-09-14 16:20:12.306099
AAPL,2018-12-24,55.2,55.33,54.22,54.3,10775553,54.3,-0.9000000000000057,-1.63,2026-09-14 16:20:12.306099
AAPL,2018-12-25,54.3,54.72,53.29,53.82,14039229,53.82,-0.4799999999999969,-0.88,2026-09-14 16:20:12.306099
AAPL,2018-12-26,53.82,54.88,53.5,54.84,78046775,54.84,1.0200000000000031,1.9,2026-09-14 16:20:12.306099
AAPL,2018-12-27,54.84,54.84,52.5,52.81,99212016,52.81,-2.030000000000001,-3.7,2026-09-14 16:20:12.306099
AAPL,2018-12-28,52.81,52.91,52.58,52.64,59973005,52.64,-0.1700000000000017,-0.32,2026-09-14 16:20:12.306099
AAPL,2018-12-31,52.64,53.68,52.25,53.26,90328734,53.26,0.6199999999999974,1.18,2026-09-14 16:20:12.306099
AAPL,2019-01-01,53.26,53.39,51.83,52.12,36767076,52.12,-1.1400000000000006,-2.14,2026-09-14 16:20:12.306099
AAPL,2019-01-02,52.12,53.75,51.77,53.26,97713137,53.26,1.1400000000000006,2.19,2026-09-14 16:20:12.306099
AAPL,2019-01-03,53.26,53.54,52.66,52.92,19655835,52.92,-0.3399999999999963,-0.64,2026-09-14 16:20:12.306099
AAPL,2019-01-04,52.92,54.27,52.89,53.99,93831573,53.99,1.0700000000000005,2.02,2026-09-14 16:20:12.306099
AAPL,2019-01-07,53.99,54.09,52.51,52.92,18724108,52.92,-1.0700000000000005,-1.98,2026-09-14 16:20:12.306099
AAPL,2019-01-08,52.92,53.3,52.54,52.58,72266235,52.58,-0.3400000000000034,-0.64,2026-09-14 16:20:12.306099
AAPL,2019-01-09,52.58,53.02,52.14,52.62,74651550,52.62,0.0399999999999991,0.08,2026-09-14 16:20:12.306099
AAPL,2019-01-10,52.62,52.79,50.81,51.17,96127442,51.17,-1.4499999999999955,-2.76,2026-09-14 16:20:12.306099
AAPL,2019-01-11,51.17,51.51,49.47,49.69,78050872,49.69,-1.480000000000004,-2.89,2026-09-14 16:20:12.306099
AAPL,2019-01-14,49.69,49.77,47.84,47.93,58549398,47.93,-1.759999999999998,-3.54,2026-09-14 16:20:12.306099
AAPL,2019-01-15,47.93,48.21,47.14,47.17,46384881,47.17,-0.759999999999998,-1.59,2026-09-14 16:20:12.306099
AAPL,2019-01-16,47.17,47.44,46.31,46.62,74819442,46.62,-0.5500000000000043,-1.17,2026-09-14 16:20:12.306099
AAPL,2019-01-17,46.62,47.23,46.33,46.86,58375689,46.86,0.240000000000002,0.51,2026-09-14 16:20:12.306099
AAPL,2019-01-18,46.86,46.9,46.0,46.13,57465980,46.13,-0.7299999999999969,-1.56,2026-09-14 16:20:12.306099
AAPL,2019-01-21,46.13,46.44,44.12,44.16,63304745,44.16,-1.970000000000006,-4.27,2026-09-14 16:20:12.306099
AAPL,2019-01-22,44.16,44.48,42.45,42.8,63411064,42.8,-1.3599999999999994,-3.08,2026-09-14 16:20:12.306099
AAPL,2019-01-23,42.8,42.95,42.04,42.23,87769751,42.23,-0.5700000000000003,-1.33,2026-09-14 16:20:12.306099
AAPL,2019-01-24,42.23,42.45,40.66,40.81,14534176,40.81,-1.4199999999999946,-3.36,2026-09-14 16:20:12.306099
AAPL,2019-01-25,40.81,40.97,40.66,40.89,94972928,40.89,0.0799999999999983,0.2,2026-09-14 16:20:12.306099
AAPL,2019-01-28,40.89,40.98,40.83,40.88,40447497,40.88,-0.009999999999998,-0.02,2026-09-14 16:20:12.306099
AAPL,2019-01-29,40.88,41.03,39.82,40.13,82243447,40.13,-0.75,-1.83,2026-09-14 16:20:12.306099
AAPL,2019-01-30,40.13,40.29,39.4,39.42,93097242,39.42,-0.7100000000000009,-1.77,2026-09-14 16:20:12.306099
AAPL,2019-01-31,39.42,39.67,39.2,39.47,29056699,39.47,0.0499999999999971,0.13,2026-09-14 16:20:12.306099
AAPL,2019-02-01,39.47,40.25,39.45,40.05,71471346,40.05,0.5799999999999983,1.47,2026-09-14 16:20:12.306099
AAPL,2019-02-04,40.05,40.94,39.94,40.6,14799257,40.6,0.5500000000000043,1.37,2026-09-14 16:20:12.306099
AAPL,2019-02-05,40.6,41.38,40.39,41.0,67808567,41.0,0.3999999999999986,0.99,2026-09-14 16:20:12.306099
AAPL,2019-02-06,41.0,41.91,40.95,41.73,18707760,41.73,0.7299999999999969,1.78,2026-09-14 16:20:12.306099
AAPL,2019-02-07,41.73,42.08,40.73,40.79,30402878,40.79,-0.9399999999999976,-2.25,2026-09-14 16:20:12.306099
AAPL,2019-02-08,40.79,40.87,40.21,40.27,60698461,40.27,-0.519999999999996,-1.27,2026-09-14 16:20:12.306099
AAPL,2019-02-11,40.27,41.01,39.9,40.75,23589381,40.75,0.4799999999999969,1.19,2026-09-14 16:20:12.306099
AAPL,2019-02-12,40.75,41.36,40.41,40.99,66815732,40.99,0.240000000000002,0.59,2026-09-14 16:20:12.306099
AAPL,2019-02-13,40.99,41.25,39.22,39.49,11483398,39.49,-1.5,-3.66,2026-09-14 16:20:12.306099
AAPL,2019-02-14,39.49,41.02,39.18,40.78,43955365,40.78,1.2899999999999991,3.27,2026-09-14 16:20:12.306099
AAPL,2019-02-15,40.78,40.99,40.5,40.71,49329035,40.71,-0.0700000000000002,-0.17,2026-09-14 16:20:12.306099
AAPL,2019-02-18,40.71,41.82,40.5,41.72,43775032,41.72,1.009999999999998,2.48,2026-09-14 16:20:12.306099
AAPL,2019-02-19,41.72,42.41,41.59,42.33,36456442,42.33,0.6099999999999994,1.46,2026-09-14 16:20:12.306099
AAPL,2019-02-20,42.33,43.38,42.06,43.16,95500159,43.16,0.8299999999999983,1.96,2026-09-14 16:20:12.306099
AAPL,2019-02-21,43.16,43.46,42.73,42.74,33614962,42.74,-0.4199999999999946,-0.97,2026-09-14 16:20:12.306099
AAPL,2019-02-22,42.74,43.53,42.47,43.51,71047954,43.51,0.769999999999996,1.8,2026-09-14 16:20:12.306099
AAPL,2019-02-25,43.51,44.94,43.25,44.7,45645872,44.7,1.1900000000000048,2.74,2026-09-14 16:20:12.306099
AAPL,2019-02-26,44.7,44.75,43.93,44.22,99599976,44.22,-0.480000000000004,-1.07,2026-09-14 16:20:12.306099
AAPL,2019-02-27,44.22,44.57,43.89,44.32,84409734,44.32,0.1000000000000014,0.23,2026-09-14 16:20:12.306099
AAPL,2019-02-28,44.32,45.04,44.01,44.76,87306962,44.76,0.4399999999999977,0.99,2026-09-14 16:20:12.306099
AAPL,2019-03-01,44.76,45.14,44.56,44.59,27516539,44.59,-0.1699999999999946,-0.38,2026-09-14 16:20:12.306099
AAPL,2019-03-04,44.59,44.79,44.39,44.53,24939362,44.53,-0.0600000000000022,-0.13,2026-09-14 16:20:12.306099
AAPL,2019-03-05,44.53,45.64,44.19,45.45,90381727,45.45,0.9200000000000016,2.07,2026-09-14 16:20:12.306099
AAPL,2019-03-06,45.45,45.51,45.18,45.31,92198646,45.31,-0.1400000000000005,-0.31,2026-09-14 16:20:12.306099
AAPL,2019-03-07,45.31,45.5,43.57,43.99,95559835,43.99,-1.3200000000000005,-2.91,2026-09-14 16:20:12.306099
AAPL,2019-03-08,43.99,44.61,43.79,44.31,77811448,44.31,0.3200000000000003,0.73,2026-09-14 16:20:12.306099
AAPL,2019-03-11,44.31,44.38,43.65,43.92,30929703,43.92,-0.3900000000000005,-0.88,2026-09-14 16:20:12.306099
AAPL,2019-03-12,43.92,44.47,43.53,44.32,83733344,44.32,0.3999999999999986,0.91,2026-09-14 16:20:12.306099
AAPL,2019-03-13,44.32,44.66,42.54,42.65,54483379,42.65,-1.6700000000000017,-3.77,2026-09-14 16:20:12.306099
AAPL,2019-03-14,42.65,43.67,42.3,43.3,91193470,43.3,0.6499999999999986,1.52,2026-09-14 16:20:12.306099
AAPL,2019-03-15,43.3,43.75,43.2,43.34,93864186,43.34,0.0400000000000062,0.09,2026-09-14 16:20:12.306099
AAPL,2019-03-18,43.34,43.52,42.36,42.6,40834212,42.6,-0.740000000000002,-1.71,2026-09-14 16:20:12.306099
AAPL,2019-03-19,42.6,43.06,42.57,42.96,54690840,42.96,0.3599999999999994,0.85,2026-09-14 16:20:12.306099
AAPL,2019-03-20,42.96,43.37,42.74,43.1,48573362,43.1,0.1400000000000005,0.33,2026-09-14 16:20:12.306099
AAPL,2019-03-21,43.1,43.19,42.01,42.35,27854466,42.35,-0.75,-1.74,2026-09-14 16:20:12.306099
AAPL,2019-03-22,42.35,43.42,42.11,43.09,87663373,43.09,0.740000000000002,1.75,2026-09-14 16:20:12.306099
AAPL,2019-03-25,43.09,44.25,42.78,43.86,81887484,43.86,0.769999999999996,1.79,2026-09-14 16:20:12.306099
AAPL,2019-03-26,43.86,44.73,43.43,44.36,47814656,44.36,0.5,1.14,2026-09-14 16:20:12.306099
AAPL,2019-03-27,44.36,45.26,44.16,44.93,93425409,44.93,0.5700000000000003,1.28,2026-09-14 16:20:12.306099
AAPL,2019-03-28,44.93,45.41,44.88,45.16,30319767,45.16,0.2299999999999968,0.51,2026-09-14 16:20:12.306099
AAPL,2019-03-29,45.16,46.49,44.98,46.3,32138291,46.3,1.1400000000000006,2.52,2026-09-14 16:20:12.306099
AAPL,2019-04-01,46.3,46.68,45.15,45.56,16310298,45.56,-0.7399999999999949,-1.6,2026-09-14 16:20:12.306099
AAPL,2019-04-02,45.56,45.77,44.19,44.47,50254811,44.47,-1.0900000000000034,-2.39,2026-09-14 16:20:12.306099
AAPL,2019-04-03,44.47,44.68,43.89,44.15,55088488,44.15,-0.3200000000000003,-0.72,2026-09-14 16:20:12.306099
AAPL,2019-04-04,44.15,45.26,43.82,44.89,40724064,44.89,0.740000000000002,1.68,2026-09-14 16:20:12.306099
AAPL,2019-04-05,44.89,45.27,44.27,44.34,62441421,44.34,-0.5499999999999972,-1.23,2026-09-14 16:20:12.306099
AAPL,2019-04-08,44.34,44.67,44.11,44.22,70426317,44.22,-0.1200000000000045,-0.27,2026-09-14 16:20:12.306099
AAPL,2019-04-09,44.22,44.44,43.76,44.18,44317678,44.18,-0.0399999999999991,-0.09,2026-09-14 16:20:12.306099
AAPL,2019-04-10,44.18,44.62,43.79,44.19,24927942,44.19,0.009999999999998,0.02,2026-09-14 16:20:12.306099
AAPL,2019-04-11,44.19,45.16,44.01,45.15,88366003,45.15,0.9600000000000009,2.17,2026-09-14 16:20:12.306099
AAPL,2019-04-12,45.15,45.39,44.5,44.67,83106725,44.67,-0.4799999999999969,-1.06,2026-09-14 16:20:12.306099
AAPL,2019-04-15,44.67,44.88,43.51,43.9,30695321,43.9,-0.7700000000000031,-1.72,2026-09-14 16:20:12.306099
AAPL,2019-04-16,43.9,44.18,43.07,43.5,32253091,43.5,-0.3999999999999986,-0.91,2026-09-14 16:20:12.306099
AAPL,2019-04-17,43.5,43.87,41.91,42.01,55286067,42.01,-1.490000000000002,-3.43,2026-09-14 16:20:12.306099
AAPL,2019-04-18,42.01,42.01,41.33,41.57,56106013,41.57,-0.4399999999999977,-1.05,2026-09-14 16:20:12.306099
AAPL,2019-04-19,41.57,42.05,41.4,41.9,25114418,41.9,0.3299999999999983,0.79,2026-09-14 16:20:12.306099
AAPL,2019-04-22,41.9,42.23,40.77,40.83,45411136,40.83,-1.0700000000000005,-2.55,2026-09-14 16:20:12.306099
AAPL,2019-04-23,40.83,40.83,40.5,40.63,59953805,40.63,-0.1999999999999957,-0.49,2026-09-14 16:20:12.306099
AAPL,2019-04-24,40.63,41.79,40.44,41.68,26337079,41.68,1.0499999999999972,2.58,2026-09-14 16:20:12.306099
AAPL,2019-04-25,41.68,42.25,41.44,41.95,18379839,41.95,0.2700000000000031,0.65,2026-09-14 16:20:12.306099
AAPL,2019-04-26,41.95,42.37,41.63,42.29,42450859,42.29,0.3399999999999963,0.81,2026-09-14 16:20:12.306099
AAPL,2019-04-29,42.29,42.38,41.69,41.77,54732326,41.77,-0.519999999999996,-1.23,2026-09-14 16:20:12.306099
AAPL,2019-04-30,41.77,41.86,41.29,41.59,85364513,41.59,-0.1799999999999997,-0.43,2026-09-14 16:20:12.306099
AAPL,2019-05-01,41.59,41.95,40.49,40.81,88271586,40.81,-0.7800000000000011,-1.88,2026-09-14 16:20:12.306099
AAPL,2019-05-02,40.81,41.8,40.6,41.52,68750850,41.52,0.7100000000000009,1.74,2026-09-14 16:20:12.306099
AAPL,2019-05-03,41.52,41.56,40.74,40.87,16520947,40.87,-0.6500000000000057,-1.57,2026-09-14 16:20:12.306099
AAPL,2019-05-06,40.87,41.93,40.6,41.74,85700805,41.74,0.8700000000000045,2.13,2026-09-14 16:20:12.306099
AAPL,2019-05-07,41.74,41.81,39.28,39.59,89868060,39.59,-2.1499999999999986,-5.15,2026-09-14 16:20:12.306099
AAPL,2019-05-08,39.59,40.4,39.45,40.1,68373711,40.1,0.509999999999998,1.29,2026-09-14 16:20:12.306099
AAPL,2019-05-09,40.1,40.25,40.04,40.15,20525250,40.15,0.0499999999999971,0.12,2026-09-14 16:20:12.306099
AAPL,2019-05-10,40.15,40.4,39.22,39.36,29497009,39.36,-0.7899999999999991,-1.97,2026-09-14 16:20:12.306099
AAPL,2019-05-13,39.36,39.76,39.15,39.49,94146203,39.49,0.1300000000000025,0.33,2026-09-14 16:20:12.306099
AAPL,2019-05-14,39.49,39.82,39.34,39.37,76584798,39.37,-0.1200000000000045,-0.3,2026-09-14 16:20:12.306099
AAPL,2019-05-15,39.37,39.7,38.22,38.45,66408945,38.45,-0.9199999999999946,-2.34,2026-09-14 16:20:12.306099
AAPL,2019-05-16,38.45,38.71,37.87,38.17,99840563,38.17,-0.2800000000000011,-0.73,2026-09-14 16:20:12.306099
AAPL,2019-05-17,38.17,39.15,37.94,39.12,20712173,39.12,0.9499999999999956,2.49,2026-09-14 16:20:12.306099
AAPL,2019-05-20,39.12,39.25,37.6,37.87,26542731,37.87,-1.25,-3.2,2026-09-14 16:20:12.306099
AAPL,2019-05-21,37.87,37.89,37.22,37.55,72415488,37.55,-0.3200000000000003,-0.84,2026-09-14 16:20:12.306099
AAPL,2019-05-22,37.55,37.83,37.34,37.82,35428096,37.82,0.2700000000000031,0.72,2026-09-14 16:20:12.306099
AAPL,2019-05-23,37.82,38.72,37.47,38.55,35902811,38.55,0.7299999999999969,1.93,2026-09-14 16:20:12.306099
AAPL,2019-05-24,38.55,39.09,38.18,39.07,98268172,39.07,0.5200000000000031,1.35,2026-09-14 16:20:12.306099
AAPL,2019-05-27,39.07,39.25,38.61,38.7,83126470,38.7,-0.3699999999999974,-0.95,2026-09-14 16:20:12.306099
AAPL,2019-05-28,38.7,38.78,37.26,37.43,51651904,37.43,-1.2700000000000031,-3.28,2026-09-14 16:20:12.306099
AAPL,2019-05-29,37.43,38.34,37.19,38.08,68484468,38.08,0.6499999999999986,1.74,2026-09-14 16:20:12.306099
AAPL,2019-05-30,38.08,38.22,37.77,37.79,80824702,37.79,-0.2899999999999991,-0.76,2026-09-14 16:20:12.306099
AAPL,2019-05-31,37.79,38.27,37.69,38.1,28848455,38.1,0.3100000000000023,0.82,2026-09-14 16:20:12.306099
AAPL,2019-06-03,38.1,38.54,38.08,38.45,79075667,38.45,0.3500000000000014,0.92,2026-09-14 16:20:12.306099
AAPL,2019-06-04,38.45,38.6,38.28,38.45,83354034,38.45,0.0,0.0,2026-09-14 16:20:12.306099
AAPL,2019-06-05,38.45,39.78,38.09,39.48,69478137,39.48,1.029999999999994,2.68,2026-09-14 16:20:12.306099
AAPL,2019-06-06,39.48,40.56,39.3,40.26,47298454,40.26,0.7800000000000011,1.98,2026-09-14 16:20:12.306099
AAPL,2019-06-07,40.26,40.39,40.03,40.07,47336680,40.07,-0.1899999999999977,-0.47,2026-09-14 16:20:12.306099
AAPL,2019-06-10,40.07,40.94,39.85,40.77,93764006,40.77,0.7000000000000028,1.75,2026-09-14 16:20:12.306099
AAPL,2019-06-11,40.77,41.11,40.59,40.85,11823501,40.85,0.0799999999999983,0.2,2026-09-14 16:20:12.306099
AAPL,2019-06-12,40.85,40.94,39.73,39.84,46117570,39.84,-1.009999999999998,-2.47,2026-09-14 16:20:12.306099
AAPL,2019-06-13,39.84,39.84,39.39,39.46,18420974,39.46,-0.3800000000000025,-0.95,2026-09-14 16:20:12.306099
AAPL,2019-06-14,39.46,40.14,39.24,40.01,29964097,40.01,0.5499999999999972,1.39,2026-09-14 16:20:12.306099
AAPL,2019-06-17,40.01,40.61,39.97,40.23,21417287,40.23,0.2199999999999988,0.55,2026-09-14 16:20:12.306099
AAPL,2019-06-18,40.23,40.62,39.9,40.14,64926095,40.14,-0.0899999999999963,-0.22,2026-09-14 16:20:12.306099
AAPL,2019-06-19,40.14,41.98,39.75,41.95,28361183,41.95,1.8100000000000025,4.51,2026-09-14 16:20:12.306099
AAPL,2019-06-20,41.95,42.12,41.04,41.19,93811899,41.19,-0.7600000000000051,-1.81,2026-09-14 16:20:12.306099
AAPL,2019-06-21,41.19,41.78,41.04,41.36,68389741,41.36,0.1700000000000017,0.41,2026-09-14 16:20:12.306099
AAPL,2019-06-24,41.36,42.21,40.98,42.18,61103024,42.18,0.8200000000000003,1.98,2026-09-14 16:20:12.306099
AAPL,2019-06-25,42.18,42.24,41.17,41.39,70616234,41.39,-0.7899999999999991,-1.87,2026-09-14 16:20:12.306099
AAPL,2019-06-26,41.39,42.18,41.29,42.11,86895351,42.11,0.7199999999999989,1.74,2026-09-14 16:20:12.306099
AAPL,2019-06-27,42.11,42.6,41.69,42.3,10673469,42.3,0.1899999999999977,0.45,2026-09-14 16:20:12.306099
AAPL,2019-06-28,42.3,42.68,42.27,42.4,63081098,42.4,0.1000000000000014,0.24,2026-09-14 16:20:12.306099
AAPL,2019-07-01,42.4,43.13,42.24,42.88,72755406,42.88,0.480000000000004,1.13,2026-09-14 16:20:12.306099
AAPL,2019-07-02,42.88,42.97,41.67,41.91,89371649,41.91,-0.970000000000006,-2.26,2026-09-14 16:20:12.306099
AAPL,2019-07-03,41.91,42.54,41.77,42.34,17729758,42.34,0.4300000000000068,1.03,2026-09-14 16:20:12.306099
AAPL,2019-07-04,42.34,42.34,40.49,40.89,30023402,40.89,-1.4500000000000028,-3.42,2026-09-14 16:20:12.306099
AAPL,2019-07-05,40.89,40.96,40.38,40.5,47644958,40.5,-0.3900000000000005,-0.95,2026-09-14 16:20:12.306099
AAPL,2019-07-08,40.5,41.48,40.11,41.15,88776503,41.15,0.6499999999999986,1.6,2026-09-14 16:20:12.306099
AAPL,2019-07-09,41.15,41.7,41.09,41.38,92204299,41.38,0.2300000000000039,0.56,2026-09-14 16:20:12.306099
AAPL,2019-07-10,41.38,41.52,41.06,41.13,11062817,41.13,-0.25,-0.6,2026-09-14 16:20:12.306099
AAPL,2019-07-11,41.13,41.53,40.6,40.64,63296086,40.64,-0.490000000000002,-1.19,2026-09-14 16:20:12.306099
AAPL,2019-07-12,40.64,40.92,40.51,40.69,35511899,40.69,0.0499999999999971,0.12,2026-09-14 16:20:12.306099
AAPL,2019-07-15,40.69,40.77,39.48,39.66,68573103,39.66,-1.0300000000000011,-2.53,2026-09-14 16:20:12.306099
AAPL,2019-07-16,39.66,40.06,39.46,39.69,83757517,39.69,0.0300000000000011,0.08,2026-09-14 16:20:12.306099
AAPL,2019-07-17,39.69,40.37,39.41,40.08,88758990,40.08,0.3900000000000005,0.98,2026-09-14 16:20:12.306099
AAPL,2019-07-18,40.08,40.19,38.43,38.47,64562555,38.47,-1.6099999999999994,-4.02,2026-09-14 16:20:12.306099
AAPL,2019-07-19,38.47,39.83,38.45,39.74,59399883,39.74,1.2700000000000031,3.3,2026-09-14 16:20:12.306099
AAPL,2019-07-22,39.74,40.14,39.42,39.9,83969264,39.9,0.1599999999999966,0.4,2026-09-14 16:20:12.306099
AAPL,2019-07-23,39.9,40.77,39.67,40.54,52559846,40.54,0.6400000000000006,1.6,2026-09-14 16:20:12.306099
AAPL,2019-07-24,40.54,40.63,39.92,40.32,18827184,40.32,-0.2199999999999988,-0.54,2026-09-14 16:20:12.306099
AAPL,2019-07-25,40.32,41.33,40.22,41.08,77110750,41.08,0.759999999999998,1.88,2026-09-14 16:20:12.306099
AAPL,2019-07-26,41.08,42.46,40.84,42.13,19967528,42.13,1.0500000000000045,2.56,2026-09-14 16:20:12.306099
AAPL,2019-07-29,42.13,43.42,42.01,43.09,90037166,43.09,0.9600000000000009,2.28,2026-09-14 16:20:12.306099
AAPL,2019-07-30,43.09,43.57,42.97,43.27,73805006,43.27,0.1799999999999997,0.42,2026-09-14 16:20:12.306099
AAPL,2019-07-31,43.27,44.22,43.13,44.18,31120503,44.18,0.9099999999999966,2.1,2026-09-14 16:20:12.306099
AAPL,2019-08-01,44.18,44.51,43.71,43.92,61365754,43.92,-0.259999999999998,-0.59,2026-09-14 16:20:12.306099
AAPL,2019-08-02,43.92,44.4,43.8,44.34,87371227,44.34,0.4200000000000017,0.96,2026-09-14 16:20:12.306099
AAPL,2019-08-05,44.34,44.51,42.98,43.33,15801168,43.33,-1.0100000000000051,-2.28,2026-09-14 16:20:12.306099
AAPL,2019-08-06,43.33,43.45,42.9,43.35,73548872,43.35,0.0200000000000031,0.05,2026-09-14 16:20:12.306099
AAPL,2019-08-07,43.35,44.94,43.27,44.93,67198716,44.93,1.5799999999999983,3.64,2026-09-14 16:20:12.306099
AAPL,2019-08-08,44.93,45.35,44.57,44.91,50264566,44.91,-0.0200000000000031,-0.04,2026-09-14 16:20:12.306099
AAPL,2019-08-09,44.91,45.2,43.87,44.28,32380719,44.28,-0.6299999999999955,-1.4,2026-09-14 16:20:12.306099
AAPL,2019-08-12,44.28,44.32,43.92,44.2,80455433,44.2,-0.0799999999999983,-0.18,2026-09-14 16:20:12.306099
AAPL,2019-08-13,44.2,44.42,42.89,43.15,23649733,43.15,-1.0500000000000045,-2.38,2026-09-14 16:20:12.306099
AAPL,2019-08-14,43.15,44.5,42.89,44.38,49771096,44.38,1.230000000000004,2.85,2026-09-14 16:20:12.306099
AAPL,2019-08-15,44.38,46.09,44.22,45.68,50142854,45.68,1.2999999999999972,2.93,2026-09-14 16:20:12.306099
AAPL,2019-08-16,45.68,45.77,44.72,45.05,50361243,45.05,-0.6300000000000026,-1.38,2026-09-14 16:20:12.306099
AAPL,2019-08-19,45.05,45.49,44.42,44.78,75120341,44.78,-0.269999999999996,-0.6,2026-09-14 16:20:12.306099
AAPL,2019-08-20,44.78,45.19,43.39,43.54,64986281,43.54,-1.240000000000002,-2.77,2026-09-14 16:20:12.306099
AAPL,2019-08-21,43.54,44.48,43.44,44.37,20251652,44.37,0.8299999999999983,1.91,2026-09-14 16:20:12.306099
AAPL,2019-08-22,44.37,44.71,43.75,44.08,38464783,44.08,-0.2899999999999991,-0.65,2026-09-14 16:20:12.306099
AAPL,2019-08-23,44.08,44.28,43.4,43.63,92717841,43.63,-0.4499999999999957,-1.02,2026-09-14 16:20:12.306099
AAPL,2019-08-26,43.63,44.06,41.83,42.03,14272614,42.03,-1.6000000000000014,-3.67,2026-09-14 16:20:12.306099
AAPL,2019-08-27,42.03,42.19,41.34,41.45,25294653,41.45,-0.5799999999999983,-1.38,2026-09-14 16:20:12.306099
AAPL,2019-08-28,41.45,42.08,41.05,42.0,78475495,42.0,0.5499999999999972,1.33,2026-09-14 16:20:12.306099
AAPL,2019-08-29,42.0,42.28,41.79,41.93,68178433,41.93,-0.0700000000000002,-0.17,2026-09-14 16:20:12.306099
AAPL,2019-08-30,41.93,43.15,41.8,42.75,32966786,42.75,0.8200000000000003,1.96,2026-09-14 16:20:12.306099
AAPL,2019-09-02,42.75,43.03,41.92,42.11,66920161,42.11,-0.6400000000000006,-1.5,2026-09-14 16:20:12.306099
AAPL,2019-09-03,42.11,42.39,41.32,41.43,34555237,41.43,-0.6799999999999997,-1.61,2026-09-14 16:20:12.306099
AAPL,2019-09-04,41.43,41.93,41.3,41.79,50876111,41.79,0.3599999999999994,0.87,2026-09-14 16:20:12.306099
AAPL,2019-09-05,41.79,42.63,41.57,42.54,21598966,42.54,0.75,1.79,2026-09-14 16:20:12.306099
AAPL,2019-09-06,42.54,42.94,42.02,42.2,91099478,42.2,-0.3399999999999963,-0.8,2026-09-14 16:20:12.306099
AAPL,2019-09-09,42.2,42.22,41.39,41.69,78491941,41.69,-0.5100000000000051,-1.21,2026-09-14 16:20:12.306099
AAPL,2019-09-10,41.69,43.57,41.36,43.54,43888485,43.54,1.8500000000000008,4.44,2026-09-14 16:20:12.306099
AAPL,2019-09-11,43.54,43.82,43.11,43.74,15729723,43.74,0.2000000000000028,0.46,2026-09-14 16:20:12.306099
AAPL,2019-09-12,43.74,44.7,43.42,44.42,74054540,44.42,0.6799999999999997,1.55,2026-09-14 16:20:12.306099
AAPL,2019-09-13,44.42,45.52,44.42,45.43,63867564,45.43,1.009999999999998,2.27,2026-09-14 16:20:12.306099
AAPL,2019-09-16,45.43,45.49,44.32,44.4,39857438,44.4,-1.0300000000000011,-2.27,2026-09-14 16:20:12.306099
AAPL,2019-09-17,44.4,44.61,44.0,44.59,38089247,44.59,0.1900000000000048,0.43,2026-09-14 16:20:12.306099
AAPL,2019-09-18,44.59,45.02,43.59,43.65,74343187,43.65,-0.9400000000000048,-2.11,2026-09-14 16:20:12.306099
AAPL,2019-09-19,43.65,44.94,43.61,44.63,26970407,44.63,0.980000000000004,2.25,2026-09-14 16:20:12.306099
AAPL,2019-09-20,44.63,46.37,44.19,46.09,70478608,46.09,1.4600000000000009,3.27,2026-09-14 16:20:12.306099
AAPL,2019-09-23,46.09,48.24,45.78,47.77,13616341,47.77,1.6799999999999995,3.65,2026-09-14 16:20:12.306099
AAPL,2019-09-24,47.77,48.61,47.76,48.44,55651075,48.44,0.6699999999999946,1.4,2026-09-14 16:20:12.306099
AAPL,2019-09-25,48.44,49.22,48.2,49.1,25639919,49.1,0.6600000000000037,1.36,2026-09-14 16:20:12.306099
AAPL,2019-09-26,49.1,49.35,48.74,49.31,87766702,49.31,0.2100000000000008,0.43,2026-09-14 16:20:12.306099
AAPL,2019-09-27,49.31,49.7,49.21,49.56,12417019,49.56,0.25,0.51,2026-09-14 16:20:12.306099
AAPL,2019-09-30,49.56,49.91,48.51,48.83,44924819,48.83,-0.730000000000004,-1.47,2026-09-14 16:20:12.306099
AAPL,2019-10-01,48.83,49.48,48.75,49.43,93861515,49.43,0.6000000000000014,1.23,2026-09-14 16:20:12.306099
AAPL,2019-10-02,49.43,49.89,48.94,49.39,68445335,49.39,-0.0399999999999991,-0.08,2026-09-14 16:20:12.306099
AAPL,2019-10-03,49.39,50.19,49.39,49.99,15631400,49.99,0.6000000000000014,1.21,2026-09-14 16:20:12.306099
AAPL,2019-10-04,49.99,50.03,49.34,49.51,73114372,49.51,-0.480000000000004,-0.96,2026-09-14 16:20:12.306099
AAPL,2019-10-07,49.51,50.29,49.44,49.99,77311144,49.99,0.480000000000004,0.97,2026-09-14 16:20:12.306099
AAPL,2019-10-08,49.99,50.0,49.14,49.28,39754049,49.28,-0.7100000000000009,-1.42,2026-09-14 16:20:12.306099
AAPL,2019-10-09,49.28,50.01,48.9,49.61,72599682,49.61,0.3299999999999983,0.67,2026-09-14 16:20:12.306099
AAPL,2019-10-10,49.61,50.22,49.27,49.82,27535391,49.82,0.2100000000000008,0.42,2026-09-14 16:20:12.306099
AAPL,2019-10-11,49.82,50.06,49.48,49.7,20091084,49.7,-0.1199999999999974,-0.24,2026-09-14 16:20:12.306099
AAPL,2019-10-14,49.7,49.75,49.39,49.47,21929168,49.47,-0.2300000000000039,-0.46,2026-09-14 16:20:12.306099
AAPL,2019-10-15,49.47,50.1,49.29,49.95,38987254,49.95,0.480000000000004,0.97,2026-09-14 16:20:12.306099
AAPL,2019-10-16,49.95,50.54,49.49,50.26,36993241,50.26,0.3099999999999951,0.62,2026-09-14 16:20:12.306099
AAPL,2019-10-17,50.26,50.54,49.01,49.18,82171615,49.18,-1.0799999999999983,-2.15,2026-09-14 16:20:12.306099
AAPL,2019-10-18,49.18,49.45,48.71,49.22,59771170,49.22,0.0399999999999991,0.08,2026-09-14 16:20:12.306099
AAPL,2019-10-21,49.22,49.62,49.2,49.38,82360104,49.38,0.1600000000000037,0.33,2026-09-14 16:20:12.306099
AAPL,2019-10-22,49.38,49.53,47.77,48.04,13867761,48.04,-1.3400000000000034,-2.71,2026-09-14 16:20:12.306099
AAPL,2019-10-23,48.04,48.38,46.83,46.86,52937457,46.86,-1.1799999999999995,-2.46,2026-09-14 16:20:12.306099
AAPL,2019-10-24,46.86,46.97,45.63,45.71,78707016,45.71,-1.1499999999999986,-2.45,2026-09-14 16:20:12.306099
AAPL,2019-10-25,45.71,45.78,44.31,44.74,63528625,44.74,-0.9699999999999988,-2.12,2026-09-14 16:20:12.306099
AAPL,2019-10-28,44.74,45.06,44.26,44.57,83782999,44.57,-0.1700000000000017,-0.38,2026-09-14 16:20:12.306099
AAPL,2019-10-29,44.57,45.75,44.43,45.51,19473183,45.51,0.9399999999999976,2.11,2026-09-14 16:20:12.306099
AAPL,2019-10-30,45.51,45.52,45.1,45.23,18480687,45.23,-0.2800000000000011,-0.62,2026-09-14 16:20:12.306099
AAPL,2019-10-31,45.23,45.52,44.5,44.78,47894942,44.78,-0.4499999999999957,-0.99,2026-09-14 16:20:12.306099
AAPL,2019-11-01,44.78,44.98,43.8,43.95,74841323,43.95,-0.8299999999999983,-1.85,2026-09-14 16:20:12.306099
AAPL,2019-11-04,43.95,45.13,43.74,44.91,96966719,44.91,0.9599999999999936,2.18,2026-09-14 16:20:12.306099
AAPL,2019-11-05,44.91,45.2,44.7,44.98,12383119,44.98,0.0700000000000002,0.16,2026-09-14 16:20:12.306099
AAPL,2019-11-06,44.98,45.12,44.39,44.5,99946803,44.5,-0.4799999999999969,-1.07,2026-09-14 16:20:12.306099
AAPL,2019-11-07,44.5,44.52,43.43,43.46,12295140,43.46,-1.0399999999999991,-2.34,2026-09-14 16:20:12.306099
AAPL,2019-11-08,43.46,44.67,43.06,44.64,94321588,44.64,1.1799999999999995,2.72,2026-09-14 16:20:12.306099
AAPL,2019-11-11,44.64,45.36,44.51,45.08,15757528,45.08,0.4399999999999977,0.99,2026-09-14 16:20:12.306099
AAPL,2019-11-12,45.08,45.13,44.11,44.15,38010079,44.15,-0.9299999999999996,-2.06,2026-09-14 16:20:12.306099
AAPL,2019-11-13,44.15,44.54,43.83,44.35,82121403,44.35,0.2000000000000028,0.45,2026-09-14 16:20:12.306099
AAPL,2019-11-14,44.35,44.73,43.1,43.27,86389487,43.27,-1.0799999999999983,-2.44,2026-09-14 16:20:12.306099
AAPL,2019-11-15,43.27,43.37,42.83,43.24,34747378,43.24,-0.0300000000000011,-0.07,2026-09-14 16:20:12.306099
AAPL,2019-11-18,43.24,43.61,43.08,43.5,41621471,43.5,0.259999999999998,0.6,2026-09-14 16:20:12.306099
AAPL,2019-11-19,43.5,43.89,43.11,43.24,56869354,43.24,-0.259999999999998,-0.6,2026-09-14 16:20:12.306099
AAPL,2019-11-20,43.24,44.86,43.17,44.5,19315924,44.5,1.259999999999998,2.91,2026-09-14 16:20:12.306099
AAPL,2019-11-21,44.5,44.79,44.11,44.46,63066236,44.46,-0.0399999999999991,-0.09,2026-09-14 16:20:12.306099
AAPL,2019-11-22,44.46,44.64,44.19,44.2,20448937,44.2,-0.259999999999998,-0.58,2026-09-14 16:20:12.306099
AAPL,2019-11-25,44.2,44.35,43.09,43.3,42068573,43.3,-0.9000000000000057,-2.04,2026-09-14 16:20:12.306099
AAPL,2019-11-26,43.3,43.51,42.7,42.99,70026594,42.99,-0.3099999999999951,-0.72,2026-09-14 16:20:12.306099
AAPL,2019-11-27,42.99,44.15,42.74,44.0,63678922,44.0,1.009999999999998,2.35,2026-09-14 16:20:12.306099
AAPL,2019-11-28,44.0,45.0,43.69,44.85,68266974,44.85,0.8500000000000014,1.93,2026-09-14 16:20:12.306099
AAPL,2019-11-29,44.85,45.27,44.45,45.07,13267510,45.07,0.2199999999999988,0.49,2026-09-14 16:20:12.306099
AAPL,2019-12-02,45.07,45.65,44.85,45.58,48190278,45.58,0.509999999999998,1.13,2026-09-14 16:20:12.306099
AAPL,2019-12-03,45.58,46.12,45.37,45.7,95884144,45.7,0.1200000000000045,0.26,2026-09-14 16:20:12.306099
AAPL,2019-12-04,45.7,46.91,45.28,46.5,60114917,46.5,0.7999999999999972,1.75,2026-09-14 16:20:12.306099
AAPL,2019-12-05,46.5,47.42,46.25,47.09,95007669,47.09,0.5900000000000034,1.27,2026-09-14 16:20:12.306099
AAPL,2019-12-06,47.09,47.77,47.03,47.64,72877021,47.64,0.5499999999999972,1.17,2026-09-14 16:20:12.306099
AAPL,2019-12-09,47.64,48.4,47.29,48.38,93423732,48.38,0.740000000000002,1.55,2026-09-14 16:20:12.306099
AAPL,2019-12-10,48.38,49.11,48.05,49.06,68316703,49.06,0.6799999999999997,1.41,2026-09-14 16:20:12.306099
AAPL,2019-12-11,49.06,50.16,48.8,49.74,91647763,49.74,0.6799999999999997,1.39,2026-09-14 16:20:12.306099
AAPL,2019-12-12,49.74,50.21,49.49,49.8,32653957,49.8,0.0599999999999951,0.12,2026-09-14 16:20:12.306099
AAPL,2019-12-13,49.8,49.85,49.44,49.77,22057949,49.77,-0.029999999999994,-0.06,2026-09-14 16:20:12.306099
AAPL,2019-12-16,49.77,49.8,49.37,49.52,30887241,49.52,-0.25,-0.5,2026-09-14 16:20:12.306099
AAPL,2019-12-17,49.52,49.91,48.04,48.07,86525531,48.07,-1.4500000000000028,-2.93,2026-09-14 16:20:12.306099
AAPL,2019-12-18,48.07,48.91,47.75,48.74,46235172,48.74,0.6700000000000017,1.39,2026-09-14 16:20:12.306099
AAPL,2019-12-19,48.74,49.16,48.7,48.9,89062493,48.9,0.1599999999999966,0.33,2026-09-14 16:20:12.306099
AAPL,2019-12-20,48.9,49.68,48.63,49.27,60183873,49.27,0.3700000000000045,0.76,2026-09-14 16:20:12.306099
AAPL,2019-12-23,49.27,49.39,46.84,46.87,60574683,46.87,-2.4000000000000057,-4.87,2026-09-14 16:20:12.306099
AAPL,2019-12-24,46.87,47.02,46.01,46.01,63661546,46.01,-0.8599999999999994,-1.83,2026-09-14 16:20:12.306099
AAPL,2019-12-25,46.01,46.28,45.99,46.19,42792541,46.19,0.1799999999999997,0.39,2026-09-14 16:20:12.306099
AAPL,2019-12-26,46.19,46.37,45.88,46.22,78089226,46.22,0.0300000000000011,0.06,2026-09-14 16:20:12.306099
AAPL,2019-12-27,46.22,46.6,45.69,46.0,60331800,46.0,-0.2199999999999988,-0.48,2026-09-14 16:20:12.306099
AAPL,2019-12-30,46.0,46.02,45.54,46.0,80405553,46.0,0.0,0.0,2026-09-14 16:20:12.306099
AAPL,2019-12-31,46.0,46.41,45.19,45.2,81266256,45.2,-0.7999999999999972,-1.74,2026-09-14 16:20:12.306099
AAPL,2020-01-01,45.2,47.09,45.19,46.73,35937937,46.73,1.529999999999994,3.38,2026-09-14 16:20:12.306099
AAPL,2020-01-02,46.73,47.1,46.42,46.71,37113057,46.71,-0.019999999999996,-0.04,2026-09-14 16:20:12.306099
AAPL,2020-01-03,46.71,47.16,45.6,45.8,50241299,45.8,-0.9100000000000036,-1.95,2026-09-14 16:20:12.306099
AAPL,2020-01-06,45.8,46.47,45.55,46.28,48910188,46.28,0.480000000000004,1.05,2026-09-14 16:20:12.306099
AAPL,2020-01-07,46.28,46.71,44.32,44.74,60786658,44.74,-1.5399999999999991,-3.33,2026-09-14 16:20:12.306099
AAPL,2020-01-08,44.74,45.05,43.79,44.16,60668401,44.16,-0.5800000000000054,-1.3,2026-09-14 16:20:12.306099
AAPL,2020-01-09,44.16,45.06,43.86,44.73,77152020,44.73,0.5700000000000003,1.29,2026-09-14 16:20:12.306099
AAPL,2020-01-10,44.73,45.35,44.46,45.12,10223013,45.12,0.3900000000000005,0.87,2026-09-14 16:20:12.306099
AAPL,2020-01-13,45.12,45.4,43.28,43.34,83472136,43.34,-1.779999999999994,-3.95,2026-09-14 16:20:12.306099
AAPL,2020-01-14,43.34,43.67,42.31,42.48,86878225,42.48,-0.8600000000000065,-1.98,2026-09-14 16:20:12.306099
AAPL,2020-01-15,42.48,42.83,42.48,42.58,68038580,42.58,0.1000000000000014,0.24,2026-09-14 16:20:12.306099
AAPL,2020-01-16,42.58,43.64,42.37,43.4,82894282,43.4,0.8200000000000003,1.93,2026-09-14 16:20:12.306099
AAPL,2020-01-17,43.4,43.82,42.98,43.7,73654047,43.7,0.3000000000000042,0.69,2026-09-14 16:20:12.306099
AAPL,2020-01-20,43.7,44.12,42.04,42.43,77983438,42.43,-1.2700000000000031,-2.91,2026-09-14 16:20:12.306099
AAPL,2020-01-21,42.43,42.51,41.23,41.46,78883887,41.46,-0.9699999999999988,-2.29,2026-09-14 16:20:12.306099
AAPL,2020-01-22,41.46,41.82,41.2,41.24,44284631,41.24,-0.2199999999999988,-0.53,2026-09-14 16:20:12.306099
AAPL,2020-01-23,41.24,41.47,41.2,41.29,23817546,41.29,0.0499999999999971,0.12,2026-09-14 16:20:12.306099
AAPL,2020-01-24,41.29,41.49,40.96,40.98,11484213,40.98,-0.3100000000000023,-0.75,2026-09-14 16:20:12.306099
AAPL,2020-01-27,40.98,41.05,39.53,39.81,81579111,39.81,-1.1699999999999946,-2.86,2026-09-14 16:20:12.306099
AAPL,2020-01-28,39.81,41.1,39.75,40.86,37322438,40.86,1.0499999999999972,2.64,2026-09-14 16:20:12.306099
AAPL,2020-01-29,40.86,41.08,40.33,40.69,30272302,40.69,-0.1700000000000017,-0.42,2026-09-14 16:20:12.306099
AAPL,2020-01-30,40.69,40.88,39.54,39.73,99788317,39.73,-0.9600000000000009,-2.36,2026-09-14 16:20:12.306099
AAPL,2020-01-31,39.73,41.05,39.39,40.7,59787876,40.7,0.970000000000006,2.44,2026-09-14 16:20:12.306099
AAPL,2020-02-03,40.7,40.91,39.46,39.57,81919670,39.57,-1.1300000000000026,-2.78,2026-09-14 16:20:12.306099
AAPL,2020-02-04,39.57,39.94,38.4,38.64,56288739,38.64,-0.9299999999999996,-2.35,2026-09-14 16:20:12.306099
AAPL,2020-02-05,38.64,39.63,38.29,39.43,26600136,39.43,0.7899999999999991,2.04,2026-09-14 16:20:12.306099
AAPL,2020-02-06,39.43,40.45,39.09,40.12,53461704,40.12,0.6899999999999977,1.75,2026-09-14 16:20:12.306099
AAPL,2020-02-07,40.12,40.78,39.82,40.65,22640514,40.65,0.5300000000000011,1.32,2026-09-14 16:20:12.306099
AAPL,2020-02-10,40.65,40.83,39.64,39.76,44831540,39.76,-0.8900000000000006,-2.19,2026-09-14 16:20:12.306099
AAPL,2020-02-11,39.76,40.9,39.47,40.8,16634086,40.8,1.0399999999999991,2.62,2026-09-14 16:20:12.306099
AAPL,2020-02-12,40.8,41.12,40.46,40.63,75023004,40.63,-0.1699999999999946,-0.42,2026-09-14 16:20:12.306099
AAPL,2020-02-13,40.63,41.42,40.47,41.09,53579216,41.09,0.4600000000000008,1.13,2026-09-14 16:20:12.306099
AAPL,2020-02-14,41.09,41.21,40.63,40.96,39526402,40.96,-0.1300000000000025,-0.32,2026-09-14 16:20:12.306099
AAPL,2020-02-17,40.96,41.37,40.94,41.33,99790790,41.33,0.3699999999999974,0.9,2026-09-14 16:20:12.306099
AAPL,2020-02-18,41.33,41.78,41.21,41.6,21702249,41.6,0.2700000000000031,0.65,2026-09-14 16:20:12.306099
AAPL,2020-02-19,41.6,41.7,41.21,41.61,10360284,41.61,0.009999999999998,0.02,2026-09-14 16:20:12.306099
AAPL,2020-02-20,41.61,41.71,41.29,41.37,30320059,41.37,-0.240000000000002,-0.58,2026-09-14 16:20:12.306099
AAPL,2020-02-21,41.37,41.8,41.12,41.66,90123214,41.66,0.2899999999999991,0.7,2026-09-14 16:20:12.306099
AAPL,2020-02-24,41.66,43.13,41.51,42.83,24376462,42.83,1.1700000000000017,2.81,2026-09-14 16:20:12.306099
AAPL,2020-02-25,42.83,43.61,42.56,43.19,34976000,43.19,0.3599999999999994,0.84,2026-09-14 16:20:12.306099
AAPL,2020-02-26,43.19,44.23,42.91,43.87,60458755,43.87,0.6799999999999997,1.57,2026-09-14 16:20:12.306099
AAPL,2020-02-27,43.87,44.16,43.46,43.74,27079132,43.74,-0.1299999999999954,-0.3,2026-09-14 16:20:12.306099
AAPL,2020-02-28,43.74,45.44,43.48,45.01,47411506,45.01,1.269999999999996,2.9,2026-09-14 16:20:12.306099
AAPL,2020-03-02,45.01,45.04,44.04,44.41,29498098,44.41,-0.6000000000000014,-1.33,2026-09-14 16:20:12.306099
AAPL,2020-03-03,44.41,45.39,44.28,45.15,12718895,45.15,0.740000000000002,1.67,2026-09-14 16:20:12.306099
AAPL,2020-03-04,45.15,45.7,45.12,45.62,78028995,45.62,0.4699999999999988,1.04,2026-09-14 16:20:12.306099
AAPL,2020-03-05,45.62,45.8,44.48,44.59,87326063,44.59,-1.029999999999994,-2.26,2026-09-14 16:20:12.306099
AAPL,2020-03-06,44.59,45.26,44.45,45.16,28283461,45.16,0.5699999999999932,1.28,2026-09-14 16:20:12.306099
AAPL,2020-03-09,45.16,45.79,45.09,45.75,47534759,45.75,0.5900000000000034,1.31,2026-09-14 16:20:12.306099
AAPL,2020-03-10,45.75,45.78,45.62,45.72,91751110,45.72,-0.0300000000000011,-0.07,2026-09-14 16:20:12.306099
AAPL,2020-03-11,45.72,46.18,45.61,45.87,47782950,45.87,0.1499999999999985,0.33,2026-09-14 16:20:12.306099
AAPL,2020-03-12,45.87,47.63,45.7,47.57,61823944,47.57,1.7000000000000028,3.71,2026-09-14 16:20:12.306099
AAPL,2020-03-13,47.57,49.61,47.43,49.31,41126547,49.31,1.740000000000002,3.66,2026-09-14 16:20:12.306099
AAPL,2020-03-16,49.31,49.74,48.66,48.82,61436422,48.82,-0.490000000000002,-0.99,2026-09-14 16:20:12.306099
AAPL,2020-03-17,48.82,49.24,48.46,49.21,25390313,49.21,0.3900000000000005,0.8,2026-09-14 16:20:12.306099
AAPL,2020-03-18,49.21,49.45,48.62,48.71,18509981,48.71,-0.5,-1.02,2026-09-14 16:20:12.306099
AAPL,2020-03-19,48.71,51.31,48.41,50.83,44326920,50.83,2.119999999999997,4.35,2026-09-14 16:20:12.306099
AAPL,2020-03-20,50.83,51.88,50.78,51.57,58828966,51.57,0.740000000000002,1.46,2026-09-14 16:20:12.306099
AAPL,2020-03-23,51.57,51.78,51.38,51.53,14264581,51.53,-0.0399999999999991,-0.08,2026-09-14 16:20:12.306099
AAPL,2020-03-24,51.53,51.75,50.65,51.1,31965650,51.1,-0.4299999999999997,-0.83,2026-09-14 16:20:12.306099
AAPL,2020-03-25,51.1,52.25,51.07,51.89,23779033,51.89,0.7899999999999991,1.55,2026-09-14 16:20:12.306099
AAPL,2020-03-26,51.89,52.24,51.42,51.64,76077556,51.64,-0.25,-0.48,2026-09-14 16:20:12.306099
AAPL,2020-03-27,51.64,53.02,51.13,52.62,77892496,52.62,0.9799999999999968,1.9,2026-09-14 16:20:12.306099
AAPL,2020-03-30,52.62,53.06,51.37,51.75,82162163,51.75,-0.8699999999999974,-1.65,2026-09-14 16:20:12.306099
AAPL,2020-03-31,51.75,53.11,51.42,52.85,56344574,52.85,1.1000000000000014,2.13,2026-09-14 16:20:12.306099
AAPL,2020-04-01,52.85,53.08,51.2,51.63,81941911,51.63,-1.2199999999999989,-2.31,2026-09-14 16:20:12.306099
AAPL,2020-04-02,51.63,51.76,50.02,50.38,78122754,50.38,-1.25,-2.42,2026-09-14 16:20:12.306099
AAPL,2020-04-03,50.38,50.83,49.5,49.79,62123786,49.79,-0.5900000000000034,-1.17,2026-09-14 16:20:12.306099
AAPL,2020-04-06,49.79,50.27,49.31,49.44,75226259,49.44,-0.3500000000000014,-0.7,2026-09-14 16:20:12.306099
AAPL,2020-04-07,49.44,49.88,49.33,49.66,27006434,49.66,0.2199999999999988,0.44,2026-09-14 16:20:12.306099
AAPL,2020-04-08,49.66,50.23,49.62,49.98,74531752,49.98,0.3200000000000003,0.64,2026-09-14 16:20:12.306099
AAPL,2020-04-09,49.98,50.42,49.82,49.98,28024374,49.98,0.0,0.0,2026-09-14 16:20:12.306099
AAPL,2020-04-10,49.98,50.52,49.75,50.26,77618093,50.26,0.2800000000000011,0.56,2026-09-14 16:20:12.306099
AAPL,2020-04-13,50.26,50.44,49.14,49.27,35033207,49.27,-0.9899999999999948,-1.97,2026-09-14 16:20:12.306099
AAPL,2020-04-14,49.27,49.82,48.78,49.73,39422750,49.73,0.4599999999999937,0.93,2026-09-14 16:20:12.306099
AAPL,2020-04-15,49.73,51.63,49.71,51.5,81102679,51.5,1.7700000000000031,3.56,2026-09-14 16:20:12.306099
AAPL,2020-04-16,51.5,51.75,51.16,51.57,66758187,51.57,0.0700000000000002,0.14,2026-09-14 16:20:12.306099
AAPL,2020-04-17,51.57,52.07,50.81,51.16,83603433,51.16,-0.4100000000000037,-0.8,2026-09-14 16:20:12.306099
AAPL,2020-04-20,51.16,51.81,50.8,51.55,17043310,51.55,0.3900000000000005,0.76,2026-09-14 16:20:12.306099
AAPL,2020-04-21,51.55,52.05,51.43,51.47,85250420,51.47,-0.0799999999999983,-0.16,2026-09-14 16:20:12.306099
AAPL,2020-04-22,51.47,51.59,50.47,50.74,93507240,50.74,-0.7299999999999969,-1.42,2026-09-14 16:20:12.306099
AAPL,2020-04-23,50.74,50.81,49.45,49.62,72833017,49.62,-1.1200000000000043,-2.21,2026-09-14 16:20:12.306099
AAPL,2020-04-24,49.62,49.78,48.91,48.92,23816951,48.92,-0.6999999999999957,-1.41,2026-09-14 16:20:12.306099
AAPL,2020-04-27,48.92,49.77,48.61,49.45,80052442,49.45,0.5300000000000011,1.08,2026-09-14 16:20:12.306099
AAPL,2020-04-28,49.45,50.18,49.44,50.04,28596684,50.04,0.5899999999999963,1.19,2026-09-14 16:20:12.306099
AAPL,2020-04-29,50.04,50.13,49.26,49.27,24170284,49.27,-0.769999999999996,-1.54,2026-09-14 16:20:12.306099
AAPL,2020-04-30,49.27,49.83,48.81,49.52,81835146,49.52,0.25,0.51,2026-09-14 16:20:12.306099
AAPL,2020-05-01,49.52,50.4,49.24,50.33,15543555,50.33,0.8099999999999952,1.64,2026-09-14 16:20:12.306099
AAPL,2020-05-04,50.33,51.1,50.11,50.9,35184332,50.9,0.5700000000000003,1.13,2026-09-14 16:20:12.306099
AAPL,2020-05-05,50.9,51.98,50.51,51.54,66497688,51.54,0.6400000000000006,1.26,2026-09-14 16:20:12.306099
AAPL,2020-05-06,51.54,51.56,50.76,51.13,59048464,51.13,-0.4099999999999966,-0.8,2026-09-14 16:20:12.306099
AAPL,2020-05-07,51.13,51.3,50.22,50.69,66192602,50.69,-0.4400000000000048,-0.86,2026-09-14 16:20:12.306099
AAPL,2020-05-08,50.69,51.59,50.48,51.27,52316404,51.27,0.5800000000000054,1.14,2026-09-14 16:20:12.306099
AAPL,2020-05-11,51.27,52.33,50.92,52.1,13594773,52.1,0.8299999999999983,1.62,2026-09-14 16:20:12.306099
AAPL,2020-05-12,52.1,52.25,51.16,51.51,67845278,51.51,-0.5900000000000034,-1.13,2026-09-14 16:20:12.306099
AAPL,2020-05-13,51.51,51.82,50.56,51.05,55750974,51.05,-0.4600000000000008,-0.89,2026-09-14 16:20:12.306099
AAPL,2020-05-14,51.05,51.41,49.76,49.88,35497525,49.88,-1.1699999999999946,-2.29,2026-09-14 16:20:12.306099
AAPL,2020-05-15,49.88,50.7,49.7,50.56,45186455,50.56,0.6799999999999997,1.36,2026-09-14 16:20:12.306099
AAPL,2020-05-18,50.56,51.74,50.16,51.63,49378272,51.63,1.0700000000000005,2.12,2026-09-14 16:20:12.306099
AAPL,2020-05-19,51.63,52.37,51.38,52.32,12539757,52.32,0.6899999999999977,1.34,2026-09-14 16:20:12.306099
AAPL,2020-05-20,52.32,53.02,51.83,52.84,39171179,52.84,0.5200000000000031,0.99,2026-09-14 16:20:12.306099
AAPL,2020-05-21,52.84,53.41,52.51,53.28,52033811,53.28,0.4399999999999977,0.83,2026-09-14 16:20:12.306099
AAPL,2020-05-22,53.28,53.38,51.44,51.5,20789122,51.5,-1.7800000000000011,-3.34,2026-09-14 16:20:12.306099
AAPL,2020-05-25,51.5,51.71,50.37,50.37,95763591,50.37,-1.1300000000000026,-2.19,2026-09-14 16:20:12.306099
AAPL,2020-05-26,50.37,50.58,49.57,49.93,92313931,49.93,-0.4399999999999977,-0.87,2026-09-14 16:20:12.306099
AAPL,2020-05-27,49.93,50.81,49.44,50.57,13538744,50.57,0.6400000000000006,1.28,2026-09-14 16:20:12.306099
AAPL,2020-05-28,50.57,51.0,48.61,49.06,32929518,49.06,-1.509999999999998,-2.99,2026-09-14 16:20:12.306099
AAPL,2020-05-29,49.06,49.39,48.53,48.78,57085116,48.78,-0.2800000000000011,-0.57,2026-09-14 16:20:12.306099
AAPL,2020-06-01,48.78,49.95,48.63,49.64,46005990,49.64,0.8599999999999994,1.76,2026-09-14 16:20:12.306099
AAPL,2020-06-02,49.64,49.74,49.49,49.56,82926220,49.56,-0.0799999999999983,-0.16,2026-09-14 16:20:12.306099
AAPL,2020-06-03,49.56,49.82,48.9,49.09,70164486,49.09,-0.4699999999999988,-0.95,2026-09-14 16:20:12.306099
AAPL,2020-06-04,49.09,49.52,48.17,48.44,83789660,48.44,-0.6500000000000057,-1.32,2026-09-14 16:20:12.306099
AAPL,2020-06-05,48.44,48.67,47.76,48.18,44773654,48.18,-0.259999999999998,-0.54,2026-09-14 16:20:12.306099
AAPL,2020-06-08,48.18,48.32,47.75,48.0,59036503,48.0,-0.1799999999999997,-0.37,2026-09-14 16:20:12.306099
AAPL,2020-06-09,48.0,48.4,47.89,48.19,88015785,48.19,0.1899999999999977,0.4,2026-09-14 16:20:12.306099
AAPL,2020-06-10,48.19,50.52,48.09,50.05,60405172,50.05,1.86,3.86,2026-09-14 16:20:12.306099
AAPL,2020-06-11,50.05,50.72,49.98,50.31,91894345,50.31,0.2600000000000051,0.52,2026-09-14 16:20:12.306099
AAPL,2020-06-12,50.31,50.6,49.9,50.15,13242241,50.15,-0.1600000000000037,-0.32,2026-09-14 16:20:12.306099
AAPL,2020-06-15,50.15,51.96,49.98,51.82,68419143,51.82,1.6700000000000017,3.33,2026-09-14 16:20:12.306099
AAPL,2020-06-16,51.82,54.43,51.79,54.38,26709192,54.38,2.5600000000000023,4.94,2026-09-14 16:20:12.306099
AAPL,2020-06-17,54.38,54.71,53.56,53.65,89354748,53.65,-0.730000000000004,-1.34,2026-09-14 16:20:12.306099
AAPL,2020-06-18,53.65,53.7,51.39,51.85,36579481,51.85,-1.7999999999999972,-3.36,2026-09-14 16:20:12.306099
AAPL,2020-06-19,51.85,52.72,51.36,52.21,74342520,52.21,0.3599999999999994,0.69,2026-09-14 16:20:12.306099
AAPL,2020-06-22,52.21,54.08,51.7,53.76,95222460,53.76,1.5499999999999972,2.97,2026-09-14 16:20:12.306099
AAPL,2020-06-23,53.76,55.59,53.59,55.37,21675529,55.37,1.6099999999999994,2.99,2026-09-14 16:20:12.306099
AAPL,2020-06-24,55.37,55.52,54.16,54.35,18132298,54.35,-1.019999999999996,-1.84,2026-09-14 16:20:12.306099
AAPL,2020-06-25,54.35,54.98,54.27,54.74,95846490,54.74,0.3900000000000005,0.72,2026-09-14 16:20:12.306099
AAPL,2020-06-26,54.74,55.32,54.63,55.03,16872562,55.03,0.2899999999999991,0.53,2026-09-14 16:20:12.306099
AAPL,2020-06-29,55.03,56.29,54.95,56.26,54413574,56.26,1.2299999999999969,2.24,2026-09-14 16:20:12.306099
AAPL,2020-06-30,56.26,56.3,55.59,55.84,62312232,55.84,-0.4199999999999946,-0.75,2026-09-14 16:20:12.306099
AAPL,2020-07-01,55.84,56.04,54.38,54.42,29811797,54.42,-1.4200000000000017,-2.54,2026-09-14 16:20:12.306099
AAPL,2020-07-02,54.42,54.95,52.32,52.85,98165951,52.85,-1.5700000000000005,-2.88,2026-09-14 16:20:12.306099
AAPL,2020-07-03,52.85,53.2,52.68,53.16,31394293,53.16,0.3099999999999951,0.59,2026-09-14 16:20:12.306099
AAPL,2020-07-06,53.16,53.21,52.69,52.93,40569621,52.93,-0.2299999999999968,-0.43,2026-09-14 16:20:12.306099
AAPL,2020-07-07,52.93,53.31,51.75,51.94,86668107,51.94,-0.990000000000002,-1.87,2026-09-14 16:20:12.306099
AAPL,2020-07-08,51.94,54.49,51.84,54.2,54577055,54.2,2.260000000000005,4.35,2026-09-14 16:20:12.306099
AAPL,2020-07-09,54.2,54.29,53.63,53.96,33740743,53.96,-0.240000000000002,-0.44,2026-09-14 16:20:12.306099
AAPL,2020-07-10,53.96,54.85,53.94,54.35,60863330,54.35,0.3900000000000005,0.72,2026-09-14 16:20:12.306099
AAPL,2020-07-13,54.35,55.14,54.1,55.0,17896400,55.0,0.6499999999999986,1.2,2026-09-14 16:20:12.306099
AAPL,2020-07-14,55.0,55.12,53.49,53.59,38339063,53.59,-1.4099999999999966,-2.56,2026-09-14 16:20:12.306099
AAPL,2020-07-15,53.59,54.75,53.08,54.32,68676611,54.32,0.7299999999999969,1.36,2026-09-14 16:20:12.306099
AAPL,2020-07-16,54.32,54.78,53.83,54.52,55978943,54.52,0.2000000000000028,0.37,2026-09-14 16:20:12.306099
AAPL,2020-07-17,54.52,56.33,54.22,55.98,21161783,55.98,1.4599999999999935,2.68,2026-09-14 16:20:12.306099
AAPL,2020-07-20,55.98,56.35,55.5,56.17,44095830,56.17,0.1900000000000048,0.34,2026-09-14 16:20:12.306099
AAPL,2020-07-21,56.17,57.75,55.75,57.5,22175373,57.5,1.3299999999999983,2.37,2026-09-14 16:20:12.306099
AAPL,2020-07-22,57.5,57.77,56.6,56.74,31734064,56.74,-0.759999999999998,-1.32,2026-09-14 16:20:12.306099
AAPL,2020-07-23,56.74,57.18,56.21,56.77,70213368,56.77,0.0300000000000011,0.05,2026-09-14 16:20:12.306099
AAPL,2020-07-24,56.77,57.03,55.66,56.13,86469148,56.13,-0.6400000000000006,-1.13,2026-09-14 16:20:12.306099
AAPL,2020-07-27,56.13,57.19,55.91,56.65,82007026,56.65,0.519999999999996,0.93,2026-09-14 16:20:12.306099
AAPL,2020-07-28,56.65,57.05,55.55,55.64,62752325,55.64,-1.009999999999998,-1.78,2026-09-14 16:20:12.306099
AAPL,2020-07-29,55.64,56.08,53.92,54.07,72569334,54.07,-1.5700000000000005,-2.82,2026-09-14 16:20:12.306099
AAPL,2020-07-30,54.07,54.17,53.21,53.42,68240690,53.42,-0.6499999999999986,-1.2,2026-09-14 16:20:12.306099
AAPL,2020-07-31,53.42,54.23,53.4,54.14,46593832,54.14,0.7199999999999989,1.35,2026-09-14 16:20:12.306099
AAPL,2020-08-03,54.14,54.45,53.7,53.79,50562409,53.79,-0.3500000000000014,-0.65,2026-09-14 16:20:12.306099
AAPL,2020-08-04,53.79,53.93,52.31,52.7,37868682,52.7,-1.0899999999999963,-2.03,2026-09-14 16:20:12.306099
AAPL,2020-08-05,52.7,53.46,52.42,52.97,65532061,52.97,0.269999999999996,0.51,2026-09-14 16:20:12.306099
AAPL,2020-08-06,52.97,53.64,52.91,53.54,78833165,53.54,0.5700000000000003,1.08,2026-09-14 16:20:12.306099
AAPL,2020-08-07,53.54,53.64,52.8,52.92,39088656,52.92,-0.6199999999999974,-1.16,2026-09-14 16:20:12.306099
AAPL,2020-08-10,52.92,53.51,52.55,53.18,91467348,53.18,0.259999999999998,0.49,2026-09-14 16:20:12.306099
AAPL,2020-08-11,53.18,53.53,52.58,52.87,37525351,52.87,-0.3100000000000023,-0.58,2026-09-14 16:20:12.306099
AAPL,2020-08-12,52.87,53.27,52.5,53.22,75508634,53.22,0.3500000000000014,0.66,2026-09-14 16:20:12.306099
AAPL,2020-08-13,53.22,53.66,53.04,53.38,84496660,53.38,0.1600000000000037,0.3,2026-09-14 16:20:12.306099
AAPL,2020-08-14,53.38,53.65,52.66,53.07,34108804,53.07,-0.3100000000000023,-0.58,2026-09-14 16:20:12.306099
AAPL,2020-08-17,53.07,53.53,51.61,51.78,53519498,51.78,-1.2899999999999991,-2.43,2026-09-14 16:20:12.306099
AAPL,2020-08-18,51.78,52.19,50.72,51.18,44672235,51.18,-0.6000000000000014,-1.16,2026-09-14 16:20:12.306099
AAPL,2020-08-19,51.18,51.25,49.79,50.05,53134604,50.05,-1.1300000000000026,-2.21,2026-09-14 16:20:12.306099
AAPL,2020-08-20,50.05,50.5,49.03,49.39,66413461,49.39,-0.6599999999999966,-1.32,2026-09-14 16:20:12.306099
AAPL,2020-08-21,49.39,49.65,48.53,48.78,11833162,48.78,-0.6099999999999994,-1.24,2026-09-14 16:20:12.306099
AAPL,2020-08-24,48.78,49.2,48.41,48.75,81613775,48.75,-0.0300000000000011,-0.06,2026-09-14 16:20:12.306099
AAPL,2020-08-25,48.75,49.01,48.59,48.61,44469814,48.61,-0.1400000000000005,-0.29,2026-09-14 16:20:12.306099
AAPL,2020-08-26,48.61,49.51,48.59,49.38,72136729,49.38,0.7700000000000031,1.58,2026-09-14 16:20:12.306099
AAPL,2020-08-27,49.38,50.1,49.26,49.89,58404735,49.89,0.509999999999998,1.03,2026-09-14 16:20:12.306099
AAPL,2020-08-28,49.89,50.91,49.6,50.67,10569218,50.67,0.7800000000000011,1.56,2026-09-14 16:20:12.306099
AAPL,2020-08-31,50.67,50.93,50.44,50.89,28663558,50.89,0.2199999999999988,0.43,2026-09-14 16:20:12.306099
AAPL,2020-09-01,50.89,51.2,50.46,51.06,45672385,51.06,0.1700000000000017,0.33,2026-09-14 16:20:12.306099
AAPL,2020-09-02,51.06,51.19,50.96,50.97,46373908,50.97,-0.0900000000000034,-0.18,2026-09-14 16:20:12.306099
AAPL,2020-09-03,50.97,51.21,50.34,50.83,73615525,50.83,-0.1400000000000005,-0.27,2026-09-14 16:20:12.306099
AAPL,2020-09-04,50.83,50.98,48.05,48.44,60000262,48.44,-2.390000000000001,-4.7,2026-09-14 16:20:12.306099
AAPL,2020-09-07,48.44,49.89,48.12,49.4,90893520,49.4,0.9600000000000009,1.98,2026-09-14 16:20:12.306099
AAPL,2020-09-08,49.4,50.38,49.06,50.31,53588402,50.31,0.9100000000000036,1.84,2026-09-14 16:20:12.306099
AAPL,2020-09-09,50.31,50.72,49.86,49.92,22052407,49.92,-0.3900000000000005,-0.78,2026-09-14 16:20:12.306099
AAPL,2020-09-10,49.92,50.16,49.19,49.23,75131050,49.23,-0.6900000000000048,-1.38,2026-09-14 16:20:12.306099
AAPL,2020-09-11,49.23,50.13,49.09,49.72,56722670,49.72,0.490000000000002,1.0,2026-09-14 16:20:12.306099
AAPL,2020-09-14,49.72,50.66,49.63,50.22,19212602,50.22,0.5,1.01,2026-09-14 16:20:12.306099
AAPL,2020-09-15,50.22,50.63,49.85,49.9,65298474,49.9,-0.3200000000000003,-0.64,2026-09-14 16:20:12.306099
AAPL,2020-09-16,49.9,51.61,49.81,51.22,15546159,51.22,1.3200000000000005,2.65,2026-09-14 16:20:12.306099
AAPL,2020-09-17,51.22,51.33,50.28,50.63,42102351,50.63,-0.5899999999999963,-1.15,2026-09-14 16:20:12.306099
AAPL,2020-09-18,50.63,51.72,50.34,51.66,26697177,51.66,1.029999999999994,2.03,2026-09-14 16:20:12.306099
AAPL,2020-09-21,51.66,51.69,50.56,51.06,71607428,51.06,-0.5999999999999943,-1.16,2026-09-14 16:20:12.306099
AAPL,2020-09-22,51.06,51.75,50.89,51.74,23753193,51.74,0.6799999999999997,1.33,2026-09-14 16:20:12.306099
AAPL,2020-09-23,51.74,52.19,51.23,51.54,25881188,51.54,-0.2000000000000028,-0.39,2026-09-14 16:20:12.306099
AAPL,2020-09-24,51.54,52.0,51.04,51.87,12948150,51.87,0.3299999999999983,0.64,2026-09-14 16:20:12.306099
AAPL,2020-09-25,51.87,53.57,51.83,53.16,25468242,53.16,1.2899999999999991,2.49,2026-09-14 16:20:12.306099
AAPL,2020-09-28,53.16,53.62,52.73,53.02,68977616,53.02,-0.1399999999999934,-0.26,2026-09-14 16:20:12.306099
AAPL,2020-09-29,53.02,53.46,52.41,52.66,55791382,52.66,-0.3600000000000065,-0.68,2026-09-14 16:20:12.306099
AAPL,2020-09-30,52.66,54.69,52.21,54.55,11870814,54.55,1.8900000000000008,3.59,2026-09-14 16:20:12.306099
AAPL,2020-10-01,54.55,56.42,54.36,55.97,23484954,55.97,1.4200000000000017,2.6,2026-09-14 16:20:12.306099
AAPL,2020-10-02,55.97,56.27,54.94,55.41,16358564,55.41,-0.5600000000000023,-1.0,2026-09-14 16:20:12.306099
AAPL,2020-10-05,55.41,56.13,54.88,55.87,35110882,55.87,0.4600000000000008,0.83,2026-09-14 16:20:12.306099
AAPL,2020-10-06,55.87,56.36,54.36,54.51,83525325,54.51,-1.3599999999999994,-2.43,2026-09-14 16:20:12.306099
AAPL,2020-10-07,54.51,54.79,53.28,53.51,83395248,53.51,-1.0,-1.83,2026-09-14 16:20:12.306099
AAPL,2020-10-08,53.51,54.5,52.97,54.09,53066121,54.09,0.5800000000000054,1.08,2026-09-14 16:20:12.306099
AAPL,2020-10-09,54.09,54.56,53.25,53.37,13785979,53.37,-0.720000000000006,-1.33,2026-09-14 16:20:12.306099
AAPL,2020-10-12,53.37,54.15,53.21,53.69,73000913,53.69,0.3200000000000003,0.6,2026-09-14 16:20:12.306099
AAPL,2020-10-13,53.69,53.96,53.36,53.77,21678147,53.77,0.0800000000000054,0.15,2026-09-14 16:20:12.306099
AAPL,2020-10-14,53.77,54.22,53.28,54.14,29475037,54.14,0.3699999999999974,0.69,2026-09-14 16:20:12.306099
AAPL,2020-10-15,54.14,56.54,54.09,56.2,15874951,56.2,2.0600000000000023,3.8,2026-09-14 16:20:12.306099
AAPL,2020-10-16,56.2,56.54,54.74,55.19,46266646,55.19,-1.0100000000000051,-1.8,2026-09-14 16:20:12.306099
AAPL,2020-10-19,55.19,55.51,53.28,53.56,71925555,53.56,-1.6299999999999957,-2.95,2026-09-14 16:20:12.306099
AAPL,2020-10-20,53.56,53.94,51.13,51.64,41526805,51.64,-1.9200000000000017,-3.58,2026-09-14 16:20:12.306099
AAPL,2020-10-21,51.64,51.71,51.12,51.4,40983200,51.4,-0.240000000000002,-0.46,2026-09-14 16:20:12.306099
AAPL,2020-10-22,51.4,51.73,50.82,51.09,81823555,51.09,-0.3099999999999951,-0.6,2026-09-14 16:20:12.306099
AAPL,2020-10-23,51.09,51.51,50.96,50.96,65770962,50.96,-0.1300000000000025,-0.25,2026-09-14 16:20:12.306099
AAPL,2020-10-26,50.96,52.48,50.53,52.07,45725922,52.07,1.1099999999999994,2.18,2026-09-14 16:20:12.306099
AAPL,2020-10-27,52.07,53.89,51.75,53.59,15302380,53.59,1.5200000000000031,2.92,2026-09-14 16:20:12.306099
AAPL,2020-10-28,53.59,53.89,52.9,52.93,76730212,52.93,-0.6600000000000037,-1.23,2026-09-14 16:20:12.306099
AAPL,2020-10-29,52.93,53.42,52.24,52.29,94574822,52.29,-0.6400000000000006,-1.21,2026-09-14 16:20:12.306099
AAPL,2020-10-30,52.29,52.54,50.96,51.39,16328002,51.39,-0.8999999999999986,-1.72,2026-09-14 16:20:12.306099
AAPL,2020-11-02,51.39,51.59,51.13,51.58,83043707,51.58,0.1899999999999977,0.37,2026-09-14 16:20:12.306099
AAPL,2020-11-03,51.58,51.67,51.28,51.61,31086604,51.61,0.0300000000000011,0.06,2026-09-14 16:20:12.306099
AAPL,2020-11-04,51.61,52.1,50.24,50.63,88945782,50.63,-0.9799999999999968,-1.9,2026-09-14 16:20:12.306099
AAPL,2020-11-05,50.63,51.25,50.54,50.83,16151310,50.83,0.1999999999999957,0.4,2026-09-14 16:20:12.306099
AAPL,2020-11-06,50.83,50.85,50.13,50.58,72239873,50.58,-0.25,-0.49,2026-09-14 16:20:12.306099
AAPL,2020-11-09,50.58,50.74,49.62,49.86,76752132,49.86,-0.7199999999999989,-1.42,2026-09-14 16:20:12.306099
AAPL,2020-11-10,49.86,51.5,49.53,51.22,98092778,51.22,1.3599999999999994,2.73,2026-09-14 16:20:12.306099
AAPL,2020-11-11,51.22,51.46,50.49,50.79,23196082,50.79,-0.4299999999999997,-0.84,2026-09-14 16:20:12.306099
AAPL,2020-11-12,50.79,50.93,50.0,50.06,56083774,50.06,-0.7299999999999969,-1.44,2026-09-14 16:20:12.306099
AAPL,2020-11-13,50.06,50.35,48.83,48.91,75123543,48.91,-1.1500000000000057,-2.3,2026-09-14 16:20:12.306099
AAPL,2020-11-16,48.91,49.7,48.9,49.26,56979764,49.26,0.3500000000000014,0.72,2026-09-14 16:20:12.306099
AAPL,2020-11-17,49.26,49.37,48.69,48.92,85781758,48.92,-0.3399999999999963,-0.69,2026-09-14 16:20:12.306099
AAPL,2020-11-18,48.92,49.78,48.85,49.63,74812640,49.63,0.7100000000000009,1.45,2026-09-14 16:20:12.306099
AAPL,2020-11-19,49.63,49.73,48.62,48.99,56703739,48.99,-0.6400000000000006,-1.29,2026-09-14 16:20:12.306099
AAPL,2020-11-20,48.99,49.17,48.39,48.6,26230788,48.6,-0.3900000000000005,-0.8,2026-09-14 16:20:12.306099
AAPL,2020-11-23,48.6,48.74,48.22,48.67,81820706,48.67,0.0700000000000002,0.14,2026-09-14 16:20:12.306099
AAPL,2020-11-24,48.67,50.14,48.53,50.13,52150396,50.13,1.4600000000000009,3.0,2026-09-14 16:20:12.306099
AAPL,2020-11-25,50.13,50.6,49.3,49.48,88752098,49.48,-0.6500000000000057,-1.3,2026-09-14 16:20:12.306099
AAPL,2020-11-26,49.48,49.9,49.46,49.71,76824036,49.71,0.2300000000000039,0.46,2026-09-14 16:20:12.306099
AAPL,2020-11-27,49.71,50.13,49.33,50.01,58124504,50.01,0.2999999999999971,0.6,2026-09-14 16:20:12.306099
AAPL,2020-11-30,50.01,50.23,49.75,50.23,37445996,50.23,0.2199999999999988,0.44,2026-09-14 16:20:12.306099
AAPL,2020-12-01,50.23,50.54,49.62,49.74,63298643,49.74,-0.4899999999999949,-0.98,2026-09-14 16:20:12.306099
AAPL,2020-12-02,49.74,49.92,49.67,49.83,31317454,49.83,0.0899999999999963,0.18,2026-09-14 16:20:12.306099
AAPL,2020-12-03,49.83,49.98,48.98,49.43,84822591,49.43,-0.3999999999999986,-0.8,2026-09-14 16:20:12.306099
AAPL,2020-12-04,49.43,49.71,47.58,47.85,84586378,47.85,-1.5799999999999983,-3.2,2026-09-14 16:20:12.306099
AAPL,2020-12-07,47.85,48.88,47.71,48.73,13678299,48.73,0.8799999999999955,1.84,2026-09-14 16:20:12.306099
AAPL,2020-12-08,48.73,49.16,47.88,48.32,19867181,48.32,-0.4099999999999966,-0.84,2026-09-14 16:20:12.306099
AAPL,2020-12-09,48.32,49.48,48.08,49.3,59924757,49.3,0.9799999999999968,2.03,2026-09-14 16:20:12.306099
AAPL,2020-12-10,49.3,50.03,48.82,49.61,68806433,49.61,0.3100000000000023,0.63,2026-09-14 16:20:12.306099
AAPL,2020-12-11,49.61,50.34,49.45,50.08,23408004,50.08,0.4699999999999988,0.95,2026-09-14 16:20:12.306099
AAPL,2020-12-14,50.08,50.1,48.36,48.76,47882052,48.76,-1.3200000000000005,-2.64,2026-09-14 16:20:12.306099
AAPL,2020-12-15,48.76,48.92,47.97,48.44,25742525,48.44,-0.3200000000000003,-0.66,2026-09-14 16:20:12.306099
AAPL,2020-12-16,48.44,48.82,48.12,48.74,99270578,48.74,0.3000000000000042,0.62,2026-09-14 16:20:12.306099
AAPL,2020-12-17,48.74,50.03,48.6,49.59,68310992,49.59,0.8500000000000014,1.74,2026-09-14 16:20:12.306099
AAPL,2020-12-18,49.59,50.49,49.26,50.24,58268779,50.24,0.6499999999999986,1.31,2026-09-14 16:20:12.306099
AAPL,2020-12-21,50.24,52.27,49.76,51.84,51327648,51.84,1.6000000000000014,3.18,2026-09-14 16:20:12.306099
AAPL,2020-12-22,51.84,52.25,51.6,51.72,87800534,51.72,-0.1200000000000045,-0.23,2026-09-14 16:20:12.306099
AAPL,2020-12-23,51.72,52.42,51.66,52.01,35954803,52.01,0.2899999999999991,0.56,2026-09-14 16:20:12.306099
AAPL,2020-12-24,52.01,52.29,51.22,51.66,99651453,51.66,-0.3500000000000014,-0.67,2026-09-14 16:20:12.306099
AAPL,2020-12-25,51.66,53.28,51.47,53.14,53102656,53.14,1.480000000000004,2.86,2026-09-14 16:20:12.306099
AAPL,2020-12-28,53.14,53.6,51.86,52.26,11696642,52.26,-0.8800000000000026,-1.66,2026-09-14 16:20:12.306099
AAPL,2020-12-29,52.26,52.58,51.58,51.82,21758073,51.82,-0.4399999999999977,-0.84,2026-09-14 16:20:12.306099
AAPL,2020-12-30,51.82,52.03,51.29,51.39,78067640,51.39,-0.4299999999999997,-0.83,2026-09-14 16:20:12.306099
AAPL,2020-12-31,51.39,52.87,51.12,52.56,88968437,52.56,1.1700000000000017,2.28,2026-09-14 16:20:12.306099
AAPL,2021-01-01,52.56,52.62,50.8,50.96,48809347,50.96,-1.6000000000000014,-3.04,2026-09-14 16:20:12.306099
AAPL,2021-01-04,50.96,51.34,50.14,50.27,17629726,50.27,-0.6899999999999977,-1.35,2026-09-14 16:20:12.306099
AAPL,2021-01-05,50.27,50.94,49.84,50.55,76001036,50.55,0.279999999999994,0.56,2026-09-14 16:20:12.306099
AAPL,2021-01-06,50.55,51.61,50.2,51.24,31092996,51.24,0.6900000000000048,1.36,2026-09-14 16:20:12.306099
AAPL,2021-01-07,51.24,52.31,51.08,51.91,68857583,51.91,0.6699999999999946,1.31,2026-09-14 16:20:12.306099
AAPL,2021-01-08,51.91,52.18,50.47,50.52,69959544,50.52,-1.3899999999999937,-2.68,2026-09-14 16:20:12.306099
AAPL,2021-01-11,50.52,51.05,50.49,50.86,12666869,50.86,0.3399999999999963,0.67,2026-09-14 16:20:12.306099
AAPL,2021-01-12,50.86,51.87,50.68,51.61,34738936,51.61,0.75,1.47,2026-09-14 16:20:12.306099
AAPL,2021-01-13,51.61,51.74,49.25,49.61,35538228,49.61,-2.0,-3.88,2026-09-14 16:20:12.306099
AAPL,2021-01-14,49.61,49.95,48.64,48.64,70817366,48.64,-0.9699999999999988,-1.96,2026-09-14 16:20:12.306099
AAPL,2021-01-15,48.64,49.01,48.27,48.65,75169651,48.65,0.009999999999998,0.02,2026-09-14 16:20:12.306099
AAPL,2021-01-18,48.65,49.35,48.17,49.01,31836283,49.01,0.3599999999999994,0.74,2026-09-14 16:20:12.306099
AAPL,2021-01-19,49.01,49.4,48.69,48.77,69452530,48.77,-0.2399999999999948,-0.49,2026-09-14 16:20:12.306099
AAPL,2021-01-20,48.77,48.79,48.45,48.72,61828953,48.72,-0.0500000000000042,-0.1,2026-09-14 16:20:12.306099
AAPL,2021-01-21,48.72,49.63,48.64,49.19,42777523,49.19,0.4699999999999988,0.96,2026-09-14 16:20:12.306099
AAPL,2021-01-22,49.19,49.29,48.07,48.47,17116225,48.47,-0.7199999999999989,-1.46,2026-09-14 16:20:12.306099
AAPL,2021-01-25,48.47,49.28,48.14,49.24,81154134,49.24,0.7700000000000031,1.59,2026-09-14 16:20:12.306099
AAPL,2021-01-26,49.24,49.73,48.46,48.79,79215572,48.79,-0.4500000000000028,-0.91,2026-09-14 16:20:12.306099
AAPL,2021-01-27,48.79,49.23,48.44,48.75,89519626,48.75,-0.0399999999999991,-0.08,2026-09-14 16:20:12.306099
AAPL,2021-01-28,48.75,48.99,47.84,48.19,28244957,48.19,-0.5600000000000023,-1.15,2026-09-14 16:20:12.306099
AAPL,2021-01-29,48.19,48.66,47.7,47.91,26363390,47.91,-0.2800000000000011,-0.58,2026-09-14 16:20:12.306099
AAPL,2021-02-01,47.91,48.1,46.78,47.07,93071319,47.07,-0.8399999999999963,-1.75,2026-09-14 16:20:12.306099
AAPL,2021-02-02,47.07,47.38,44.93,45.25,38964625,45.25,-1.8200000000000005,-3.87,2026-09-14 16:20:12.306099
AAPL,2021-02-03,45.25,46.23,45.2,46.13,97593039,46.13,0.8800000000000026,1.94,2026-09-14 16:20:12.306099
AAPL,2021-02-04,46.13,47.61,45.82,47.46,52031652,47.46,1.3299999999999983,2.88,2026-09-14 16:20:12.306099
AAPL,2021-02-05,47.46,48.12,47.4,47.98,59438627,47.98,0.519999999999996,1.1,2026-09-14 16:20:12.306099
AAPL,2021-02-08,47.98,48.23,47.23,47.33,94474960,47.33,-0.6499999999999986,-1.35,2026-09-14 16:20:12.306099
AAPL,2021-02-09,47.33,47.76,47.15,47.2,66056586,47.2,-0.1299999999999954,-0.27,2026-09-14 16:20:12.306099
AAPL,2021-02-10,47.2,48.02,47.11,47.87,33851917,47.87,0.6699999999999946,1.42,2026-09-14 16:20:12.306099
AAPL,2021-02-11,47.87,48.14,47.71,47.93,34414666,47.93,0.0600000000000022,0.13,2026-09-14 16:20:12.306099
AAPL,2021-02-12,47.93,48.12,47.77,48.09,72077676,48.09,0.1600000000000037,0.33,2026-09-14 16:20:12.306099
AAPL,2021-02-15,48.09,48.45,48.0,48.34,10083349,48.34,0.25,0.52,2026-09-14 16:20:12.306099
AAPL,2021-02-16,48.34,48.68,48.21,48.66,99532308,48.66,0.3199999999999932,0.66,2026-09-14 16:20:12.306099
AAPL,2021-02-17,48.66,49.37,48.51,49.27,51733412,49.27,0.6100000000000065,1.25,2026-09-14 16:20:12.306099
AAPL,2021-02-18,49.27,49.66,48.35,48.41,21200396,48.41,-0.8600000000000065,-1.75,2026-09-14 16:20:12.306099
AAPL,2021-02-19,48.41,48.83,47.72,48.15,19662926,48.15,-0.259999999999998,-0.54,2026-09-14 16:20:12.306099
AAPL,2021-02-22,48.15,49.08,47.82,49.01,92478992,49.01,0.8599999999999994,1.79,2026-09-14 16:20:12.306099
AAPL,2021-02-23,49.01,50.62,48.72,50.58,46766500,50.58,1.5700000000000005,3.2,2026-09-14 16:20:12.306099
AAPL,2021-02-24,50.58,51.47,50.14,51.3,34633036,51.3,0.7199999999999989,1.42,2026-09-14 16:20:12.306099
AAPL,2021-02-25,51.3,52.05,51.28,51.89,35312137,51.89,0.5900000000000034,1.15,2026-09-14 16:20:12.306099
AAPL,2021-02-26,51.89,52.44,51.84,52.36,21914676,52.36,0.4699999999999988,0.91,2026-09-14 16:20:12.306099
AAPL,2021-03-01,52.36,53.43,51.87,52.97,14190503,52.97,0.6099999999999994,1.17,2026-09-14 16:20:12.306099
AAPL,2021-03-02,52.97,53.36,52.34,52.87,41308359,52.87,-0.1000000000000014,-0.19,2026-09-14 16:20:12.306099
AAPL,2021-03-03,52.87,53.41,52.42,53.17,75573427,53.17,0.3000000000000042,0.57,2026-09-14 16:20:12.306099
AAPL,2021-03-04,53.17,53.3,51.93,52.31,86907418,52.31,-0.8599999999999994,-1.62,2026-09-14 16:20:12.306099
AAPL,2021-03-05,52.31,52.66,51.77,51.97,53064409,51.97,-0.3400000000000034,-0.65,2026-09-14 16:20:12.306099
AAPL,2021-03-08,51.97,52.38,51.19,51.7,49992954,51.7,-0.269999999999996,-0.52,2026-09-14 16:20:12.306099
AAPL,2021-03-09,51.7,51.89,50.04,50.11,36724486,50.11,-1.5900000000000034,-3.08,2026-09-14 16:20:12.306099
AAPL,2021-03-10,50.11,51.73,50.03,51.5,41176607,51.5,1.3900000000000006,2.77,2026-09-14 16:20:12.306099
AAPL,2021-03-11,51.5,51.97,51.19,51.84,91106327,51.84,0.3400000000000034,0.66,2026-09-14 16:20:12.306099
AAPL,2021-03-12,51.84,52.25,51.66,52.15,63133228,52.15,0.3099999999999951,0.6,2026-09-14 16:20:12.306099
AAPL,2021-03-15,52.15,52.27,51.92,52.19,58876002,52.19,0.0399999999999991,0.08,2026-09-14 16:20:12.306099
AAPL,2021-03-16,52.19,52.69,52.15,52.37,40294633,52.37,0.1799999999999997,0.34,2026-09-14 16:20:12.306099
AAPL,2021-03-17,52.37,52.51,51.65,51.96,46902674,51.96,-0.4099999999999966,-0.78,2026-09-14 16:20:12.306099
AAPL,2021-03-18,51.96,52.44,51.16,51.34,31300831,51.34,-0.6199999999999974,-1.19,2026-09-14 16:20:12.306099
AAPL,2021-03-19,51.34,51.72,50.07,50.41,14458144,50.41,-0.9300000000000068,-1.81,2026-09-14 16:20:12.306099
AAPL,2021-03-22,50.41,50.73,50.27,50.37,30307418,50.37,-0.0399999999999991,-0.08,2026-09-14 16:20:12.306099
AAPL,2021-03-23,50.37,50.87,50.34,50.73,13278875,50.73,0.3599999999999994,0.71,2026-09-14 16:20:12.306099
AAPL,2021-03-24,50.73,51.04,49.35,49.78,19972395,49.78,-0.9499999999999956,-1.87,2026-09-14 16:20:12.306099
AAPL,2021-03-25,49.78,50.05,48.55,48.73,53428370,48.73,-1.0500000000000045,-2.11,2026-09-14 16:20:12.306099
AAPL,2021-03-26,48.73,48.99,47.61,47.81,99049591,47.81,-0.9199999999999946,-1.89,2026-09-14 16:20:12.306099
AAPL,2021-03-29,47.81,48.26,47.05,47.28,55338070,47.28,-0.5300000000000011,-1.11,2026-09-14 16:20:12.306099
AAPL,2021-03-30,47.28,47.52,46.37,46.57,34523973,46.57,-0.7100000000000009,-1.5,2026-09-14 16:20:12.306099
AAPL,2021-03-31,46.57,46.84,46.28,46.38,73847162,46.38,-0.1899999999999977,-0.41,2026-09-14 16:20:12.306099
AAPL,2021-04-01,46.38,46.56,46.0,46.0,50192303,46.0,-0.3800000000000025,-0.82,2026-09-14 16:20:12.306099
AAPL,2021-04-02,46.0,46.09,45.8,46.06,17372789,46.06,0.0600000000000022,0.13,2026-09-14 16:20:12.306099
AAPL,2021-04-05,46.06,46.36,45.62,45.76,99788373,45.76,-0.3000000000000042,-0.65,2026-09-14 16:20:12.306099
AAPL,2021-04-06,45.76,46.76,45.32,46.49,88121556,46.49,0.730000000000004,1.6,2026-09-14 16:20:12.306099
AAPL,2021-04-07,46.49,46.84,45.77,45.83,71609628,45.83,-0.6600000000000037,-1.42,2026-09-14 16:20:12.306099
AAPL,2021-04-08,45.83,46.3,45.71,46.29,95984399,46.29,0.4600000000000008,1.0,2026-09-14 16:20:12.306099
AAPL,2021-04-09,46.29,46.7,46.21,46.61,53129193,46.61,0.3200000000000003,0.69,2026-09-14 16:20:12.306099
AAPL,2021-04-12,46.61,48.33,46.41,47.97,28785419,47.97,1.3599999999999994,2.92,2026-09-14 16:20:12.306099
AAPL,2021-04-13,47.97,48.19,47.02,47.41,75671379,47.41,-0.5600000000000023,-1.17,2026-09-14 16:20:12.306099
AAPL,2021-04-14,47.41,47.69,47.03,47.24,62111449,47.24,-0.1699999999999946,-0.36,2026-09-14 16:20:12.306099
AAPL,2021-04-15,47.24,47.79,47.0,47.47,94654989,47.47,0.2299999999999968,0.49,2026-09-14 16:20:12.306099
AAPL,2021-04-16,47.47,48.08,47.35,48.08,55054617,48.08,0.6099999999999994,1.29,2026-09-14 16:20:12.306099
AAPL,2021-04-19,48.08,49.03,47.73,48.76,34718332,48.76,0.6799999999999997,1.41,2026-09-14 16:20:12.306099
AAPL,2021-04-20,48.76,49.75,48.56,49.4,46195218,49.4,0.6400000000000006,1.31,2026-09-14 16:20:12.306099
AAPL,2021-04-21,49.4,49.6,48.3,48.68,91807570,48.68,-0.7199999999999989,-1.46,2026-09-14 16:20:12.306099
AAPL,2021-04-22,48.68,49.8,48.35,49.65,76613158,49.65,0.9699999999999988,1.99,2026-09-14 16:20:12.306099
AAPL,2021-04-23,49.65,50.85,49.62,50.43,10967834,50.43,0.7800000000000011,1.57,2026-09-14 16:20:12.306099
AAPL,2021-04-26,50.43,50.51,47.52,47.94,48248353,47.94,-2.490000000000002,-4.94,2026-09-14 16:20:12.306099
AAPL,2021-04-27,47.94,48.36,47.75,48.15,37131550,48.15,0.2100000000000008,0.44,2026-09-14 16:20:12.306099
AAPL,2021-04-28,48.15,48.75,48.09,48.43,79788200,48.43,0.2800000000000011,0.58,2026-09-14 16:20:12.306099
AAPL,2021-04-29,48.43,50.76,48.04,50.39,21279340,50.39,1.9600000000000009,4.05,2026-09-14 16:20:12.306099
AAPL,2021-04-30,50.39,50.87,49.45,49.68,66721194,49.68,-0.7100000000000009,-1.41,2026-09-14 16:20:12.306099
AAPL,2021-05-03,49.68,49.82,49.19,49.44,89759648,49.44,-0.240000000000002,-0.48,2026-09-14 16:20:12.306099
AAPL,2021-05-04,49.44,49.82,48.94,49.27,20374369,49.27,-0.1699999999999946,-0.34,2026-09-14 16:20:12.306099
AAPL,2021-05-05,49.27,49.39,48.12,48.34,67180081,48.34,-0.9299999999999996,-1.89,2026-09-14 16:20:12.306099
AAPL,2021-05-06,48.34,48.9,48.0,48.78,62602398,48.78,0.4399999999999977,0.91,2026-09-14 16:20:12.306099
AAPL,2021-05-07,48.78,49.2,48.67,48.93,71238795,48.93,0.1499999999999985,0.31,2026-09-14 16:20:12.306099
AAPL,2021-05-10,48.93,49.26,48.85,49.08,63715360,49.08,0.1499999999999985,0.31,2026-09-14 16:20:12.306099
AAPL,2021-05-11,49.08,50.32,48.66,50.15,86091210,50.15,1.0700000000000005,2.18,2026-09-14 16:20:12.306099
AAPL,2021-05-12,50.15,50.5,48.6,48.8,99974336,48.8,-1.3500000000000014,-2.69,2026-09-14 16:20:12.306099
AAPL,2021-05-13,48.8,50.55,48.58,50.41,34184363,50.41,1.6099999999999994,3.3,2026-09-14 16:20:12.306099
AAPL,2021-05-14,50.41,51.31,50.3,51.06,55573666,51.06,0.6500000000000057,1.29,2026-09-14 16:20:12.306099
AAPL,2021-05-17,51.06,51.49,50.81,51.09,35964334,51.09,0.0300000000000011,0.06,2026-09-14 16:20:12.306099
AAPL,2021-05-18,51.09,51.83,50.73,51.38,61494697,51.38,0.2899999999999991,0.57,2026-09-14 16:20:12.306099
AAPL,2021-05-19,51.38,51.45,51.03,51.39,29504108,51.39,0.009999999999998,0.02,2026-09-14 16:20:12.306099
AAPL,2021-05-20,51.39,51.63,48.32,48.51,94705624,48.51,-2.8800000000000026,-5.6,2026-09-14 16:20:12.306099
AAPL,2021-05-21,48.51,48.91,47.38,47.74,70113148,47.74,-0.769999999999996,-1.59,2026-09-14 16:20:12.306099
AAPL,2021-05-24,47.74,47.94,47.17,47.36,24485268,47.36,-0.3800000000000025,-0.8,2026-09-14 16:20:12.306099
AAPL,2021-05-25,47.36,48.24,47.13,47.82,40721798,47.82,0.4600000000000008,0.97,2026-09-14 16:20:12.306099
AAPL,2021-05-26,47.82,48.05,46.34,46.68,35802282,46.68,-1.1400000000000006,-2.38,2026-09-14 16:20:12.306099
AAPL,2021-05-27,46.68,46.97,46.25,46.62,32581866,46.62,-0.0600000000000022,-0.13,2026-09-14 16:20:12.306099
AAPL,2021-05-28,46.62,46.69,46.42,46.59,75192408,46.59,-0.029999999999994,-0.06,2026-09-14 16:20:12.306099
AAPL,2021-05-31,46.59,46.68,46.07,46.46,14801588,46.46,-0.1300000000000025,-0.28,2026-09-14 16:20:12.306099
AAPL,2021-06-01,46.46,46.92,45.66,45.9,82060463,45.9,-0.5600000000000023,-1.21,2026-09-14 16:20:12.306099
AAPL,2021-06-02,45.9,46.26,45.07,45.36,72201881,45.36,-0.5399999999999991,-1.18,2026-09-14 16:20:12.306099
AAPL,2021-06-03,45.36,45.7,43.72,43.82,98257624,43.82,-1.5399999999999991,-3.4,2026-09-14 16:20:12.306099
AAPL,2021-06-04,43.82,43.93,42.81,43.18,31868727,43.18,-0.6400000000000006,-1.46,2026-09-14 16:20:12.306099
AAPL,2021-06-07,43.18,43.49,42.32,42.39,24316457,42.39,-0.7899999999999991,-1.83,2026-09-14 16:20:12.306099
AAPL,2021-06-08,42.39,42.49,41.53,41.62,10831502,41.62,-0.7700000000000031,-1.82,2026-09-14 16:20:12.306099
AAPL,2021-06-09,41.62,42.41,41.61,42.28,65910986,42.28,0.6600000000000037,1.59,2026-09-14 16:20:12.306099
AAPL,2021-06-10,42.28,42.32,42.14,42.29,88552497,42.29,0.009999999999998,0.02,2026-09-14 16:20:12.306099
AAPL,2021-06-11,42.29,42.47,40.76,40.95,28745199,40.95,-1.3399999999999963,-3.17,2026-09-14 16:20:12.306099
AAPL,2021-06-14,40.95,41.33,40.11,40.48,30154095,40.48,-0.4700000000000059,-1.15,2026-09-14 16:20:12.306099
AAPL,2021-06-15,40.48,40.98,40.35,40.91,39952483,40.91,0.4299999999999997,1.06,2026-09-14 16:20:12.306099
AAPL,2021-06-16,40.91,41.05,40.54,40.98,19278952,40.98,0.0700000000000002,0.17,2026-09-14 16:20:12.306099
AAPL,2021-06-17,40.98,41.4,40.69,41.05,41982388,41.05,0.0700000000000002,0.17,2026-09-14 16:20:12.306099
AAPL,2021-06-18,41.05,41.14,40.09,40.16,52403422,40.16,-0.8900000000000006,-2.17,2026-09-14 16:20:12.306099
AAPL,2021-06-21,40.16,40.83,40.07,40.58,69663493,40.58,0.4200000000000017,1.05,2026-09-14 16:20:12.306099
AAPL,2021-06-22,40.58,40.85,40.56,40.78,49562863,40.78,0.2000000000000028,0.49,2026-09-14 16:20:12.306099
AAPL,2021-06-23,40.78,41.04,40.24,40.52,46255540,40.52,-0.259999999999998,-0.64,2026-09-14 16:20:12.306099
AAPL,2021-06-24,40.52,41.6,40.44,41.38,75360582,41.38,0.8599999999999994,2.12,2026-09-14 16:20:12.306099
AAPL,2021-06-25,41.38,41.5,40.55,40.76,53803894,40.76,-0.6200000000000045,-1.5,2026-09-14 16:20:12.306099
AAPL,2021-06-28,40.76,41.86,40.39,41.68,85594068,41.68,0.9200000000000016,2.26,2026-09-14 16:20:12.306099
AAPL,2021-06-29,41.68,42.0,41.42,41.73,64827881,41.73,0.0499999999999971,0.12,2026-09-14 16:20:12.306099
AAPL,2021-06-30,41.73,42.8,41.49,42.67,12297865,42.67,0.9400000000000048,2.25,2026-09-14 16:20:12.306099
AAPL,2021-07-01,42.67,43.03,42.57,42.59,57231563,42.59,-0.0799999999999983,-0.19,2026-09-14 16:20:12.306099
AAPL,2021-07-02,42.59,42.68,41.38,41.76,27108619,41.76,-0.8300000000000054,-1.95,2026-09-14 16:20:12.306099
AAPL,2021-07-05,41.76,42.08,41.62,41.72,23566974,41.72,-0.0399999999999991,-0.1,2026-09-14 16:20:12.306099
AAPL,2021-07-06,41.72,42.51,41.62,42.34,99900239,42.34,0.6200000000000045,1.49,2026-09-14 16:20:12.306099
AAPL,2021-07-07,42.34,43.56,42.27,43.2,98222016,43.2,0.8599999999999994,2.03,2026-09-14 16:20:12.306099
AAPL,2021-07-08,43.2,44.2,42.96,44.02,20825714,44.02,0.8200000000000003,1.9,2026-09-14 16:20:12.306099
AAPL,2021-07-09,44.02,44.57,43.78,44.44,59467042,44.44,0.4199999999999946,0.95,2026-09-14 16:20:12.306099
AAPL,2021-07-12,44.44,44.47,43.03,43.11,24507301,43.11,-1.3299999999999983,-2.99,2026-09-14 16:20:12.306099
AAPL,2021-07-13,43.11,43.17,42.31,42.7,56165900,42.7,-0.4099999999999966,-0.95,2026-09-14 16:20:12.306099
AAPL,2021-07-14,42.7,44.31,42.58,44.15,55285945,44.15,1.4499999999999955,3.4,2026-09-14 16:20:12.306099
AAPL,2021-07-15,44.15,44.98,43.95,44.83,55516031,44.83,0.6799999999999997,1.54,2026-09-14 16:20:12.306099
AAPL,2021-07-16,44.83,44.93,43.14,43.36,23456056,43.36,-1.4699999999999989,-3.28,2026-09-14 16:20:12.306099
AAPL,2021-07-19,43.36,43.67,41.62,41.7,62321617,41.7,-1.6599999999999966,-3.83,2026-09-14 16:20:12.306099
AAPL,2021-07-20,41.7,42.19,41.31,42.17,47224282,42.17,0.4699999999999988,1.13,2026-09-14 16:20:12.306099
AAPL,2021-07-21,42.17,42.44,41.77,42.26,36142330,42.26,0.0899999999999963,0.21,2026-09-14 16:20:12.306099
AAPL,2021-07-22,42.26,42.84,42.12,42.52,42792136,42.52,0.2600000000000051,0.62,2026-09-14 16:20:12.306099
AAPL,2021-07-23,42.52,42.76,40.15,40.43,67911601,40.43,-2.0900000000000034,-4.92,2026-09-14 16:20:12.306099
AAPL,2021-07-26,40.43,41.19,40.2,40.83,36510046,40.83,0.3999999999999986,0.99,2026-09-14 16:20:12.306099
AAPL,2021-07-27,40.83,41.23,40.5,40.98,50548582,40.98,0.1499999999999985,0.37,2026-09-14 16:20:12.306099
AAPL,2021-07-28,40.98,41.41,40.77,41.29,85301309,41.29,0.3100000000000023,0.76,2026-09-14 16:20:12.306099
AAPL,2021-07-29,41.29,42.16,40.98,41.9,94244276,41.9,0.6099999999999994,1.48,2026-09-14 16:20:12.306099
AAPL,2021-07-30,41.9,42.29,41.14,41.39,79003142,41.39,-0.509999999999998,-1.22,2026-09-14 16:20:12.306099
AAPL,2021-08-02,41.39,42.19,41.13,41.97,37615045,41.97,0.5799999999999983,1.4,2026-09-14 16:20:12.306099
AAPL,2021-08-03,41.97,42.21,41.52,41.75,13767537,41.75,-0.2199999999999988,-0.52,2026-09-14 16:20:12.306099
AAPL,2021-08-04,41.75,41.84,40.18,40.55,97892199,40.55,-1.2000000000000028,-2.87,2026-09-14 16:20:12.306099
AAPL,2021-08-05,40.55,40.84,40.46,40.77,52997702,40.77,0.2200000000000059,0.54,2026-09-14 16:20:12.306099
AAPL,2021-08-06,40.77,42.02,40.76,42.0,30465185,42.0,1.2299999999999969,3.02,2026-09-14 16:20:12.306099
AAPL,2021-08-09,42.0,42.26,41.38,41.61,38707263,41.61,-0.3900000000000005,-0.93,2026-09-14 16:20:12.306099
AAPL,2021-08-10,41.61,42.57,41.27,42.43,90631316,42.43,0.8200000000000003,1.97,2026-09-14 16:20:12.306099
AAPL,2021-08-11,42.43,42.81,40.32,40.43,69259008,40.43,-2.0,-4.71,2026-09-14 16:20:12.306099
AAPL,2021-08-12,40.43,40.62,38.97,39.06,15648695,39.06,-1.3699999999999974,-3.39,2026-09-14 16:20:12.306099
AAPL,2021-08-13,39.06,39.18,38.79,39.02,50970731,39.02,-0.0399999999999991,-0.1,2026-09-14 16:20:12.306099
AAPL,2021-08-16,39.02,39.41,38.12,38.48,21308797,38.48,-0.5400000000000063,-1.38,2026-09-14 16:20:12.306099
AAPL,2021-08-17,38.48,38.73,37.63,37.91,42973493,37.91,-0.5700000000000003,-1.48,2026-09-14 16:20:12.306099
AAPL,2021-08-18,37.91,38.89,37.78,38.84,74478985,38.84,0.9300000000000068,2.45,2026-09-14 16:20:12.306099
AAPL,2021-08-19,38.84,39.17,38.82,38.84,25695254,38.84,0.0,0.0,2026-09-14 16:20:12.306099
AAPL,2021-08-20,38.84,39.68,38.84,39.61,55378927,39.61,0.769999999999996,1.98,2026-09-14 16:20:12.306099
AAPL,2021-08-23,39.61,39.87,39.26,39.41,10288692,39.41,-0.2000000000000028,-0.5,2026-09-14 16:20:12.306099
AAPL,2021-08-24,39.41,39.43,38.33,38.67,12038858,38.67,-0.7399999999999949,-1.88,2026-09-14 16:20:12.306099
AAPL,2021-08-25,38.67,39.01,38.24,38.46,64757507,38.46,-0.2100000000000008,-0.54,2026-09-14 16:20:12.306099
AAPL,2021-08-26,38.46,38.51,37.74,37.99,89231939,37.99,-0.4699999999999988,-1.22,2026-09-14 16:20:12.306099
AAPL,2021-08-27,37.99,39.48,37.86,39.3,77797865,39.3,1.3099999999999952,3.45,2026-09-14 16:20:12.306099
AAPL,2021-08-30,39.3,39.7,39.24,39.6,25320727,39.6,0.3000000000000042,0.76,2026-09-14 16:20:12.306099
AAPL,2021-08-31,39.6,39.66,38.89,38.9,14687989,38.9,-0.7000000000000028,-1.77,2026-09-14 16:20:12.306099
AAPL,2021-09-01,38.9,39.42,38.87,39.39,50606960,39.39,0.490000000000002,1.26,2026-09-14 16:20:12.306099
AAPL,2021-09-02,39.39,39.77,38.03,38.37,46426892,38.37,-1.0200000000000031,-2.59,2026-09-14 16:20:12.306099
AAPL,2021-09-03,38.37,38.52,37.44,37.45,36356215,37.45,-0.9199999999999946,-2.4,2026-09-14 16:20:12.306099
AAPL,2021-09-06,37.45,38.21,37.24,38.17,18888837,38.17,0.7199999999999989,1.92,2026-09-14 16:20:12.306099
AAPL,2021-09-07,38.17,38.36,37.4,37.57,22387130,37.57,-0.6000000000000014,-1.57,2026-09-14 16:20:12.306099
AAPL,2021-09-08,37.57,37.67,37.48,37.6,82022359,37.6,0.0300000000000011,0.08,2026-09-14 16:20:12.306099
AAPL,2021-09-09,37.6,37.75,37.27,37.42,74123315,37.42,-0.1799999999999997,-0.48,2026-09-14 16:20:12.306099
AAPL,2021-09-10,37.42,37.5,37.38,37.43,49385070,37.43,0.009999999999998,0.03,2026-09-14 16:20:12.306099
AAPL,2021-09-13,37.43,38.02,37.32,37.97,37534869,37.97,0.5399999999999991,1.44,2026-09-14 16:20:12.306099
AAPL,2021-09-14,37.97,38.26,37.72,38.09,55845089,38.09,0.1200000000000045,0.32,2026-09-14 16:20:12.306099
AAPL,2021-09-15,38.09,38.12,37.43,37.74,53137421,37.74,-0.3500000000000014,-0.92,2026-09-14 16:20:12.306099
AAPL,2021-09-16,37.74,38.01,37.43,37.91,77655369,37.91,0.1699999999999946,0.45,2026-09-14 16:20:12.306099
AAPL,2021-09-17,37.91,38.15,37.75,37.92,48397149,37.92,0.0100000000000051,0.03,2026-09-14 16:20:12.306099
AAPL,2021-09-20,37.92,38.45,37.7,38.21,23937797,38.21,0.2899999999999991,0.76,2026-09-14 16:20:12.306099
AAPL,2021-09-21,38.21,38.35,38.06,38.08,39509282,38.08,-0.1300000000000025,-0.34,2026-09-14 16:20:12.306099
AAPL,2021-09-22,38.08,38.43,36.75,36.93,96070594,36.93,-1.1499999999999986,-3.02,2026-09-14 16:20:12.306099
AAPL,2021-09-23,36.93,37.23,36.61,36.93,44368787,36.93,0.0,0.0,2026-09-14 16:20:12.306099
AAPL,2021-09-24,36.93,37.17,36.66,36.96,26000749,36.96,0.0300000000000011,0.08,2026-09-14 16:20:12.306099
AAPL,2021-09-27,36.96,37.31,36.42,36.53,98754519,36.53,-0.4299999999999997,-1.16,2026-09-14 16:20:12.306099
AAPL,2021-09-28,36.53,36.6,36.45,36.49,80646572,36.49,-0.0399999999999991,-0.11,2026-09-14 16:20:12.306099
AAPL,2021-09-29,36.49,36.61,35.68,35.9,39889106,35.9,-0.5900000000000034,-1.62,2026-09-14 16:20:12.306099
AAPL,2021-09-30,35.9,36.87,35.66,36.56,78616165,36.56,0.6600000000000037,1.84,2026-09-14 16:20:12.306099
AAPL,2021-10-01,36.56,36.92,36.18,36.27,33606204,36.27,-0.2899999999999991,-0.79,2026-09-14 16:20:12.306099
AAPL,2021-10-04,36.27,37.86,36.05,37.65,75336541,37.65,1.3799999999999957,3.8,2026-09-14 16:20:12.306099
AAPL,2021-10-05,37.65,37.66,36.96,37.2,99882594,37.2,-0.4499999999999957,-1.2,2026-09-14 16:20:12.306099
AAPL,2021-10-06,37.2,37.53,37.1,37.46,48287392,37.46,0.259999999999998,0.7,2026-09-14 16:20:12.306099
AAPL,2021-10-07,37.46,37.7,37.33,37.46,45645305,37.46,0.0,0.0,2026-09-14 16:20:12.306099
AAPL,2021-10-08,37.46,38.15,37.3,37.8,39532916,37.8,0.3399999999999963,0.91,2026-09-14 16:20:12.306099
AAPL,2021-10-11,37.8,38.68,37.48,38.44,13703788,38.44,0.6400000000000006,1.69,2026-09-14 16:20:12.306099
AAPL,2021-10-12,38.44,38.5,38.06,38.29,92910745,38.29,-0.1499999999999985,-0.39,2026-09-14 16:20:12.306099
AAPL,2021-10-13,38.29,38.42,37.18,37.47,76831215,37.47,-0.8200000000000003,-2.14,2026-09-14 16:20:12.306099
AAPL,2021-10-14,37.47,37.53,36.66,36.79,79804305,36.79,-0.6799999999999997,-1.81,2026-09-14 16:20:12.306099
AAPL,2021-10-15,36.79,37.53,36.49,37.28,34941728,37.28,0.490000000000002,1.33,2026-09-14 16:20:12.306099
AAPL,2021-10-18,37.28,37.3,36.48,36.8,62418676,36.8,-0.480000000000004,-1.29,2026-09-14 16:20:12.306099
AAPL,2021-10-19,36.8,37.23,36.54,37.2,77386376,37.2,0.4000000000000057,1.09,2026-09-14 16:20:12.306099
AAPL,2021-10-20,37.2,37.54,36.86,37.47,77784221,37.47,0.269999999999996,0.73,2026-09-14 16:20:12.306099
AAPL,2021-10-21,37.47,37.71,36.94,37.28,93547641,37.28,-0.1899999999999977,-0.51,2026-09-14 16:20:12.306099
AAPL,2021-10-22,37.28,37.44,36.08,36.22,83717095,36.22,-1.0600000000000025,-2.84,2026-09-14 16:20:12.306099
AAPL,2021-10-25,36.22,36.24,36.01,36.06,91016730,36.06,-0.1599999999999966,-0.44,2026-09-14 16:20:12.306099
AAPL,2021-10-26,36.06,36.4,35.79,35.94,80565481,35.94,-0.1200000000000045,-0.33,2026-09-14 16:20:12.306099
AAPL,2021-10-27,35.94,36.59,35.89,36.47,99732372,36.47,0.5300000000000011,1.47,2026-09-14 16:20:12.306099
AAPL,2021-10-28,36.47,36.69,36.08,36.32,71361040,36.32,-0.1499999999999985,-0.41,2026-09-14 16:20:12.306099
AAPL,2021-10-29,36.32,36.58,36.18,36.26,84613443,36.26,-0.0600000000000022,-0.17,2026-09-14 16:20:12.306099
AAPL,2021-11-01,36.26,37.03,35.97,36.77,27005117,36.77,0.5100000000000051,1.41,2026-09-14 16:20:12.306099
AAPL,2021-11-02,36.77,37.06,35.75,35.78,27168485,35.78,-0.990000000000002,-2.69,2026-09-14 16:20:12.306099
AAPL,2021-11-03,35.78,36.44,35.58,36.1,44891006,36.1,0.3200000000000003,0.89,2026-09-14 16:20:12.306099
AAPL,2021-11-04,36.1,36.27,34.97,35.13,47047988,35.13,-0.9699999999999988,-2.69,2026-09-14 16:20:12.306099
AAPL,2021-11-05,35.13,35.79,34.88,35.68,13675203,35.68,0.5499999999999972,1.57,2026-09-14 16:20:12.306099
AAPL,2021-11-08,35.68,35.75,35.12,35.25,23188507,35.25,-0.4299999999999997,-1.21,2026-09-14 16:20:12.306099
AAPL,2021-11-09,35.25,35.51,34.85,34.97,24707491,34.97,-0.2800000000000011,-0.79,2026-09-14 16:20:12.306099
AAPL,2021-11-10,34.97,35.26,34.25,34.35,79723233,34.35,-0.6199999999999974,-1.77,2026-09-14 16:20:12.306099
AAPL,2021-11-11,34.35,34.41,33.52,33.76,52169052,33.76,-0.5900000000000034,-1.72,2026-09-14 16:20:12.306099
AAPL,2021-11-12,33.76,34.38,33.71,34.05,41806627,34.05,0.2899999999999991,0.86,2026-09-14 16:20:12.306099
AAPL,2021-11-15,34.05,34.28,33.79,34.12,10548125,34.12,0.0700000000000002,0.21,2026-09-14 16:20:12.306099
AAPL,2021-11-16,34.12,34.72,33.79,34.5,83565058,34.5,0.3800000000000025,1.11,2026-09-14 16:20:12.306099
AAPL,2021-11-17,34.5,35.32,34.37,35.11,49862265,35.11,0.6099999999999994,1.77,2026-09-14 16:20:12.306099
AAPL,2021-11-18,35.11,35.35,34.85,35.2,18266321,35.2,0.0900000000000034,0.26,2026-09-14 16:20:12.306099
AAPL,2021-11-19,35.2,35.27,34.25,34.57,23999121,34.57,-0.6300000000000026,-1.79,2026-09-14 16:20:12.306099
AAPL,2021-11-22,34.57,34.85,34.27,34.56,76488347,34.56,-0.009999999999998,-0.03,2026-09-14 16:20:12.306099
AAPL,2021-11-23,34.56,34.65,33.08,33.36,41683647,33.36,-1.2000000000000028,-3.47,2026-09-14 16:20:12.306099
AAPL,2021-11-24,33.36,33.5,32.96,32.96,61701597,32.96,-0.3999999999999986,-1.2,2026-09-14 16:20:12.306099
AAPL,2021-11-25,32.96,34.22,32.66,34.16,57735958,34.16,1.1999999999999955,3.64,2026-09-14 16:20:12.306099
AAPL,2021-11-26,34.16,34.62,34.1,34.4,15718001,34.4,0.240000000000002,0.7,2026-09-14 16:20:12.306099
AAPL,2021-11-29,34.4,35.12,34.36,35.08,76594920,35.08,0.6799999999999997,1.98,2026-09-14 16:20:12.306099
AAPL,2021-11-30,35.08,35.57,34.8,35.28,22725408,35.28,0.2000000000000028,0.57,2026-09-14 16:20:12.306099
AAPL,2021-12-01,35.28,35.39,35.06,35.36,15663701,35.36,0.0799999999999983,0.23,2026-09-14 16:20:12.306099
AAPL,2021-12-02,35.36,35.43,34.37,34.6,21546228,34.6,-0.759999999999998,-2.15,2026-09-14 16:20:12.306099
AAPL,2021-12-03,34.6,34.76,34.06,34.25,99897691,34.25,-0.3500000000000014,-1.01,2026-09-14 16:20:12.306099
AAPL,2021-12-06,34.25,34.25,34.01,34.13,42954073,34.13,-0.1199999999999974,-0.35,2026-09-14 16:20:12.306099
AAPL,2021-12-07,34.13,34.44,33.79,34.09,22886087,34.09,-0.0399999999999991,-0.12,2026-09-14 16:20:12.306099
AAPL,2021-12-08,34.09,34.43,33.99,34.18,69691422,34.18,0.0899999999999963,0.26,2026-09-14 16:20:12.306099
AAPL,2021-12-09,34.18,35.52,33.89,35.41,32545813,35.41,1.2299999999999969,3.6,2026-09-14 16:20:12.306099
AAPL,2021-12-10,35.41,36.65,35.4,36.54,32941081,36.54,1.1300000000000026,3.19,2026-09-14 16:20:12.306099
AAPL,2021-12-13,36.54,36.73,36.09,36.13,66344398,36.13,-0.4099999999999966,-1.12,2026-09-14 16:20:12.306099
AAPL,2021-12-14,36.13,36.28,35.64,35.93,63233890,35.93,-0.2000000000000028,-0.55,2026-09-14 16:20:12.306099
AAPL,2021-12-15,35.93,36.12,35.33,35.49,39440103,35.49,-0.4399999999999977,-1.22,2026-09-14 16:20:12.306099
AAPL,2021-12-16,35.49,36.58,35.43,36.23,27346860,36.23,0.7399999999999949,2.09,2026-09-14 16:20:12.306099
AAPL,2021-12-17,36.23,36.43,35.89,36.05,32460146,36.05,-0.1799999999999997,-0.5,2026-09-14 16:20:12.306099
AAPL,2021-12-20,36.05,36.29,35.54,35.64,92372119,35.64,-0.4099999999999966,-1.14,2026-09-14 16:20:12.306099
AAPL,2021-12-21,35.64,35.99,35.3,35.92,82950454,35.92,0.2800000000000011,0.79,2026-09-14 16:20:12.306099
AAPL,2021-12-22,35.92,36.22,34.6,34.78,41207724,34.78,-1.1400000000000006,-3.17,2026-09-14 16:20:12.306099
AAPL,2021-12-23,34.78,35.04,33.85,33.95,64601066,33.95,-0.8299999999999983,-2.39,2026-09-14 16:20:12.306099
AAPL,2021-12-24,33.95,33.95,32.66,32.98,59466616,32.98,-0.970000000000006,-2.86,2026-09-14 16:20:12.306099
AAPL,2021-12-27,32.98,33.64,32.8,33.44,36104306,33.44,0.4600000000000008,1.39,2026-09-14 16:20:12.306099
AAPL,2021-12-28,33.44,34.47,33.22,34.26,50931348,34.26,0.8200000000000003,2.45,2026-09-14 16:20:12.306099
AAPL,2021-12-29,34.26,34.28,33.98,34.1,25848768,34.1,-0.1599999999999966,-0.47,2026-09-14 16:20:12.306099
AAPL,2021-12-30,34.1,34.4,33.89,33.99,39959436,33.99,-0.1099999999999994,-0.32,2026-09-14 16:20:12.306099
AAPL,2021-12-31,33.99,34.04,33.26,33.57,42746210,33.57,-0.4200000000000017,-1.24,2026-09-14 16:20:12.306099
AAPL,2022-01-03,33.57,33.63,32.36,32.66,32240735,32.66,-0.9100000000000036,-2.71,2026-09-14 16:20:12.306099
AAPL,2022-01-04,32.66,32.71,32.05,32.11,89131439,32.11,-0.5499999999999972,-1.68,2026-09-14 16:20:12.306099
AAPL,2022-01-05,32.11,32.3,31.95,32.3,87645413,32.3,0.1899999999999977,0.59,2026-09-14 16:20:12.306099
AAPL,2022-01-06,32.3,32.76,31.98,32.72,70906476,32.72,0.4200000000000017,1.3,2026-09-14 16:20:12.306099
AAPL,2022-01-07,32.72,32.97,31.55,31.78,44610766,31.78,-0.9399999999999976,-2.87,2026-09-14 16:20:12.306099
AAPL,2022-01-10,31.78,32.0,31.44,31.66,95552954,31.66,-0.120000000000001,-0.38,2026-09-14 16:20:12.306099
AAPL,2022-01-11,31.66,31.76,31.1,31.25,65234243,31.25,-0.4100000000000001,-1.3,2026-09-14 16:20:12.306099
AAPL,2022-01-12,31.25,31.85,31.07,31.6,10849215,31.6,0.3500000000000014,1.12,2026-09-14 16:20:12.306099
AAPL,2022-01-13,31.6,31.8,30.71,31.0,47234950,31.0,-0.6000000000000014,-1.9,2026-09-14 16:20:12.306099
AAPL,2022-01-14,31.0,31.59,30.83,31.45,16057366,31.45,0.4499999999999993,1.45,2026-09-14 16:20:12.306099
AAPL,2022-01-17,31.45,31.73,31.11,31.28,60089996,31.28,-0.1699999999999981,-0.54,2026-09-14 16:20:12.306099
AAPL,2022-01-18,31.28,31.62,31.14,31.43,73813926,31.43,0.1499999999999985,0.48,2026-09-14 16:20:12.306099
AAPL,2022-01-19,31.43,32.16,31.34,31.93,68653479,31.93,0.5,1.59,2026-09-14 16:20:12.306099
AAPL,2022-01-20,31.93,32.01,31.79,31.94,85206993,31.94,0.0100000000000015,0.03,2026-09-14 16:20:12.306099
AAPL,2022-01-21,31.94,33.06,31.8,33.04,38059431,33.04,1.099999999999998,3.44,2026-09-14 16:20:12.306099
AAPL,2022-01-24,33.04,33.24,32.88,32.89,64692595,32.89,-0.1499999999999985,-0.45,2026-09-14 16:20:12.306099
AAPL,2022-01-25,32.89,33.61,32.87,33.35,37329257,33.35,0.4600000000000008,1.4,2026-09-14 16:20:12.306099
AAPL,2022-01-26,33.35,33.85,33.21,33.78,16401658,33.78,0.4299999999999997,1.29,2026-09-14 16:20:12.306099
AAPL,2022-01-27,33.78,34.01,33.03,33.12,74026526,33.12,-0.6600000000000037,-1.95,2026-09-14 16:20:12.306099
AAPL,2022-01-28,33.12,33.31,32.69,32.81,81727425,32.81,-0.3099999999999951,-0.94,2026-09-14 16:20:12.306099
AAPL,2022-01-31,32.81,33.18,32.61,33.05,30479398,33.05,0.2399999999999948,0.73,2026-09-14 16:20:12.306099
AAPL,2022-02-01,33.05,33.08,32.0,32.14,26445491,32.14,-0.9099999999999966,-2.75,2026-09-14 16:20:12.306099
AAPL,2022-02-02,32.14,32.32,31.95,32.18,42434367,32.18,0.0399999999999991,0.12,2026-09-14 16:20:12.306099
AAPL,2022-02-03,32.18,32.64,31.89,32.57,81951920,32.57,0.3900000000000005,1.21,2026-09-14 16:20:12.306099
AAPL,2022-02-04,32.57,32.82,32.34,32.48,11385698,32.48,-0.0900000000000034,-0.28,2026-09-14 16:20:12.306099
AAPL,2022-02-07,32.48,32.52,32.28,32.34,72643686,32.34,-0.1399999999999934,-0.43,2026-09-14 16:20:12.306099
AAPL,2022-02-08,32.34,32.63,32.11,32.32,84905513,32.32,-0.0200000000000031,-0.06,2026-09-14 16:20:12.306099
AAPL,2022-02-09,32.32,32.6,31.68,31.8,59422651,31.8,-0.5199999999999996,-1.61,2026-09-14 16:20:12.306099
AAPL,2022-02-10,31.8,32.16,31.75,31.88,62025468,31.88,0.0799999999999983,0.25,2026-09-14 16:20:12.306099
AAPL,2022-02-11,31.88,31.99,31.56,31.84,43571329,31.84,-0.0399999999999991,-0.13,2026-09-14 16:20:12.306099
AAPL,2022-02-14,31.84,32.22,31.7,32.03,11367109,32.03,0.1900000000000012,0.6,2026-09-14 16:20:12.306099
AAPL,2022-02-15,32.03,32.42,31.78,32.35,90283556,32.35,0.3200000000000003,1.0,2026-09-14 16:20:12.306099
AAPL,2022-02-16,32.35,32.53,32.18,32.5,87004491,32.5,0.1499999999999985,0.46,2026-09-14 16:20:12.306099
AAPL,2022-02-17,32.5,33.49,32.21,33.45,86867987,33.45,0.9500000000000028,2.92,2026-09-14 16:20:12.306099
AAPL,2022-02-18,33.45,33.72,32.95,32.98,15695527,32.98,-0.4700000000000059,-1.41,2026-09-14 16:20:12.306099
AAPL,2022-02-21,32.98,33.16,32.77,32.91,91347597,32.91,-0.0700000000000002,-0.21,2026-09-14 16:20:12.306099
AAPL,2022-02-22,32.91,32.93,31.79,31.98,79504066,31.98,-0.9299999999999962,-2.83,2026-09-14 16:20:12.306099
AAPL,2022-02-23,31.98,32.53,31.76,32.22,19372871,32.22,0.2399999999999984,0.75,2026-09-14 16:20:12.306099
AAPL,2022-02-24,32.22,32.71,31.89,32.44,18850534,32.44,0.2199999999999988,0.68,2026-09-14 16:20:12.306099
AAPL,2022-02-25,32.44,32.69,32.1,32.12,16170410,32.12,-0.3200000000000003,-0.99,2026-09-14 16:20:12.306099
AAPL,2022-02-28,32.12,32.38,31.73,32.01,68546206,32.01,-0.1099999999999994,-0.34,2026-09-14 16:20:12.306099
AAPL,2022-03-01,32.01,32.84,31.91,32.55,34795975,32.55,0.5399999999999991,1.69,2026-09-14 16:20:12.306099
AAPL,2022-03-02,32.55,32.77,32.15,32.44,24031116,32.44,-0.1099999999999994,-0.34,2026-09-14 16:20:12.306099
AAPL,2022-03-03,32.44,33.63,32.22,33.42,92265452,33.42,0.980000000000004,3.02,2026-09-14 16:20:12.306099
AAPL,2022-03-04,33.42,33.67,33.16,33.37,80897744,33.37,-0.0500000000000042,-0.15,2026-09-14 16:20:12.306099
AAPL,2022-03-07,33.37,33.74,33.35,33.51,26482631,33.51,0.1400000000000005,0.42,2026-09-14 16:20:12.306099
AAPL,2022-03-08,33.51,33.83,32.78,33.1,13311946,33.1,-0.4099999999999966,-1.22,2026-09-14 16:20:12.306099
AAPL,2022-03-09,33.1,33.35,32.79,33.03,17731801,33.03,-0.0700000000000002,-0.21,2026-09-14 16:20:12.306099
AAPL,2022-03-10,33.03,34.59,32.87,34.54,31571713,34.54,1.509999999999998,4.57,2026-09-14 16:20:12.306099
AAPL,2022-03-11,34.54,34.57,33.93,34.24,77018136,34.24,-0.2999999999999971,-0.87,2026-09-14 16:20:12.306099
AAPL,2022-03-14,34.24,35.0,34.1,34.84,42256656,34.84,0.6000000000000014,1.75,2026-09-14 16:20:12.306099
AAPL,2022-03-15,34.84,34.96,33.34,33.59,82118559,33.59,-1.25,-3.59,2026-09-14 16:20:12.306099
AAPL,2022-03-16,33.59,33.67,33.41,33.58,30110015,33.58,-0.0100000000000051,-0.03,2026-09-14 16:20:12.306099
AAPL,2022-03-17,33.58,34.04,33.4,33.8,75153455,33.8,0.2199999999999988,0.66,2026-09-14 16:20:12.306099
AAPL,2022-03-18,33.8,34.57,33.47,34.22,51849984,34.22,0.4200000000000017,1.24,2026-09-14 16:20:12.306099
AAPL,2022-03-21,34.22,34.31,33.05,33.29,89130327,33.29,-0.9299999999999996,-2.72,2026-09-14 16:20:12.306099
AAPL,2022-03-22,33.29,33.8,33.14,33.53,83799095,33.53,0.240000000000002,0.72,2026-09-14 16:20:12.306099
AAPL,2022-03-23,33.53,33.57,33.16,33.2,79472992,33.2,-0.3299999999999983,-0.98,2026-09-14 16:20:12.306099
AAPL,2022-03-24,33.2,33.37,32.9,33.2,69363132,33.2,0.0,0.0,2026-09-14 16:20:12.306099
AAPL,2022-03-25,33.2,33.34,32.84,33.04,78424775,33.04,-0.1600000000000037,-0.48,2026-09-14 16:20:12.306099
AAPL,2022-03-28,33.04,33.4,32.8,33.23,73473809,33.23,0.1899999999999977,0.58,2026-09-14 16:20:12.306099
AAPL,2022-03-29,33.23,33.25,32.65,32.9,56238440,32.9,-0.3299999999999983,-0.99,2026-09-14 16:20:12.306099
AAPL,2022-03-30,32.9,33.12,32.47,32.71,57126445,32.71,-0.1899999999999977,-0.58,2026-09-14 16:20:12.306099
AAPL,2022-03-31,32.71,32.94,32.64,32.84,41566055,32.84,0.1300000000000025,0.4,2026-09-14 16:20:12.306099
AAPL,2022-04-01,32.84,33.07,32.34,32.62,74882637,32.62,-0.2200000000000059,-0.67,2026-09-14 16:20:12.306099
AAPL,2022-04-04,32.62,33.64,32.57,33.52,71805177,33.52,0.9000000000000057,2.76,2026-09-14 16:20:12.306099
AAPL,2022-04-05,33.52,34.79,33.25,34.61,70384534,34.61,1.0899999999999963,3.25,2026-09-14 16:20:12.306099
AAPL,2022-04-06,34.61,35.14,34.38,35.02,59452097,35.02,0.4100000000000037,1.18,2026-09-14 16:20:12.306099
AAPL,2022-04-07,35.02,35.33,34.46,34.63,52602491,34.63,-0.3900000000000005,-1.11,2026-09-14 16:20:12.306099
AAPL,2022-04-08,34.63,35.14,34.52,35.01,34366211,35.01,0.3799999999999954,1.1,2026-09-14 16:20:12.306099
AAPL,2022-04-11,35.01,35.81,34.7,35.65,94720957,35.65,0.6400000000000006,1.83,2026-09-14 16:20:12.306099
AAPL,2022-04-12,35.65,36.24,35.37,36.2,99537526,36.2,0.5500000000000043,1.54,2026-09-14 16:20:12.306099
AAPL,2022-04-13,36.2,36.21,35.13,35.22,13900804,35.22,-0.980000000000004,-2.71,2026-09-14 16:20:12.306099
AAPL,2022-04-14,35.22,36.09,35.04,35.88,59900489,35.88,0.6600000000000037,1.87,2026-09-14 16:20:12.306099
AAPL,2022-04-15,35.88,36.1,35.87,35.89,68141055,35.89,0.009999999999998,0.03,2026-09-14 16:20:12.306099
AAPL,2022-04-18,35.89,36.13,34.67,34.78,84363662,34.78,-1.1099999999999994,-3.09,2026-09-14 16:20:12.306099
AAPL,2022-04-19,34.78,34.83,33.37,33.43,67339757,33.43,-1.3500000000000014,-3.88,2026-09-14 16:20:12.306099
AAPL,2022-04-20,33.43,33.47,33.18,33.23,24905546,33.23,-0.2000000000000028,-0.6,2026-09-14 16:20:12.306099
AAPL,2022-04-21,33.23,33.43,32.11,32.16,74124694,32.16,-1.0700000000000005,-3.22,2026-09-14 16:20:12.306099
AAPL,2022-04-22,32.16,32.6,32.09,32.5,80668552,32.5,0.3400000000000034,1.06,2026-09-14 16:20:12.306099
AAPL,2022-04-25,32.5,32.66,31.42,31.44,33451238,31.44,-1.0599999999999987,-3.26,2026-09-14 16:20:12.306099
AAPL,2022-04-26,31.44,31.92,31.41,31.66,96982861,31.66,0.2199999999999988,0.7,2026-09-14 16:20:12.306099
AAPL,2022-04-27,31.66,31.82,30.9,31.16,12479285,31.16,-0.5,-1.58,2026-09-14 16:20:12.306099
AAPL,2022-04-28,31.16,31.38,30.9,31.34,57625859,31.34,0.1799999999999997,0.58,2026-09-14 16:20:12.306099
AAPL,2022-04-29,31.34,31.6,31.0,31.0,22453362,31.0,-0.3399999999999998,-1.08,2026-09-14 16:20:12.306099
AAPL,2022-05-02,31.0,31.15,30.46,30.73,67188634,30.73,-0.2699999999999996,-0.87,2026-09-14 16:20:12.306099
AAPL,2022-05-03,30.73,31.49,30.69,31.4,96505515,31.4,0.6699999999999982,2.18,2026-09-14 16:20:12.306099
AAPL,2022-05-04,31.4,33.01,31.31,32.83,33772659,32.83,1.4299999999999995,4.55,2026-09-14 16:20:12.306099
AAPL,2022-05-05,32.83,33.88,32.58,33.61,88192152,33.61,0.7800000000000011,2.38,2026-09-14 16:20:12.306099
AAPL,2022-05-06,33.61,33.76,32.89,32.89,77217186,32.89,-0.7199999999999989,-2.14,2026-09-14 16:20:12.306099
AAPL,2022-05-09,32.89,33.4,32.84,33.21,83745955,33.21,0.3200000000000003,0.97,2026-09-14 16:20:12.306099
AAPL,2022-05-10,33.21,34.18,33.19,33.88,99321283,33.88,0.6700000000000017,2.02,2026-09-14 16:20:12.306099
AAPL,2022-05-11,33.88,33.99,33.19,33.28,34077942,33.28,-0.6000000000000014,-1.77,2026-09-14 16:20:12.306099
AAPL,2022-05-12,33.28,33.48,33.15,33.4,69004592,33.4,0.1199999999999974,0.36,2026-09-14 16:20:12.306099
AAPL,2022-05-13,33.4,33.63,32.37,32.56,23295570,32.56,-0.8399999999999963,-2.51,2026-09-14 16:20:12.306099
AAPL,2022-05-16,32.56,32.57,32.25,32.34,15135302,32.34,-0.2199999999999988,-0.68,2026-09-14 16:20:12.306099
AAPL,2022-05-17,32.34,32.46,31.54,31.75,41232786,31.75,-0.5900000000000034,-1.82,2026-09-14 16:20:12.306099
AAPL,2022-05-18,31.75,32.4,31.74,32.26,48720387,32.26,0.509999999999998,1.61,2026-09-14 16:20:12.306099
AAPL,2022-05-19,32.26,32.43,32.08,32.1,70125038,32.1,-0.1599999999999966,-0.5,2026-09-14 16:20:12.306099
AAPL,2022-05-20,32.1,32.11,31.28,31.33,54780369,31.33,-0.7700000000000031,-2.4,2026-09-14 16:20:12.306099
AAPL,2022-05-23,31.33,31.84,31.26,31.62,79551655,31.62,0.2900000000000027,0.93,2026-09-14 16:20:12.306099
AAPL,2022-05-24,31.62,31.81,31.06,31.31,44700051,31.31,-0.3100000000000023,-0.98,2026-09-14 16:20:12.306099
AAPL,2022-05-25,31.31,31.48,30.55,30.85,97209267,30.85,-0.4599999999999973,-1.47,2026-09-14 16:20:12.306099
AAPL,2022-05-26,30.85,31.09,30.32,30.43,24424523,30.43,-0.4200000000000017,-1.36,2026-09-14 16:20:12.306099
AAPL,2022-05-27,30.43,30.58,30.11,30.27,84465339,30.27,-0.1600000000000001,-0.53,2026-09-14 16:20:12.306099
AAPL,2022-05-30,30.27,30.88,30.16,30.67,13845150,30.67,0.4000000000000021,1.32,2026-09-14 16:20:12.306099
AAPL,2022-05-31,30.67,30.96,30.5,30.65,19740739,30.65,-0.0200000000000031,-0.07,2026-09-14 16:20:12.306099
AAPL,2022-06-01,30.65,30.95,29.58,29.85,61476475,29.85,-0.7999999999999972,-2.61,2026-09-14 16:20:12.306099
AAPL,2022-06-02,29.85,30.02,29.6,29.84,87511360,29.84,-0.0100000000000015,-0.03,2026-09-14 16:20:12.306099
AAPL,2022-06-03,29.84,30.62,29.8,30.49,61225608,30.49,0.6499999999999986,2.18,2026-09-14 16:20:12.306099
AAPL,2022-06-06,30.49,30.77,30.33,30.75,68983610,30.75,0.2600000000000015,0.85,2026-09-14 16:20:12.306099
AAPL,2022-06-07,30.75,31.73,30.49,31.48,78406189,31.48,0.7300000000000004,2.37,2026-09-14 16:20:12.306099
AAPL,2022-06-08,31.48,32.87,31.29,32.87,20843362,32.87,1.389999999999997,4.42,2026-09-14 16:20:12.306099
AAPL,2022-06-09,32.87,33.58,32.6,33.53,76946445,33.53,0.6600000000000037,2.01,2026-09-14 16:20:12.306099
AAPL,2022-06-10,33.53,34.56,33.23,34.23,21963344,34.23,0.6999999999999957,2.09,2026-09-14 16:20:12.306099
AAPL,2022-06-13,34.23,34.51,33.89,34.19,23651705,34.19,-0.0399999999999991,-0.12,2026-09-14 16:20:12.306099
AAPL,2022-06-14,34.19,35.73,34.13,35.41,43175955,35.41,1.2199999999999989,3.57,2026-09-14 16:20:12.306099
AAPL,2022-06-15,35.41,36.54,35.4,36.49,99468142,36.49,1.0800000000000054,3.05,2026-09-14 16:20:12.306099
AAPL,2022-06-16,36.49,36.84,36.39,36.51,29809141,36.51,0.019999999999996,0.05,2026-09-14 16:20:12.306099
AAPL,2022-06-17,36.51,36.96,36.51,36.8,80132780,36.8,0.2899999999999991,0.79,2026-09-14 16:20:12.306099
AAPL,2022-06-20,36.8,36.94,36.65,36.69,33954563,36.69,-0.1099999999999994,-0.3,2026-09-14 16:20:12.306099
AAPL,2022-06-21,36.69,36.88,36.49,36.72,86415908,36.72,0.0300000000000011,0.08,2026-09-14 16:20:12.306099
AAPL,2022-06-22,36.72,37.81,36.71,37.8,22075192,37.8,1.0799999999999983,2.94,2026-09-14 16:20:12.306099
AAPL,2022-06-23,37.8,38.46,37.46,38.16,67160188,38.16,0.3599999999999994,0.95,2026-09-14 16:20:12.306099
AAPL,2022-06-24,38.16,38.53,38.0,38.47,39917362,38.47,0.3100000000000023,0.81,2026-09-14 16:20:12.306099
AAPL,2022-06-27,38.47,40.54,38.38,40.34,35992096,40.34,1.8700000000000043,4.86,2026-09-14 16:20:12.306099
AAPL,2022-06-28,40.34,40.71,40.25,40.27,11156162,40.27,-0.0700000000000002,-0.17,2026-09-14 16:20:12.306099
AAPL,2022-06-29,40.27,40.98,40.06,40.65,66325895,40.65,0.3799999999999954,0.94,2026-09-14 16:20:12.306099
AAPL,2022-06-30,40.65,40.68,39.15,39.49,27270484,39.49,-1.1599999999999966,-2.85,2026-09-14 16:20:12.306099
AAPL,2022-07-01,39.49,39.89,39.46,39.67,18618566,39.67,0.1799999999999997,0.46,2026-09-14 16:20:12.306099
AAPL,2022-07-04,39.67,40.34,39.57,40.14,41376378,40.14,0.4699999999999988,1.18,2026-09-14 16:20:12.306099
AAPL,2022-07-05,40.14,40.78,40.09,40.75,65463583,40.75,0.6099999999999994,1.52,2026-09-14 16:20:12.306099
AAPL,2022-07-06,40.75,41.15,38.94,39.08,15856986,39.08,-1.6700000000000017,-4.1,2026-09-14 16:20:12.306099
AAPL,2022-07-07,39.08,39.63,39.03,39.38,59757577,39.38,0.3000000000000042,0.77,2026-09-14 16:20:12.306099
AAPL,2022-07-08,39.38,40.27,39.05,39.94,48666618,39.94,0.5599999999999952,1.42,2026-09-14 16:20:12.306099
AAPL,2022-07-11,39.94,40.33,38.88,38.93,43094242,38.93,-1.009999999999998,-2.53,2026-09-14 16:20:12.306099
AAPL,2022-07-12,38.93,39.82,38.78,39.78,33505487,39.78,0.8500000000000014,2.18,2026-09-14 16:20:12.306099
AAPL,2022-07-13,39.78,41.04,39.48,40.88,44803482,40.88,1.1000000000000014,2.77,2026-09-14 16:20:12.306099
AAPL,2022-07-14,40.88,41.23,40.84,40.84,15034678,40.84,-0.0399999999999991,-0.1,2026-09-14 16:20:12.306099
AAPL,2022-07-15,40.84,41.12,40.29,40.42,15968153,40.42,-0.4200000000000017,-1.03,2026-09-14 16:20:12.306099
AAPL,2022-07-18,40.42,41.62,40.42,41.51,58132172,41.51,1.0899999999999963,2.7,2026-09-14 16:20:12.306099
AAPL,2022-07-19,41.51,41.63,39.41,39.66,75260411,39.66,-1.8500000000000008,-4.46,2026-09-14 16:20:12.306099
AAPL,2022-07-20,39.66,39.92,39.56,39.79,96119974,39.79,0.1300000000000025,0.33,2026-09-14 16:20:12.306099
AAPL,2022-07-21,39.79,40.04,39.61,39.96,27037572,39.96,0.1700000000000017,0.43,2026-09-14 16:20:12.306099
AAPL,2022-07-22,39.96,40.16,39.71,40.13,65087402,40.13,0.1700000000000017,0.43,2026-09-14 16:20:12.306099
AAPL,2022-07-25,40.13,40.6,40.0,40.29,92658136,40.29,0.1599999999999966,0.4,2026-09-14 16:20:12.306099
AAPL,2022-07-26,40.29,40.61,37.85,38.12,42261008,38.12,-2.1700000000000017,-5.39,2026-09-14 16:20:12.306099
AAPL,2022-07-27,38.12,38.28,37.96,37.99,50615245,37.99,-0.1299999999999954,-0.34,2026-09-14 16:20:12.306099
AAPL,2022-07-28,37.99,38.52,37.64,38.52,72040317,38.52,0.5300000000000011,1.4,2026-09-14 16:20:12.306099
AAPL,2022-07-29,38.52,39.36,38.3,39.23,90241819,39.23,0.7099999999999937,1.84,2026-09-14 16:20:12.306099
AAPL,2022-08-01,39.23,39.46,38.98,39.16,41112732,39.16,-0.0700000000000002,-0.18,2026-09-14 16:20:12.306099
AAPL,2022-08-02,39.16,39.98,38.99,39.59,45298468,39.59,0.4300000000000068,1.1,2026-09-14 16:20:12.306099
AAPL,2022-08-03,39.59,39.76,38.75,39.13,73610043,39.13,-0.4600000000000008,-1.16,2026-09-14 16:20:12.306099
AAPL,2022-08-04,39.13,40.42,38.96,40.27,13304096,40.27,1.1400000000000006,2.91,2026-09-14 16:20:12.306099
AAPL,2022-08-05,40.27,40.6,39.55,39.81,27857876,39.81,-0.4600000000000008,-1.14,2026-09-14 16:20:12.306099
AAPL,2022-08-08,39.81,40.65,39.71,40.36,66058719,40.36,0.5499999999999972,1.38,2026-09-14 16:20:12.306099
AAPL,2022-08-09,40.36,40.69,39.33,39.38,27535465,39.38,-0.9799999999999968,-2.43,2026-09-14 16:20:12.306099
AAPL,2022-08-10,39.38,39.4,38.84,39.0,80939713,39.0,-0.3800000000000025,-0.96,2026-09-14 16:20:12.306099
AAPL,2022-08-11,39.0,39.18,38.34,38.72,55532801,38.72,-0.2800000000000011,-0.72,2026-09-14 16:20:12.306099
AAPL,2022-08-12,38.72,39.23,38.46,39.17,45619012,39.17,0.4500000000000028,1.16,2026-09-14 16:20:12.306099
AAPL,2022-08-15,39.17,39.96,38.84,39.94,12909597,39.94,0.769999999999996,1.97,2026-09-14 16:20:12.306099
AAPL,2022-08-16,39.94,40.4,39.88,40.3,58004920,40.3,0.3599999999999994,0.9,2026-09-14 16:20:12.306099
AAPL,2022-08-17,40.3,40.91,40.13,40.83,50018947,40.83,0.5300000000000011,1.32,2026-09-14 16:20:12.306099
AAPL,2022-08-18,40.83,41.06,39.79,39.85,55877425,39.85,-0.9799999999999968,-2.4,2026-09-14 16:20:12.306099
AAPL,2022-08-19,39.85,40.04,37.87,37.99,50702166,37.99,-1.86,-4.67,2026-09-14 16:20:12.306099
AAPL,2022-08-22,37.99,38.33,36.81,37.0,83664901,37.0,-0.990000000000002,-2.61,2026-09-14 16:20:12.306099
AAPL,2022-08-23,37.0,37.13,36.24,36.26,47867301,36.26,-0.740000000000002,-2.0,2026-09-14 16:20:12.306099
AAPL,2022-08-24,36.26,37.03,36.06,36.73,67606540,36.73,0.4699999999999988,1.3,2026-09-14 16:20:12.306099
AAPL,2022-08-25,36.73,36.74,35.59,35.87,25033438,35.87,-0.8599999999999994,-2.34,2026-09-14 16:20:12.306099
AAPL,2022-08-26,35.87,36.87,35.53,36.53,65463156,36.53,0.6600000000000037,1.84,2026-09-14 16:20:12.306099
AAPL,2022-08-29,36.53,36.84,36.43,36.5,48645309,36.5,-0.0300000000000011,-0.08,2026-09-14 16:20:12.306099
AAPL,2022-08-30,36.5,37.99,36.17,37.65,68579733,37.65,1.1499999999999986,3.15,2026-09-14 16:20:12.306099
AAPL,2022-08-31,37.65,39.49,37.55,39.3,89642409,39.3,1.6499999999999986,4.38,2026-09-14 16:20:12.306099
AAPL,2022-09-01,39.3,39.33,38.88,39.15,50795746,39.15,-0.1499999999999985,-0.38,2026-09-14 16:20:12.306099
AAPL,2022-09-02,39.15,40.21,38.84,40.18,13360127,40.18,1.0300000000000011,2.63,2026-09-14 16:20:12.306099
AAPL,2022-09-05,40.18,40.36,39.77,39.86,63434683,39.86,-0.3200000000000003,-0.8,2026-09-14 16:20:12.306099
AAPL,2022-09-06,39.86,39.87,39.38,39.67,28914864,39.67,-0.1899999999999977,-0.48,2026-09-14 16:20:12.306099
AAPL,2022-09-07,39.67,40.32,39.65,40.02,79277855,40.02,0.3500000000000014,0.88,2026-09-14 16:20:12.306099
AAPL,2022-09-08,40.02,40.18,39.88,39.92,85476698,39.92,-0.1000000000000014,-0.25,2026-09-14 16:20:12.306099
AAPL,2022-09-09,39.92,40.65,39.53,40.45,40105518,40.45,0.5300000000000011,1.33,2026-09-14 16:20:12.306099
AAPL,2022-09-12,40.45,40.74,39.97,40.35,91702184,40.35,-0.1000000000000014,-0.25,2026-09-14 16:20:12.306099
AAPL,2022-09-13,40.35,41.83,40.03,41.77,82404491,41.77,1.4200000000000017,3.52,2026-09-14 16:20:12.306099
AAPL,2022-09-14,41.77,41.89,40.99,41.39,28397992,41.39,-0.3800000000000025,-0.91,2026-09-14 16:20:12.306099
AAPL,2022-09-15,41.39,41.69,40.87,40.91,72378800,40.91,-0.480000000000004,-1.16,2026-09-14 16:20:12.306099
AAPL,2022-09-16,40.91,42.36,40.62,42.21,24109660,42.21,1.3000000000000045,3.18,2026-09-14 16:20:12.306099
AAPL,2022-09-19,42.21,42.61,41.36,41.42,72267352,41.42,-0.7899999999999991,-1.87,2026-09-14 16:20:12.306099
AAPL,2022-09-20,41.42,41.7,41.13,41.48,53986644,41.48,0.0599999999999951,0.14,2026-09-14 16:20:12.306099
AAPL,2022-09-21,41.48,42.07,41.32,41.98,87871631,41.98,0.5,1.21,2026-09-14 16:20:12.306099
AAPL,2022-09-22,41.98,43.23,41.9,42.98,86188563,42.98,1.0,2.38,2026-09-14 16:20:12.306099
AAPL,2022-09-23,42.98,44.48,42.87,44.3,49316022,44.3,1.3200000000000005,3.07,2026-09-14 16:20:12.306099
AAPL,2022-09-26,44.3,44.53,43.48,43.69,77164643,43.69,-0.6099999999999994,-1.38,2026-09-14 16:20:12.306099
AAPL,2022-09-27,43.69,43.9,43.54,43.72,23582777,43.72,0.0300000000000011,0.07,2026-09-14 16:20:12.306099
AAPL,2022-09-28,43.72,44.9,43.32,44.51,89272264,44.51,0.7899999999999991,1.81,2026-09-14 16:20:12.306099
AAPL,2022-09-29,44.51,46.02,44.23,45.89,95923442,45.89,1.3800000000000026,3.1,2026-09-14 16:20:12.306099
AAPL,2022-09-30,45.89,46.11,44.48,44.79,79528412,44.79,-1.1000000000000014,-2.4,2026-09-14 16:20:12.306099
AAPL,2022-10-03,44.79,45.13,44.23,44.42,34624586,44.42,-0.3699999999999974,-0.83,2026-09-14 16:20:12.306099
AAPL,2022-10-04,44.42,44.65,43.62,43.82,41337659,43.82,-0.6000000000000014,-1.35,2026-09-14 16:20:12.306099
AAPL,2022-10-05,43.82,44.17,43.77,43.94,88228702,43.94,0.1199999999999974,0.27,2026-09-14 16:20:12.306099
AAPL,2022-10-06,43.94,45.25,43.85,45.05,59805838,45.05,1.1099999999999994,2.53,2026-09-14 16:20:12.306099
AAPL,2022-10-07,45.05,45.49,44.23,44.55,35586881,44.55,-0.5,-1.11,2026-09-14 16:20:12.306099
AAPL,2022-10-10,44.55,45.29,44.16,45.16,36225115,45.16,0.6099999999999994,1.37,2026-09-14 16:20:12.306099
AAPL,2022-10-11,45.16,46.22,44.76,45.89,69271404,45.89,0.730000000000004,1.62,2026-09-14 16:20:12.306099
AAPL,2022-10-12,45.89,45.99,45.49,45.91,34814726,45.91,0.019999999999996,0.04,2026-09-14 16:20:12.306099
AAPL,2022-10-13,45.91,46.36,45.79,45.88,22298677,45.88,-0.029999999999994,-0.07,2026-09-14 16:20:12.306099
AAPL,2022-10-14,45.88,46.04,45.82,45.89,64100900,45.89,0.009999999999998,0.02,2026-09-14 16:20:12.306099
AAPL,2022-10-17,45.89,46.26,45.69,45.76,60118036,45.76,-0.1300000000000025,-0.28,2026-09-14 16:20:12.306099
AAPL,2022-10-18,45.76,45.84,44.82,44.91,10217025,44.91,-0.8500000000000014,-1.86,2026-09-14 16:20:12.306099
AAPL,2022-10-19,44.91,45.0,44.2,44.52,96599247,44.52,-0.3899999999999934,-0.87,2026-09-14 16:20:12.306099
AAPL,2022-10-20,44.52,44.81,43.74,43.83,11620617,43.83,-0.6900000000000048,-1.55,2026-09-14 16:20:12.306099
AAPL,2022-10-21,43.83,44.02,43.21,43.62,58085729,43.62,-0.2100000000000008,-0.48,2026-09-14 16:20:12.306099
AAPL,2022-10-24,43.62,43.99,43.54,43.8,89022634,43.8,0.1799999999999997,0.41,2026-09-14 16:20:12.306099
AAPL,2022-10-25,43.8,43.95,42.69,42.92,70253216,42.92,-0.8799999999999955,-2.01,2026-09-14 16:20:12.306099
AAPL,2022-10-26,42.92,42.95,42.66,42.67,20300742,42.67,-0.25,-0.58,2026-09-14 16:20:12.306099
AAPL,2022-10-27,42.67,43.2,42.61,43.0,47003782,43.0,0.3299999999999983,0.77,2026-09-14 16:20:12.306099
AAPL,2022-10-28,43.0,43.33,42.6,43.29,63923133,43.29,0.2899999999999991,0.67,2026-09-14 16:20:12.306099
AAPL,2022-10-31,43.29,43.51,43.06,43.19,86889792,43.19,-0.1000000000000014,-0.23,2026-09-14 16:20:12.306099
AAPL,2022-11-01,43.19,44.17,42.8,43.95,85418172,43.95,0.7600000000000051,1.76,2026-09-14 16:20:12.306099
AAPL,2022-11-02,43.95,44.54,43.88,44.44,72108686,44.44,0.4899999999999949,1.11,2026-09-14 16:20:12.306099
AAPL,2022-11-03,44.44,45.74,44.1,45.43,36578215,45.43,0.990000000000002,2.23,2026-09-14 16:20:12.306099
AAPL,2022-11-04,45.43,45.65,44.86,44.98,70056574,44.98,-0.4500000000000028,-0.99,2026-09-14 16:20:12.306099
AAPL,2022-11-07,44.98,45.19,43.74,44.05,55939381,44.05,-0.9299999999999996,-2.07,2026-09-14 16:20:12.306099
AAPL,2022-11-08,44.05,44.93,43.73,44.83,74361162,44.83,0.7800000000000011,1.77,2026-09-14 16:20:12.306099
AAPL,2022-11-09,44.83,45.08,44.26,44.64,32457038,44.64,-0.1899999999999977,-0.42,2026-09-14 16:20:12.306099
AAPL,2022-11-10,44.64,45.06,42.96,43.34,46136807,43.34,-1.2999999999999972,-2.91,2026-09-14 16:20:12.306099
AAPL,2022-11-11,43.34,44.77,43.09,44.33,20352484,44.33,0.9899999999999948,2.28,2026-09-14 16:20:12.306099
AAPL,2022-11-14,44.33,44.58,44.22,44.39,41290482,44.39,0.0600000000000022,0.14,2026-09-14 16:20:12.306099
AAPL,2022-11-15,44.39,44.59,43.95,44.34,76143302,44.34,-0.0499999999999971,-0.11,2026-09-14 16:20:12.306099
AAPL,2022-11-16,44.34,44.73,43.13,43.24,69315330,43.24,-1.1000000000000014,-2.48,2026-09-14 16:20:12.306099
AAPL,2022-11-17,43.24,43.89,43.13,43.46,69831558,43.46,0.2199999999999988,0.51,2026-09-14 16:20:12.306099
AAPL,2022-11-18,43.46,44.33,43.09,44.26,11102109,44.26,0.7999999999999972,1.84,2026-09-14 16:20:12.306099
AAPL,2022-11-21,44.26,44.46,43.89,44.06,62774627,44.06,-0.1999999999999957,-0.45,2026-09-14 16:20:12.306099
AAPL,2022-11-22,44.06,44.5,43.8,44.36,88971627,44.36,0.2999999999999971,0.68,2026-09-14 16:20:12.306099
AAPL,2022-11-23,44.36,44.38,43.75,44.16,14198221,44.16,-0.2000000000000028,-0.45,2026-09-14 16:20:12.306099
AAPL,2022-11-24,44.16,44.42,43.04,43.38,23359874,43.38,-0.779999999999994,-1.77,2026-09-14 16:20:12.306099
AAPL,2022-11-25,43.38,44.21,43.32,43.88,52250061,43.88,0.5,1.15,2026-09-14 16:20:12.306099
AAPL,2022-11-28,43.88,45.81,43.79,45.52,37356423,45.52,1.6400000000000006,3.74,2026-09-14 16:20:12.306099
AAPL,2022-11-29,45.52,46.39,45.5,46.18,29762640,46.18,0.6599999999999966,1.45,2026-09-14 16:20:12.306099
AAPL,2022-11-30,46.18,47.54,46.04,47.07,12375626,47.07,0.8900000000000006,1.93,2026-09-14 16:20:12.306099
AAPL,2022-12-01,47.07,47.14,46.94,47.1,99314485,47.1,0.0300000000000011,0.06,2026-09-14 16:20:12.306099
AAPL,2022-12-02,47.1,47.13,46.04,46.25,25447376,46.25,-0.8500000000000014,-1.8,2026-09-14 16:20:12.306099
AAPL,2022-12-05,46.25,48.3,46.02,48.02,76857992,48.02,1.7700000000000031,3.83,2026-09-14 16:20:12.306099
AAPL,2022-12-06,48.02,48.26,47.57,48.14,56619259,48.14,0.1199999999999974,0.25,2026-09-14 16:20:12.306099
AAPL,2022-12-07,48.14,48.55,48.07,48.09,60355843,48.09,-0.0499999999999971,-0.1,2026-09-14 16:20:12.306099
AAPL,2022-12-08,48.09,48.22,46.67,47.08,31625610,47.08,-1.0100000000000051,-2.1,2026-09-14 16:20:12.306099
AAPL,2022-12-09,47.08,47.11,45.73,45.8,44288612,45.8,-1.2800000000000011,-2.72,2026-09-14 16:20:12.306099
AAPL,2022-12-12,45.8,45.87,44.26,44.65,30675837,44.65,-1.1499999999999986,-2.51,2026-09-14 16:20:12.306099
AAPL,2022-12-13,44.65,44.8,44.39,44.44,94987876,44.44,-0.2100000000000008,-0.47,2026-09-14 16:20:12.306099
AAPL,2022-12-14,44.44,45.33,44.19,45.02,55154432,45.02,0.5800000000000054,1.31,2026-09-14 16:20:12.306099
AAPL,2022-12-15,45.02,45.42,43.59,43.9,57923207,43.9,-1.1200000000000043,-2.49,2026-09-14 16:20:12.306099
AAPL,2022-12-16,43.9,44.17,43.51,43.7,66228760,43.7,-0.1999999999999957,-0.46,2026-09-14 16:20:12.306099
AAPL,2022-12-19,43.7,44.75,43.28,44.41,96387882,44.41,0.7099999999999937,1.62,2026-09-14 16:20:12.306099
AAPL,2022-12-20,44.41,44.68,42.81,43.14,26024346,43.14,-1.269999999999996,-2.86,2026-09-14 16:20:12.306099
AAPL,2022-12-21,43.14,44.72,43.14,44.61,97006381,44.61,1.4699999999999989,3.41,2026-09-14 16:20:12.306099
AAPL,2022-12-22,44.61,44.83,42.35,42.46,72367768,42.46,-2.1499999999999986,-4.82,2026-09-14 16:20:12.306099
AAPL,2022-12-23,42.46,43.54,42.03,43.2,41417434,43.2,0.740000000000002,1.74,2026-09-14 16:20:12.306099
AAPL,2022-12-26,43.2,44.28,43.16,44.16,45464157,44.16,0.9599999999999936,2.22,2026-09-14 16:20:12.306099
AAPL,2022-12-27,44.16,44.21,43.88,44.0,24387649,44.0,-0.1599999999999966,-0.36,2026-09-14 16:20:12.306099
AAPL,2022-12-28,44.0,44.76,43.62,44.71,29900305,44.71,0.7100000000000009,1.61,2026-09-14 16:20:12.306099
AAPL,2022-12-29,44.71,45.21,44.39,45.2,33095507,45.2,0.490000000000002,1.1,2026-09-14 16:20:12.306099
AAPL,2022-12-30,45.2,45.28,44.76,45.23,21284626,45.23,0.029999999999994,0.07,2026-09-14 16:20:12.306099
AAPL,2023-01-02,45.23,45.62,44.75,44.86,34027460,44.86,-0.3699999999999974,-0.82,2026-09-14 16:20:12.306099
AAPL,2023-01-03,44.86,44.98,44.6,44.6,48512234,44.6,-0.259999999999998,-0.58,2026-09-14 16:20:12.306099
AAPL,2023-01-04,44.6,45.11,44.32,44.71,62471283,44.71,0.1099999999999994,0.25,2026-09-14 16:20:12.306099
AAPL,2023-01-05,44.71,46.06,44.4,45.74,15441721,45.74,1.0300000000000011,2.3,2026-09-14 16:20:12.306099
AAPL,2023-01-06,45.74,46.07,45.38,45.81,33662266,45.81,0.0700000000000002,0.15,2026-09-14 16:20:12.306099
AAPL,2023-01-09,45.81,48.28,45.44,47.95,44743018,47.95,2.140000000000001,4.67,2026-09-14 16:20:12.306099
AAPL,2023-01-10,47.95,48.48,47.85,48.09,40512874,48.09,0.1400000000000005,0.29,2026-09-14 16:20:12.306099
AAPL,2023-01-11,48.09,48.14,48.01,48.05,12313339,48.05,-0.0400000000000062,-0.08,2026-09-14 16:20:12.306099
AAPL,2023-01-12,48.05,48.2,47.54,47.86,99031172,47.86,-0.1899999999999977,-0.4,2026-09-14 16:20:12.306099
AAPL,2023-01-13,47.86,48.68,47.61,48.43,43922543,48.43,0.5700000000000003,1.19,2026-09-14 16:20:12.306099
AAPL,2023-01-16,48.43,48.89,47.38,47.76,48180395,47.76,-0.6700000000000017,-1.38,2026-09-14 16:20:12.306099
AAPL,2023-01-17,47.76,48.18,46.76,46.82,86462673,46.82,-0.9399999999999976,-1.97,2026-09-14 16:20:12.306099
AAPL,2023-01-18,46.82,47.15,46.41,46.78,52929686,46.78,-0.0399999999999991,-0.09,2026-09-14 16:20:12.306099
AAPL,2023-01-19,46.78,48.24,46.61,47.84,38861223,47.84,1.0600000000000025,2.27,2026-09-14 16:20:12.306099
AAPL,2023-01-20,47.84,48.19,47.51,47.98,22347802,47.98,0.1399999999999934,0.29,2026-09-14 16:20:12.306099
AAPL,2023-01-23,47.98,48.41,47.4,47.42,51160449,47.42,-0.5599999999999952,-1.17,2026-09-14 16:20:12.306099
AAPL,2023-01-24,47.42,48.2,47.14,47.77,84203584,47.77,0.3500000000000014,0.74,2026-09-14 16:20:12.306099
AAPL,2023-01-25,47.77,47.94,46.35,46.79,89737760,46.79,-0.980000000000004,-2.05,2026-09-14 16:20:12.306099
AAPL,2023-01-26,46.79,47.91,46.57,47.68,15291069,47.68,0.8900000000000006,1.9,2026-09-14 16:20:12.306099
AAPL,2023-01-27,47.68,48.25,47.47,47.86,35149597,47.86,0.1799999999999997,0.38,2026-09-14 16:20:12.306099
AAPL,2023-01-30,47.86,49.02,47.52,48.96,60100287,48.96,1.1000000000000014,2.3,2026-09-14 16:20:12.306099
AAPL,2023-01-31,48.96,50.29,48.48,49.97,21015562,49.97,1.009999999999998,2.06,2026-09-14 16:20:12.306099
AAPL,2023-02-01,49.97,50.22,48.84,48.92,57842218,48.92,-1.0499999999999972,-2.1,2026-09-14 16:20:12.306099
AAPL,2023-02-02,48.92,49.0,47.47,47.55,87071384,47.55,-1.3700000000000043,-2.8,2026-09-14 16:20:12.306099
AAPL,2023-02-03,47.55,47.85,46.88,47.18,85525378,47.18,-0.3699999999999974,-0.78,2026-09-14 16:20:12.306099
AAPL,2023-02-06,47.18,47.57,44.49,44.77,50451144,44.77,-2.4099999999999966,-5.11,2026-09-14 16:20:12.306099
AAPL,2023-02-07,44.77,44.94,44.38,44.56,21637832,44.56,-0.2100000000000008,-0.47,2026-09-14 16:20:12.306099
AAPL,2023-02-08,44.56,45.24,44.55,45.07,34761767,45.07,0.509999999999998,1.14,2026-09-14 16:20:12.306099
AAPL,2023-02-09,45.07,45.33,44.7,45.06,58841923,45.06,-0.009999999999998,-0.02,2026-09-14 16:20:12.306099
AAPL,2023-02-10,45.06,46.45,45.02,46.08,97930573,46.08,1.019999999999996,2.26,2026-09-14 16:20:12.306099
AAPL,2023-02-13,46.08,46.36,45.41,45.77,39870472,45.77,-0.3099999999999951,-0.67,2026-09-14 16:20:12.306099
AAPL,2023-02-14,45.77,47.17,45.75,47.0,10761536,47.0,1.2299999999999969,2.69,2026-09-14 16:20:12.306099
AAPL,2023-02-15,47.0,47.54,46.71,47.5,57327870,47.5,0.5,1.06,2026-09-14 16:20:12.306099
AAPL,2023-02-16,47.5,47.82,45.82,45.83,34388513,45.83,-1.6700000000000017,-3.52,2026-09-14 16:20:12.306099
AAPL,2023-02-17,45.83,46.25,45.51,45.71,17333558,45.71,-0.1199999999999974,-0.26,2026-09-14 16:20:12.306099
AAPL,2023-02-20,45.71,46.12,44.99,45.18,31901972,45.18,-0.5300000000000011,-1.16,2026-09-14 16:20:12.306099
AAPL,2023-02-21,45.18,46.09,44.77,45.82,71009922,45.82,0.6400000000000006,1.42,2026-09-14 16:20:12.306099
AAPL,2023-02-22,45.82,46.11,45.25,45.63,52824705,45.63,-0.1899999999999977,-0.41,2026-09-14 16:20:12.306099
AAPL,2023-02-23,45.63,46.53,45.47,46.35,62468976,46.35,0.7199999999999989,1.58,2026-09-14 16:20:12.306099
AAPL,2023-02-24,46.35,47.41,46.11,46.95,44665482,46.95,0.6000000000000014,1.29,2026-09-14 16:20:12.306099
AAPL,2023-02-27,46.95,47.74,46.78,47.48,75061594,47.48,0.529999999999994,1.13,2026-09-14 16:20:12.306099
AAPL,2023-02-28,47.48,47.66,47.13,47.43,15476218,47.43,-0.0499999999999971,-0.11,2026-09-14 16:20:12.306099
AAPL,2023-03-01,47.43,47.74,47.21,47.5,74732769,47.5,0.0700000000000002,0.15,2026-09-14 16:20:12.306099
AAPL,2023-03-02,47.5,47.9,47.2,47.38,39433392,47.38,-0.1199999999999974,-0.25,2026-09-14 16:20:12.306099
AAPL,2023-03-03,47.38,47.99,47.08,47.71,59997061,47.71,0.3299999999999983,0.7,2026-09-14 16:20:12.306099
AAPL,2023-03-06,47.71,47.8,47.23,47.5,24229161,47.5,-0.2100000000000008,-0.44,2026-09-14 16:20:12.306099
AAPL,2023-03-07,47.5,47.81,46.96,47.19,44163238,47.19,-0.3100000000000023,-0.65,2026-09-14 16:20:12.306099
AAPL,2023-03-08,47.19,47.55,46.79,47.04,95504784,47.04,-0.1499999999999985,-0.32,2026-09-14 16:20:12.306099
AAPL,2023-03-09,47.04,48.0,46.96,47.63,35721322,47.63,0.5900000000000034,1.25,2026-09-14 16:20:12.306099
AAPL,2023-03-10,47.63,47.68,46.5,46.73,27303412,46.73,-0.9000000000000057,-1.89,2026-09-14 16:20:12.306099
AAPL,2023-03-13,46.73,46.9,46.68,46.82,97217805,46.82,0.0900000000000034,0.19,2026-09-14 16:20:12.306099
AAPL,2023-03-14,46.82,47.25,46.19,46.42,13006221,46.42,-0.3999999999999986,-0.85,2026-09-14 16:20:12.306099
AAPL,2023-03-15,46.42,47.83,46.41,47.56,87511783,47.56,1.1400000000000006,2.46,2026-09-14 16:20:12.306099
AAPL,2023-03-16,47.56,47.92,45.79,46.01,65656219,46.01,-1.5500000000000045,-3.26,2026-09-14 16:20:12.306099
AAPL,2023-03-17,46.01,46.46,45.75,45.93,24609395,45.93,-0.0799999999999983,-0.17,2026-09-14 16:20:12.306099
AAPL,2023-03-20,45.93,46.9,45.48,46.6,90621504,46.6,0.6700000000000017,1.46,2026-09-14 16:20:12.306099
AAPL,2023-03-21,46.6,47.5,46.27,47.04,40532601,47.04,0.4399999999999977,0.94,2026-09-14 16:20:12.306099
AAPL,2023-03-22,47.04,47.07,46.39,46.49,47578621,46.49,-0.5499999999999972,-1.17,2026-09-14 16:20:12.306099
AAPL,2023-03-23,46.49,47.4,46.03,46.95,43384232,46.95,0.4600000000000008,0.99,2026-09-14 16:20:12.306099
AAPL,2023-03-24,46.95,47.14,45.72,45.78,40323416,45.78,-1.1700000000000017,-2.49,2026-09-14 16:20:12.306099
AAPL,2023-03-27,45.78,46.61,45.68,46.46,20111060,46.46,0.6799999999999997,1.49,2026-09-14 16:20:12.306099
AAPL,2023-03-28,46.46,46.88,46.21,46.25,39228097,46.25,-0.2100000000000008,-0.45,2026-09-14 16:20:12.306099
AAPL,2023-03-29,46.25,46.41,45.6,45.83,13907805,45.83,-0.4200000000000017,-0.91,2026-09-14 16:20:12.306099
AAPL,2023-03-30,45.83,46.09,45.26,45.57,61053203,45.57,-0.259999999999998,-0.57,2026-09-14 16:20:12.306099
AAPL,2023-03-31,45.57,45.73,44.38,44.48,55006095,44.48,-1.0900000000000034,-2.39,2026-09-14 16:20:12.306099
AAPL,2023-04-03,44.48,44.63,43.79,44.09,19784533,44.09,-0.3899999999999934,-0.88,2026-09-14 16:20:12.306099
AAPL,2023-04-04,44.09,45.33,43.91,45.03,82164253,45.03,0.9399999999999976,2.13,2026-09-14 16:20:12.306099
AAPL,2023-04-05,45.03,45.46,44.04,44.23,33789450,44.23,-0.8000000000000043,-1.78,2026-09-14 16:20:12.306099
AAPL,2023-04-06,44.23,44.51,42.44,42.71,38960075,42.71,-1.519999999999996,-3.44,2026-09-14 16:20:12.306099
AAPL,2023-04-07,42.71,42.8,42.19,42.26,21151031,42.26,-0.4500000000000028,-1.05,2026-09-14 16:20:12.306099
AAPL,2023-04-10,42.26,43.11,42.0,43.1,95272641,43.1,0.8400000000000034,1.99,2026-09-14 16:20:12.306099
AAPL,2023-04-11,43.1,44.04,42.8,43.81,38545272,43.81,0.7100000000000009,1.65,2026-09-14 16:20:12.306099
AAPL,2023-04-12,43.81,44.64,43.49,44.28,82760447,44.28,0.4699999999999988,1.07,2026-09-14 16:20:12.306099
AAPL,2023-04-13,44.28,44.45,43.48,43.81,64250611,43.81,-0.4699999999999988,-1.06,2026-09-14 16:20:12.306099
AAPL,2023-04-14,43.81,44.13,42.87,43.2,89717063,43.2,-0.6099999999999994,-1.39,2026-09-14 16:20:12.306099
AAPL,2023-04-17,43.2,43.89,43.07,43.6,63511183,43.6,0.3999999999999986,0.93,2026-09-14 16:20:12.306099
AAPL,2023-04-18,43.6,43.95,43.41,43.59,55784820,43.59,-0.009999999999998,-0.02,2026-09-14 16:20:12.306099
AAPL,2023-04-19,43.59,43.67,42.85,42.97,92092330,42.97,-0.6200000000000045,-1.42,2026-09-14 16:20:12.306099
AAPL,2023-04-20,42.97,43.38,42.51,42.61,75076397,42.61,-0.3599999999999994,-0.84,2026-09-14 16:20:12.306099
AAPL,2023-04-21,42.61,43.59,42.34,43.29,73607372,43.29,0.6799999999999997,1.6,2026-09-14 16:20:12.306099
AAPL,2023-04-24,43.29,43.54,42.99,43.02,34374289,43.02,-0.269999999999996,-0.62,2026-09-14 16:20:12.306099
AAPL,2023-04-25,43.02,44.6,42.78,44.39,63692240,44.39,1.3699999999999974,3.18,2026-09-14 16:20:12.306099
AAPL,2023-04-26,44.39,44.75,44.06,44.41,74286947,44.41,0.019999999999996,0.05,2026-09-14 16:20:12.306099
AAPL,2023-04-27,44.41,44.8,43.53,43.79,97036497,43.79,-0.6199999999999974,-1.4,2026-09-14 16:20:12.306099
AAPL,2023-04-28,43.79,44.99,43.48,44.7,52949836,44.7,0.9100000000000036,2.08,2026-09-14 16:20:12.306099
AAPL,2023-05-01,44.7,44.95,44.25,44.41,91821166,44.41,-0.2900000000000062,-0.65,2026-09-14 16:20:12.306099
AAPL,2023-05-02,44.41,44.49,43.0,43.25,45639333,43.25,-1.1599999999999966,-2.61,2026-09-14 16:20:12.306099
AAPL,2023-05-03,43.25,43.77,43.01,43.52,25587737,43.52,0.2700000000000031,0.62,2026-09-14 16:20:12.306099
AAPL,2023-05-04,43.52,45.28,43.19,45.03,42541293,45.03,1.509999999999998,3.47,2026-09-14 16:20:12.306099
AAPL,2023-05-05,45.03,46.7,44.78,46.26,12442596,46.26,1.2299999999999969,2.73,2026-09-14 16:20:12.306099
AAPL,2023-05-08,46.26,46.86,45.9,46.77,73464618,46.77,0.5100000000000051,1.1,2026-09-14 16:20:12.306099
AAPL,2023-05-09,46.77,47.22,46.0,46.13,78980462,46.13,-0.6400000000000006,-1.37,2026-09-14 16:20:12.306099
AAPL,2023-05-10,46.13,46.42,45.47,45.75,14908916,45.75,-0.3800000000000025,-0.82,2026-09-14 16:20:12.306099
AAPL,2023-05-11,45.75,45.81,45.69,45.78,33188724,45.78,0.0300000000000011,0.07,2026-09-14 16:20:12.306099
AAPL,2023-05-12,45.78,46.02,44.92,45.28,85448057,45.28,-0.5,-1.09,2026-09-14 16:20:12.306099
AAPL,2023-05-15,45.28,46.32,44.88,46.14,76784477,46.14,0.8599999999999994,1.9,2026-09-14 16:20:12.306099
AAPL,2023-05-16,46.14,46.56,43.75,44.01,57571698,44.01,-2.1300000000000026,-4.62,2026-09-14 16:20:12.306099
AAPL,2023-05-17,44.01,44.38,43.66,44.18,14846172,44.18,0.1700000000000017,0.39,2026-09-14 16:20:12.306099
AAPL,2023-05-18,44.18,44.42,44.15,44.19,97888871,44.19,0.009999999999998,0.02,2026-09-14 16:20:12.306099
AAPL,2023-05-19,44.19,44.51,44.0,44.11,97079680,44.11,-0.0799999999999983,-0.18,2026-09-14 16:20:12.306099
AAPL,2023-05-22,44.11,44.12,44.05,44.06,59803603,44.06,-0.0499999999999971,-0.11,2026-09-14 16:20:12.306099
AAPL,2023-05-23,44.06,44.49,41.81,41.95,53443328,41.95,-2.1099999999999994,-4.79,2026-09-14 16:20:12.306099
AAPL,2023-05-24,41.95,43.48,41.69,43.37,90972347,43.37,1.4199999999999946,3.38,2026-09-14 16:20:12.306099
AAPL,2023-05-25,43.37,43.48,43.28,43.38,21149758,43.38,0.0100000000000051,0.02,2026-09-14 16:20:12.306099
AAPL,2023-05-26,43.38,44.03,43.34,43.76,76467844,43.76,0.3799999999999954,0.88,2026-09-14 16:20:12.306099
AAPL,2023-05-29,43.76,44.22,43.47,43.82,27765676,43.82,0.0600000000000022,0.14,2026-09-14 16:20:12.306099
AAPL,2023-05-30,43.82,44.35,43.39,43.93,44372699,43.93,0.1099999999999994,0.25,2026-09-14 16:20:12.306099
AAPL,2023-05-31,43.93,45.08,43.8,44.85,98169620,44.85,0.9200000000000016,2.09,2026-09-14 16:20:12.306099
AAPL,2023-06-01,44.85,45.63,44.66,45.46,21255762,45.46,0.6099999999999994,1.36,2026-09-14 16:20:12.306099
AAPL,2023-06-02,45.46,45.95,45.4,45.56,62561975,45.56,0.1000000000000014,0.22,2026-09-14 16:20:12.306099
AAPL,2023-06-05,45.56,45.64,45.24,45.25,34600897,45.25,-0.3100000000000023,-0.68,2026-09-14 16:20:12.306099
AAPL,2023-06-06,45.25,45.42,44.05,44.41,74771673,44.41,-0.8400000000000034,-1.86,2026-09-14 16:20:12.306099
AAPL,2023-06-07,44.41,44.6,43.8,44.11,69880754,44.11,-0.2999999999999971,-0.68,2026-09-14 16:20:12.306099
AAPL,2023-06-08,44.11,44.25,43.21,43.44,81699158,43.44,-0.6700000000000017,-1.52,2026-09-14 16:20:12.306099
AAPL,2023-06-09,43.44,43.54,42.21,42.63,20402092,42.63,-0.8099999999999952,-1.86,2026-09-14 16:20:12.306099
AAPL,2023-06-12,42.63,42.97,41.71,42.07,81542582,42.07,-0.5600000000000023,-1.31,2026-09-14 16:20:12.306099
AAPL,2023-06-13,42.07,42.33,40.98,41.29,77111721,41.29,-0.7800000000000011,-1.85,2026-09-14 16:20:12.306099
AAPL,2023-06-14,41.29,41.83,41.15,41.76,53186003,41.76,0.4699999999999988,1.14,2026-09-14 16:20:12.306099
AAPL,2023-06-15,41.76,42.11,40.22,40.53,70853547,40.53,-1.2299999999999969,-2.95,2026-09-14 16:20:12.306099
AAPL,2023-06-16,40.53,40.73,40.15,40.29,31143536,40.29,-0.240000000000002,-0.59,2026-09-14 16:20:12.306099
AAPL,2023-06-19,40.29,40.43,40.04,40.14,61471209,40.14,-0.1499999999999985,-0.37,2026-09-14 16:20:12.306099
AAPL,2023-06-20,40.14,40.25,39.15,39.17,67727611,39.17,-0.9699999999999988,-2.42,2026-09-14 16:20:12.306099
AAPL,2023-06-21,39.17,39.3,38.13,38.18,96212784,38.18,-0.990000000000002,-2.53,2026-09-14 16:20:12.306099
AAPL,2023-06-22,38.18,39.44,37.98,39.17,82587992,39.17,0.990000000000002,2.59,2026-09-14 16:20:12.306099
AAPL,2023-06-23,39.17,39.32,38.77,39.04,30689873,39.04,-0.1300000000000025,-0.33,2026-09-14 16:20:12.306099
AAPL,2023-06-26,39.04,39.19,38.64,38.64,95997508,38.64,-0.3999999999999986,-1.02,2026-09-14 16:20:12.306099
AAPL,2023-06-27,38.64,40.12,38.26,40.0,38541490,40.0,1.3599999999999994,3.52,2026-09-14 16:20:12.306099
AAPL,2023-06-28,40.0,41.59,39.88,41.23,50548625,41.23,1.2299999999999969,3.07,2026-09-14 16:20:12.306099
AAPL,2023-06-29,41.23,41.29,40.91,41.08,37846894,41.08,-0.1499999999999985,-0.36,2026-09-14 16:20:12.306099
AAPL,2023-06-30,41.08,41.14,40.45,40.55,74023858,40.55,-0.5300000000000011,-1.29,2026-09-14 16:20:12.306099
AAPL,2023-07-03,40.55,40.72,40.1,40.39,78892154,40.39,-0.1599999999999966,-0.39,2026-09-14 16:20:12.306099
AAPL,2023-07-04,40.39,41.79,40.1,41.44,40536512,41.44,1.0499999999999972,2.6,2026-09-14 16:20:12.306099
AAPL,2023-07-05,41.44,41.9,41.19,41.59,60263305,41.59,0.1500000000000056,0.36,2026-09-14 16:20:12.306099
AAPL,2023-07-06,41.59,43.1,41.35,42.68,82784608,42.68,1.0899999999999963,2.62,2026-09-14 16:20:12.306099
AAPL,2023-07-07,42.68,44.57,42.27,44.19,27377488,44.19,1.509999999999998,3.54,2026-09-14 16:20:12.306099
AAPL,2023-07-10,44.19,44.45,43.64,43.83,61365042,43.83,-0.3599999999999994,-0.81,2026-09-14 16:20:12.306099
AAPL,2023-07-11,43.83,44.24,42.78,42.96,74613938,42.96,-0.8699999999999974,-1.98,2026-09-14 16:20:12.306099
AAPL,2023-07-12,42.96,43.18,42.54,42.55,55337551,42.55,-0.4100000000000037,-0.95,2026-09-14 16:20:12.306099
AAPL,2023-07-13,42.55,43.4,42.27,43.08,42255706,43.08,0.5300000000000011,1.25,2026-09-14 16:20:12.306099
AAPL,2023-07-14,43.08,43.19,42.66,43.14,93009984,43.14,0.0600000000000022,0.14,2026-09-14 16:20:12.306099
AAPL,2023-07-17,43.14,43.25,42.39,42.58,72094602,42.58,-0.5600000000000023,-1.3,2026-09-14 16:20:12.306099
AAPL,2023-07-18,42.58,42.61,41.18,41.35,33453009,41.35,-1.2299999999999969,-2.89,2026-09-14 16:20:12.306099
AAPL,2023-07-19,41.35,41.42,40.0,40.27,57396783,40.27,-1.0799999999999983,-2.61,2026-09-14 16:20:12.306099
AAPL,2023-07-20,40.27,40.6,40.07,40.38,81637737,40.38,0.1099999999999994,0.27,2026-09-14 16:20:12.306099
AAPL,2023-07-21,40.38,40.43,39.44,39.79,73431724,39.79,-0.5900000000000034,-1.46,2026-09-14 16:20:12.306099
AAPL,2023-07-24,39.79,39.94,39.23,39.36,10507553,39.36,-0.4299999999999997,-1.08,2026-09-14 16:20:12.306099
AAPL,2023-07-25,39.36,40.66,39.2,40.42,58939193,40.42,1.0600000000000025,2.69,2026-09-14 16:20:12.306099
AAPL,2023-07-26,40.42,40.86,40.17,40.79,56283555,40.79,0.3699999999999974,0.92,2026-09-14 16:20:12.306099
AAPL,2023-07-27,40.79,41.06,40.25,40.49,83373913,40.49,-0.2999999999999971,-0.74,2026-09-14 16:20:12.306099
AAPL,2023-07-28,40.49,40.77,39.61,39.89,34764719,39.89,-0.6000000000000014,-1.48,2026-09-14 16:20:12.306099
AAPL,2023-07-31,39.89,40.8,39.81,40.72,57140397,40.72,0.8299999999999983,2.08,2026-09-14 16:20:12.306099
AAPL,2023-08-01,40.72,41.09,40.67,40.82,12420067,40.82,0.1000000000000014,0.25,2026-09-14 16:20:12.306099
AAPL,2023-08-02,40.82,41.63,40.42,41.55,37269667,41.55,0.7299999999999969,1.79,2026-09-14 16:20:12.306099
AAPL,2023-08-03,41.55,43.11,41.4,43.02,64526400,43.02,1.470000000000006,3.54,2026-09-14 16:20:12.306099
AAPL,2023-08-04,43.02,43.18,42.31,42.58,53385390,42.58,-0.4400000000000048,-1.02,2026-09-14 16:20:12.306099
AAPL,2023-08-07,42.58,42.82,41.93,42.05,73322853,42.05,-0.5300000000000011,-1.24,2026-09-14 16:20:12.306099
AAPL,2023-08-08,42.05,42.58,41.64,42.38,89118719,42.38,0.3300000000000054,0.78,2026-09-14 16:20:12.306099
AAPL,2023-08-09,42.38,43.03,42.13,42.7,58133016,42.7,0.3200000000000003,0.76,2026-09-14 16:20:12.306099
AAPL,2023-08-10,42.7,43.1,42.43,42.73,58393538,42.73,0.029999999999994,0.07,2026-09-14 16:20:12.306099
AAPL,2023-08-11,42.73,42.92,42.09,42.48,74056305,42.48,-0.25,-0.59,2026-09-14 16:20:12.306099
AAPL,2023-08-14,42.48,43.65,42.13,43.27,59201579,43.27,0.7900000000000063,1.86,2026-09-14 16:20:12.306099
AAPL,2023-08-15,43.27,43.51,43.18,43.2,38834106,43.2,-0.0700000000000002,-0.16,2026-09-14 16:20:12.306099
AAPL,2023-08-16,43.2,43.6,43.02,43.17,87402140,43.17,-0.0300000000000011,-0.07,2026-09-14 16:20:12.306099
AAPL,2023-08-17,43.17,43.18,42.64,42.74,73887606,42.74,-0.4299999999999997,-1.0,2026-09-14 16:20:12.306099
AAPL,2023-08-18,42.74,42.91,42.43,42.71,65094275,42.71,-0.0300000000000011,-0.07,2026-09-14 16:20:12.306099
AAPL,2023-08-21,42.71,43.02,41.65,41.69,24242516,41.69,-1.0200000000000031,-2.39,2026-09-14 16:20:12.306099
AAPL,2023-08-22,41.69,42.08,41.21,41.59,81767104,41.59,-0.0999999999999943,-0.24,2026-09-14 16:20:12.306099
AAPL,2023-08-23,41.59,42.25,41.51,42.01,43154554,42.01,0.4199999999999946,1.01,2026-09-14 16:20:12.306099
AAPL,2023-08-24,42.01,42.5,41.94,42.15,68156125,42.15,0.1400000000000005,0.33,2026-09-14 16:20:12.306099
AAPL,2023-08-25,42.15,42.44,41.24,41.28,91706455,41.28,-0.8699999999999974,-2.06,2026-09-14 16:20:12.306099
AAPL,2023-08-28,41.28,41.59,41.01,41.4,89113989,41.4,0.1199999999999974,0.29,2026-09-14 16:20:12.306099
AAPL,2023-08-29,41.4,42.01,41.21,41.79,16533228,41.79,0.3900000000000005,0.94,2026-09-14 16:20:12.306099
AAPL,2023-08-30,41.79,41.84,41.22,41.38,44814056,41.38,-0.4099999999999966,-0.98,2026-09-14 16:20:12.306099
AAPL,2023-08-31,41.38,41.55,40.81,41.07,38024858,41.07,-0.3100000000000023,-0.75,2026-09-14 16:20:12.306099
AAPL,2023-09-01,41.07,41.42,40.26,40.65,51272544,40.65,-0.4200000000000017,-1.02,2026-09-14 16:20:12.306099
AAPL,2023-09-04,40.65,41.29,40.64,41.27,45359379,41.27,0.6200000000000045,1.53,2026-09-14 16:20:12.306099
AAPL,2023-09-05,41.27,41.57,40.8,40.94,97124178,40.94,-0.3300000000000054,-0.8,2026-09-14 16:20:12.306099
AAPL,2023-09-06,40.94,41.38,40.77,41.26,29038890,41.26,0.3200000000000003,0.78,2026-09-14 16:20:12.306099
AAPL,2023-09-07,41.26,41.51,40.99,41.36,45014247,41.36,0.1000000000000014,0.24,2026-09-14 16:20:12.306099
AAPL,2023-09-08,41.36,41.82,41.16,41.55,21892867,41.55,0.1899999999999977,0.46,2026-09-14 16:20:12.306099
AAPL,2023-09-11,41.55,41.94,41.43,41.72,89013420,41.72,0.1700000000000017,0.41,2026-09-14 16:20:12.306099
AAPL,2023-09-12,41.72,42.43,41.49,42.3,40583290,42.3,0.5799999999999983,1.39,2026-09-14 16:20:12.306099
AAPL,2023-09-13,42.3,43.78,42.24,43.66,13316872,43.66,1.3599999999999994,3.22,2026-09-14 16:20:12.306099
AAPL,2023-09-14,43.66,44.08,43.03,43.28,54006411,43.28,-0.3799999999999954,-0.87,2026-09-14 16:20:12.306099
AAPL,2023-09-15,43.28,43.58,43.13,43.19,34851688,43.19,-0.0900000000000034,-0.21,2026-09-14 16:20:12.306099
AAPL,2023-09-18,43.19,43.66,42.86,43.46,90739885,43.46,0.2700000000000031,0.63,2026-09-14 16:20:12.306099
AAPL,2023-09-19,43.46,44.01,43.42,43.93,25249654,43.93,0.4699999999999988,1.08,2026-09-14 16:20:12.306099
AAPL,2023-09-20,43.93,44.33,43.07,43.47,36839421,43.47,-0.4600000000000008,-1.05,2026-09-14 16:20:12.306099
AAPL,2023-09-21,43.47,43.71,42.37,42.72,59352835,42.72,-0.75,-1.73,2026-09-14 16:20:12.306099
AAPL,2023-09-22,42.72,42.75,42.16,42.57,48322230,42.57,-0.1499999999999985,-0.35,2026-09-14 16:20:12.306099
AAPL,2023-09-25,42.57,43.29,42.41,43.14,95049714,43.14,0.5700000000000003,1.34,2026-09-14 16:20:12.306099
AAPL,2023-09-26,43.14,43.19,42.17,42.51,59446854,42.51,-0.6300000000000026,-1.46,2026-09-14 16:20:12.306099
AAPL,2023-09-27,42.51,42.55,42.41,42.54,33472966,42.54,0.0300000000000011,0.07,2026-09-14 16:20:12.306099
AAPL,2023-09-28,42.54,42.63,41.91,42.22,86989032,42.22,-0.3200000000000003,-0.75,2026-09-14 16:20:12.306099
AAPL,2023-09-29,42.22,42.38,41.8,41.94,99987476,41.94,-0.2800000000000011,-0.66,2026-09-14 16:20:12.306099
AAPL,2023-10-02,41.94,42.26,41.83,42.03,38917490,42.03,0.0900000000000034,0.21,2026-09-14 16:20:12.306099
AAPL,2023-10-03,42.03,42.26,41.89,41.89,96346007,41.89,-0.1400000000000005,-0.33,2026-09-14 16:20:12.306099
AAPL,2023-10-04,41.89,42.55,41.8,42.3,78848846,42.3,0.4099999999999966,0.98,2026-09-14 16:20:12.306099
AAPL,2023-10-05,42.3,43.15,42.05,43.11,69237437,43.11,0.8100000000000023,1.91,2026-09-14 16:20:12.306099
AAPL,2023-10-06,43.11,44.11,42.73,44.01,51533296,44.01,0.8999999999999986,2.09,2026-09-14 16:20:12.306099
AAPL,2023-10-09,44.01,44.06,43.7,43.79,35447563,43.79,-0.2199999999999988,-0.5,2026-09-14 16:20:12.306099
AAPL,2023-10-10,43.79,44.11,41.86,41.94,99338661,41.94,-1.8500000000000008,-4.22,2026-09-14 16:20:12.306099
AAPL,2023-10-11,41.94,42.52,41.55,42.26,84925668,42.26,0.3200000000000003,0.76,2026-09-14 16:20:12.306099
AAPL,2023-10-12,42.26,42.56,41.85,41.9,10869674,41.9,-0.3599999999999994,-0.85,2026-09-14 16:20:12.306099
AAPL,2023-10-13,41.9,41.94,41.52,41.67,30136851,41.67,-0.2299999999999968,-0.55,2026-09-14 16:20:12.306099
AAPL,2023-10-16,41.67,42.04,40.55,40.89,74254986,40.89,-0.7800000000000011,-1.87,2026-09-14 16:20:12.306099
AAPL,2023-10-17,40.89,40.91,40.31,40.58,67803232,40.58,-0.3100000000000023,-0.76,2026-09-14 16:20:12.306099
AAPL,2023-10-18,40.58,41.13,40.45,41.03,47655059,41.03,0.4500000000000028,1.11,2026-09-14 16:20:12.306099
AAPL,2023-10-19,41.03,41.92,40.81,41.53,75804751,41.53,0.5,1.22,2026-09-14 16:20:12.306099
AAPL,2023-10-20,41.53,41.57,40.82,41.09,53389964,41.09,-0.4399999999999977,-1.06,2026-09-14 16:20:12.306099
AAPL,2023-10-23,41.09,41.95,40.71,41.94,95750573,41.94,0.8499999999999943,2.07,2026-09-14 16:20:12.306099
AAPL,2023-10-24,41.94,42.06,41.86,41.97,80317406,41.97,0.0300000000000011,0.07,2026-09-14 16:20:12.306099
AAPL,2023-10-25,41.97,43.21,41.63,43.13,41812738,43.13,1.1600000000000037,2.76,2026-09-14 16:20:12.306099
AAPL,2023-10-26,43.13,43.3,42.25,42.47,53212822,42.47,-0.6600000000000037,-1.53,2026-09-14 16:20:12.306099
AAPL,2023-10-27,42.47,42.86,42.09,42.68,55260472,42.68,0.2100000000000008,0.49,2026-09-14 16:20:12.306099
AAPL,2023-10-30,42.68,43.06,42.55,42.73,81137214,42.73,0.0499999999999971,0.12,2026-09-14 16:20:12.306099
AAPL,2023-10-31,42.73,42.74,42.57,42.64,11948758,42.64,-0.0899999999999963,-0.21,2026-09-14 16:20:12.306099
AAPL,2023-11-01,42.64,43.07,40.94,41.25,19731534,41.25,-1.3900000000000006,-3.26,2026-09-14 16:20:12.306099
AAPL,2023-11-02,41.25,41.56,40.91,41.04,55205012,41.04,-0.2100000000000008,-0.51,2026-09-14 16:20:12.306099
AAPL,2023-11-03,41.04,41.18,40.84,41.17,75915588,41.17,0.1300000000000025,0.32,2026-09-14 16:20:12.306099
AAPL,2023-11-06,41.17,41.36,40.83,41.05,76200883,41.05,-0.1200000000000045,-0.29,2026-09-14 16:20:12.306099
AAPL,2023-11-07,41.05,41.4,39.96,40.21,62527660,40.21,-0.8399999999999963,-2.05,2026-09-14 16:20:12.306099
AAPL,2023-11-08,40.21,41.44,40.19,41.22,72846675,41.22,1.009999999999998,2.51,2026-09-14 16:20:12.306099
AAPL,2023-11-09,41.22,42.28,40.86,42.07,70519312,42.07,0.8500000000000014,2.06,2026-09-14 16:20:12.306099
AAPL,2023-11-10,42.07,43.57,42.04,43.56,41661843,43.56,1.490000000000002,3.54,2026-09-14 16:20:12.306099
AAPL,2023-11-13,43.56,43.64,42.68,42.76,30719022,42.76,-0.8000000000000043,-1.84,2026-09-14 16:20:12.306099
AAPL,2023-11-14,42.76,43.61,42.6,43.27,25512794,43.27,0.5100000000000051,1.19,2026-09-14 16:20:12.306099
AAPL,2023-11-15,43.27,43.31,41.66,41.83,14098818,41.83,-1.4400000000000048,-3.33,2026-09-14 16:20:12.306099
AAPL,2023-11-16,41.83,42.7,41.62,42.29,84038019,42.29,0.4600000000000008,1.1,2026-09-14 16:20:12.306099
AAPL,2023-11-17,42.29,42.45,41.89,42.34,44519670,42.34,0.0500000000000042,0.12,2026-09-14 16:20:12.306099
AAPL,2023-11-20,42.34,42.75,41.83,42.06,37481135,42.06,-0.2800000000000011,-0.66,2026-09-14 16:20:12.306099
AAPL,2023-11-21,42.06,42.09,41.71,41.76,10645399,41.76,-0.3000000000000042,-0.71,2026-09-14 16:20:12.306099
AAPL,2023-11-22,41.76,42.1,41.63,41.81,29904527,41.81,0.0500000000000042,0.12,2026-09-14 16:20:12.306099
AAPL,2023-11-23,41.81,42.69,41.69,42.3,38940319,42.3,0.4899999999999949,1.17,2026-09-14 16:20:12.306099
AAPL,2023-11-24,42.3,42.68,41.25,41.64,36383878,41.64,-0.6599999999999966,-1.56,2026-09-14 16:20:12.306099
AAPL,2023-11-27,41.64,41.82,40.11,40.23,89548000,40.23,-1.4100000000000037,-3.39,2026-09-14 16:20:12.306099
AAPL,2023-11-28,40.23,40.49,39.3,39.66,97900333,39.66,-0.5700000000000003,-1.42,2026-09-14 16:20:12.306099
AAPL,2023-11-29,39.66,40.03,39.51,39.54,42335051,39.54,-0.1199999999999974,-0.3,2026-09-14 16:20:12.306099
AAPL,2023-11-30,39.54,39.93,39.12,39.48,12524730,39.48,-0.0600000000000022,-0.15,2026-09-14 16:20:12.306099
AAPL,2023-12-01,39.48,39.9,39.38,39.75,86223904,39.75,0.2700000000000031,0.68,2026-09-14 16:20:12.306099
AAPL,2023-12-04,39.75,40.48,39.53,40.16,43965259,40.16,0.4099999999999966,1.03,2026-09-14 16:20:12.306099
AAPL,2023-12-05,40.16,40.69,39.91,40.29,49544400,40.29,0.1300000000000025,0.32,2026-09-14 16:20:12.306099
AAPL,2023-12-06,40.29,42.71,39.96,42.33,83006720,42.33,2.039999999999999,5.06,2026-09-14 16:20:12.306099
AAPL,2023-12-07,42.33,42.7,40.1,40.22,73333552,40.22,-2.1099999999999994,-4.98,2026-09-14 16:20:12.306099
AAPL,2023-12-08,40.22,40.46,39.48,39.88,98607230,39.88,-0.3399999999999963,-0.85,2026-09-14 16:20:12.306099
AAPL,2023-12-11,39.88,40.1,39.36,39.71,98707214,39.71,-0.1700000000000017,-0.43,2026-09-14 16:20:12.306099
AAPL,2023-12-12,39.71,39.89,39.58,39.87,90690610,39.87,0.1599999999999966,0.4,2026-09-14 16:20:12.306099
AAPL,2023-12-13,39.87,40.31,39.6,40.01,47373746,40.01,0.1400000000000005,0.35,2026-09-14 16:20:12.306099
AAPL,2023-12-14,40.01,40.34,39.78,39.89,71634868,39.89,-0.1199999999999974,-0.3,2026-09-14 16:20:12.306099
AAPL,2023-12-15,39.89,41.28,39.77,40.93,76770034,40.93,1.0399999999999991,2.61,2026-09-14 16:20:12.306099
AAPL,2023-12-18,40.93,41.78,40.76,41.73,14970319,41.73,0.7999999999999972,1.95,2026-09-14 16:20:12.306099
AAPL,2023-12-19,41.73,42.1,41.06,41.08,85448054,41.08,-0.6499999999999986,-1.56,2026-09-14 16:20:12.306099
AAPL,2023-12-20,41.08,41.37,40.63,41.0,61927703,41.0,-0.0799999999999983,-0.19,2026-09-14 16:20:12.306099
AAPL,2023-12-21,41.0,41.84,40.79,41.83,95430891,41.83,0.8299999999999983,2.02,2026-09-14 16:20:12.306099
AAPL,2023-12-22,41.83,42.57,41.82,42.41,92348147,42.41,0.5799999999999983,1.39,2026-09-14 16:20:12.306099
AAPL,2023-12-25,42.41,43.84,42.11,43.53,32849484,43.53,1.1200000000000043,2.64,2026-09-14 16:20:12.306099
AAPL,2023-12-26,43.53,43.97,43.39,43.81,73023075,43.81,0.2800000000000011,0.64,2026-09-14 16:20:12.306099
AAPL,2023-12-27,43.81,44.13,43.79,43.9,29283024,43.9,0.0899999999999963,0.21,2026-09-14 16:20:12.306099
AAPL,2023-12-28,43.9,44.37,43.56,44.02,22814913,44.02,0.1200000000000045,0.27,2026-09-14 16:20:12.306099
AAPL,2023-12-29,44.02,44.2,43.09,43.52,68866288,43.52,-0.5,-1.14,2026-09-14 16:20:12.306099
AAPL,2024-01-01,43.52,43.58,42.52,42.72,79444684,42.72,-0.8000000000000043,-1.84,2026-09-14 16:20:12.306099
AAPL,2024-01-02,42.72,43.73,42.5,43.45,99273646,43.45,0.730000000000004,1.71,2026-09-14 16:20:12.306099
AAPL,2024-01-03,43.45,43.86,42.97,43.15,52119366,43.15,-0.3000000000000042,-0.69,2026-09-14 16:20:12.306099
AAPL,2024-01-04,43.15,43.26,42.57,42.98,92033848,42.98,-0.1700000000000017,-0.39,2026-09-14 16:20:12.306099
AAPL,2024-01-05,42.98,43.41,41.73,42.01,50651694,42.01,-0.9699999999999988,-2.26,2026-09-14 16:20:12.306099
AAPL,2024-01-08,42.01,42.02,41.46,41.8,54755742,41.8,-0.2100000000000008,-0.5,2026-09-14 16:20:12.306099
AAPL,2024-01-09,41.8,42.67,41.65,42.51,12854543,42.51,0.7100000000000009,1.7,2026-09-14 16:20:12.306099
AAPL,2024-01-10,42.51,42.68,41.95,42.04,32259094,42.04,-0.4699999999999988,-1.11,2026-09-14 16:20:12.306099
AAPL,2024-01-11,42.04,42.18,41.09,41.44,20024659,41.44,-0.6000000000000014,-1.43,2026-09-14 16:20:12.306099
AAPL,2024-01-12,41.44,41.5,40.32,40.53,59729129,40.53,-0.9099999999999966,-2.2,2026-09-14 16:20:12.306099
AAPL,2024-01-15,40.53,40.7,40.23,40.43,26285735,40.43,-0.1000000000000014,-0.25,2026-09-14 16:20:12.306099
AAPL,2024-01-16,40.43,40.58,39.08,39.34,49133955,39.34,-1.0899999999999963,-2.7,2026-09-14 16:20:12.306099
AAPL,2024-01-17,39.34,39.85,39.25,39.68,34631984,39.68,0.3399999999999963,0.86,2026-09-14 16:20:12.306099
AAPL,2024-01-18,39.68,40.19,39.35,39.98,79220053,39.98,0.2999999999999971,0.76,2026-09-14 16:20:12.306099
AAPL,2024-01-19,39.98,40.06,39.17,39.51,15110293,39.51,-0.4699999999999988,-1.18,2026-09-14 16:20:12.306099
AAPL,2024-01-22,39.51,40.17,39.35,39.83,20608792,39.83,0.3200000000000003,0.81,2026-09-14 16:20:12.306099
AAPL,2024-01-23,39.83,40.07,39.63,39.69,68944179,39.69,-0.1400000000000005,-0.35,2026-09-14 16:20:12.306099
AAPL,2024-01-24,39.69,39.82,39.17,39.27,84099698,39.27,-0.4199999999999946,-1.06,2026-09-14 16:20:12.306099
AAPL,2024-01-25,39.27,39.56,38.94,39.11,18268046,39.11,-0.1600000000000037,-0.41,2026-09-14 16:20:12.306099
AAPL,2024-01-26,39.11,39.79,38.93,39.59,83461754,39.59,0.480000000000004,1.23,2026-09-14 16:20:12.306099
AAPL,2024-01-29,39.59,40.02,39.36,39.71,58730496,39.71,0.1199999999999974,0.3,2026-09-14 16:20:12.306099
AAPL,2024-01-30,39.71,40.1,39.39,39.99,87116335,39.99,0.2800000000000011,0.71,2026-09-14 16:20:12.306099
AAPL,2024-01-31,39.99,40.35,39.4,39.73,48203809,39.73,-0.2600000000000051,-0.65,2026-09-14 16:20:12.306099
AAPL,2024-02-01,39.73,39.97,39.72,39.92,41308014,39.92,0.1900000000000048,0.48,2026-09-14 16:20:12.306099
AAPL,2024-02-02,39.92,40.53,39.55,40.38,32923920,40.38,0.4600000000000008,1.15,2026-09-14 16:20:12.306099
AAPL,2024-02-05,40.38,40.64,40.24,40.24,75480134,40.24,-0.1400000000000005,-0.35,2026-09-14 16:20:12.306099
AAPL,2024-02-06,40.24,40.64,39.95,40.23,14699345,40.23,-0.0100000000000051,-0.02,2026-09-14 16:20:12.306099
AAPL,2024-02-07,40.23,40.27,38.57,38.94,71564638,38.94,-1.2899999999999991,-3.21,2026-09-14 16:20:12.306099
AAPL,2024-02-08,38.94,39.01,37.92,38.25,28140033,38.25,-0.6899999999999977,-1.77,2026-09-14 16:20:12.306099
AAPL,2024-02-09,38.25,39.34,38.14,39.04,55442326,39.04,0.7899999999999991,2.07,2026-09-14 16:20:12.306099
AAPL,2024-02-12,39.04,39.19,37.76,38.13,72382423,38.13,-0.9099999999999966,-2.33,2026-09-14 16:20:12.306099
AAPL,2024-02-13,38.13,38.97,38.04,38.76,74159187,38.76,0.6299999999999955,1.65,2026-09-14 16:20:12.306099
AAPL,2024-02-14,38.76,38.83,38.6,38.76,67135619,38.76,0.0,0.0,2026-09-14 16:20:12.306099
AAPL,2024-02-15,38.76,38.85,37.61,37.95,44159599,37.95,-0.8099999999999952,-2.09,2026-09-14 16:20:12.306099
AAPL,2024-02-16,37.95,38.02,37.37,37.67,41874811,37.67,-0.2800000000000011,-0.74,2026-09-14 16:20:12.306099
AAPL,2024-02-19,37.67,37.75,36.95,37.21,80293006,37.21,-0.4600000000000008,-1.22,2026-09-14 16:20:12.306099
AAPL,2024-02-20,37.21,38.49,37.2,38.13,21964879,38.13,0.9200000000000016,2.47,2026-09-14 16:20:12.306099
AAPL,2024-02-21,38.13,38.62,38.03,38.36,59866398,38.36,0.2299999999999968,0.6,2026-09-14 16:20:12.306099
AAPL,2024-02-22,38.36,38.57,36.95,37.19,97552724,37.19,-1.1700000000000017,-3.05,2026-09-14 16:20:12.306099
AAPL,2024-02-23,37.19,37.43,35.75,35.96,38579940,35.96,-1.2299999999999969,-3.31,2026-09-14 16:20:12.306099
AAPL,2024-02-26,35.96,36.31,35.85,35.93,81124774,35.93,-0.0300000000000011,-0.08,2026-09-14 16:20:12.306099
AAPL,2024-02-27,35.93,36.37,35.86,36.08,97044097,36.08,0.1499999999999985,0.42,2026-09-14 16:20:12.306099
AAPL,2024-02-28,36.08,36.11,35.3,35.55,64325868,35.55,-0.5300000000000011,-1.47,2026-09-14 16:20:12.306099
AAPL,2024-02-29,35.55,36.52,35.29,36.43,76722523,36.43,0.8800000000000026,2.48,2026-09-14 16:20:12.306099
AAPL,2024-03-01,36.43,36.75,35.33,35.42,16287798,35.42,-1.009999999999998,-2.77,2026-09-14 16:20:12.306099
AAPL,2024-03-04,35.42,35.46,34.98,35.07,55646775,35.07,-0.3500000000000014,-0.99,2026-09-14 16:20:12.306099
AAPL,2024-03-05,35.07,35.3,34.83,35.22,59229940,35.22,0.1499999999999985,0.43,2026-09-14 16:20:12.306099
AAPL,2024-03-06,35.22,35.42,34.5,34.67,33513071,34.67,-0.5499999999999972,-1.56,2026-09-14 16:20:12.306099
AAPL,2024-03-07,34.67,34.74,34.15,34.23,85742973,34.23,-0.4400000000000048,-1.27,2026-09-14 16:20:12.306099
AAPL,2024-03-08,34.23,35.21,34.22,35.0,21453185,35.0,0.7700000000000031,2.25,2026-09-14 16:20:12.306099
AAPL,2024-03-11,35.0,35.0,34.12,34.19,62989002,34.19,-0.8100000000000023,-2.31,2026-09-14 16:20:12.306099
AAPL,2024-03-12,34.19,34.2,33.71,33.73,33517910,33.73,-0.4600000000000008,-1.35,2026-09-14 16:20:12.306099
AAPL,2024-03-13,33.73,33.91,32.55,32.59,68339740,32.59,-1.1399999999999937,-3.38,2026-09-14 16:20:12.306099
AAPL,2024-03-14,32.59,33.21,32.28,32.89,34602863,32.89,0.2999999999999971,0.92,2026-09-14 16:20:12.306099
AAPL,2024-03-15,32.89,33.0,32.38,32.61,15382108,32.61,-0.2800000000000011,-0.85,2026-09-14 16:20:12.306099
AAPL,2024-03-18,32.61,33.27,32.54,33.17,73551767,33.17,0.5600000000000023,1.72,2026-09-14 16:20:12.306099
AAPL,2024-03-19,33.17,33.74,32.87,33.56,19282496,33.56,0.3900000000000005,1.18,2026-09-14 16:20:12.306099
AAPL,2024-03-20,33.56,33.69,33.16,33.38,62567136,33.38,-0.1799999999999997,-0.54,2026-09-14 16:20:12.306099
AAPL,2024-03-21,33.38,33.7,32.58,32.68,42307535,32.68,-0.7000000000000028,-2.1,2026-09-14 16:20:12.306099
AAPL,2024-03-22,32.68,33.6,32.46,33.28,95929599,33.28,0.6000000000000014,1.84,2026-09-14 16:20:12.306099
AAPL,2024-03-25,33.28,33.49,32.32,32.59,55812202,32.59,-0.6899999999999977,-2.07,2026-09-14 16:20:12.306099
AAPL,2024-03-26,32.59,32.91,31.73,31.77,46983657,31.77,-0.8200000000000038,-2.52,2026-09-14 16:20:12.306099
AAPL,2024-03-27,31.77,32.06,30.29,30.59,89636283,30.59,-1.1799999999999995,-3.71,2026-09-14 16:20:12.306099
AAPL,2024-03-28,30.59,31.7,30.46,31.41,68645726,31.41,0.8200000000000003,2.68,2026-09-14 16:20:12.306099
AAPL,2024-03-29,31.41,31.67,31.16,31.34,86099017,31.34,-0.0700000000000002,-0.22,2026-09-14 16:20:12.306099
AAPL,2024-04-01,31.34,31.4,30.65,30.79,10427639,30.79,-0.5500000000000007,-1.75,2026-09-14 16:20:12.306099
AAPL,2024-04-02,30.79,31.19,30.61,31.1,16300320,31.1,0.3100000000000023,1.01,2026-09-14 16:20:12.306099
AAPL,2024-04-03,31.1,31.54,31.0,31.34,29324974,31.34,0.2399999999999984,0.77,2026-09-14 16:20:12.306099
AAPL,2024-04-04,31.34,31.76,31.15,31.69,25092209,31.69,0.3500000000000014,1.12,2026-09-14 16:20:12.306099
AAPL,2024-04-05,31.69,31.99,31.62,31.8,93944338,31.8,0.1099999999999994,0.35,2026-09-14 16:20:12.306099
AAPL,2024-04-08,31.8,31.89,31.35,31.64,68976065,31.64,-0.1600000000000001,-0.5,2026-09-14 16:20:12.306099
AAPL,2024-04-09,31.64,31.92,30.52,30.54,85391156,30.54,-1.1000000000000014,-3.48,2026-09-14 16:20:12.306099
AAPL,2024-04-10,30.54,30.91,30.46,30.8,19432530,30.8,0.2600000000000015,0.85,2026-09-14 16:20:12.306099
AAPL,2024-04-11,30.8,30.84,29.92,30.0,72199646,30.0,-0.8000000000000007,-2.6,2026-09-14 16:20:12.306099
AAPL,2024-04-12,30.0,30.05,29.47,29.71,55925854,29.71,-0.2899999999999991,-0.97,2026-09-14 16:20:12.306099
AAPL,2024-04-15,29.71,29.73,29.1,29.11,67329134,29.11,-0.6000000000000014,-2.02,2026-09-14 16:20:12.306099
AAPL,2024-04-16,29.11,29.45,29.11,29.3,80193633,29.3,0.1900000000000012,0.65,2026-09-14 16:20:12.306099
AAPL,2024-04-17,29.3,29.54,28.89,29.17,91278617,29.17,-0.129999999999999,-0.44,2026-09-14 16:20:12.306099
AAPL,2024-04-18,29.17,29.6,28.91,29.49,93424491,29.49,0.3199999999999967,1.1,2026-09-14 16:20:12.306099
AAPL,2024-04-19,29.49,29.71,28.6,28.66,95045872,28.66,-0.8299999999999983,-2.81,2026-09-14 16:20:12.306099
AAPL,2024-04-22,28.66,28.85,27.8,28.05,60505877,28.05,-0.6099999999999994,-2.13,2026-09-14 16:20:12.306099
AAPL,2024-04-23,28.05,28.07,27.35,27.59,14995326,27.59,-0.4600000000000008,-1.64,2026-09-14 16:20:12.306099
AAPL,2024-04-24,27.59,28.11,27.46,28.07,30902154,28.07,0.4800000000000004,1.74,2026-09-14 16:20:12.306099
AAPL,2024-04-25,28.07,28.67,27.82,28.51,35025262,28.51,0.4400000000000013,1.57,2026-09-14 16:20:12.306099
AAPL,2024-04-26,28.51,28.92,28.31,28.7,59094248,28.7,0.1899999999999977,0.67,2026-09-14 16:20:12.306099
AAPL,2024-04-29,28.7,29.32,28.53,29.07,96933501,29.07,0.370000000000001,1.29,2026-09-14 16:20:12.306099
AAPL,2024-04-30,29.07,29.27,28.43,28.53,10203272,28.53,-0.5399999999999991,-1.86,2026-09-14 16:20:12.306099
AAPL,2024-05-01,28.53,29.26,28.33,29.04,39791993,29.04,0.509999999999998,1.79,2026-09-14 16:20:12.306099
AAPL,2024-05-02,29.04,29.1,28.96,29.04,95266728,29.04,0.0,0.0,2026-09-14 16:20:12.306099
AAPL,2024-05-03,29.04,29.11,28.67,28.81,44831429,28.81,-0.2300000000000004,-0.79,2026-09-14 16:20:12.306099
AAPL,2024-05-06,28.81,29.38,28.64,29.1,63203246,29.1,0.2900000000000027,1.01,2026-09-14 16:20:12.306099
AAPL,2024-05-07,29.1,29.92,29.0,29.75,10098286,29.75,0.6499999999999986,2.23,2026-09-14 16:20:12.306099
AAPL,2024-05-08,29.75,29.88,28.34,28.48,17515082,28.48,-1.2699999999999996,-4.27,2026-09-14 16:20:12.306099
AAPL,2024-05-09,28.48,29.04,28.36,28.99,85623899,28.99,0.509999999999998,1.79,2026-09-14 16:20:12.306099
AAPL,2024-05-10,28.99,29.57,28.93,29.29,74370954,29.29,0.3000000000000007,1.03,2026-09-14 16:20:12.306099
AAPL,2024-05-13,29.29,29.46,28.21,28.4,45390399,28.4,-0.8900000000000006,-3.04,2026-09-14 16:20:12.306099
AAPL,2024-05-14,28.4,28.67,28.2,28.41,94233584,28.41,0.0100000000000015,0.04,2026-09-14 16:20:12.306099
AAPL,2024-05-15,28.41,28.57,27.79,27.88,73866474,27.88,-0.5300000000000011,-1.87,2026-09-14 16:20:12.306099
AAPL,2024-05-16,27.88,28.06,27.79,27.85,58969820,27.85,-0.0299999999999975,-0.11,2026-09-14 16:20:12.306099
AAPL,2024-05-17,27.85,28.11,27.78,27.82,21474738,27.82,-0.0300000000000011,-0.11,2026-09-14 16:20:12.306099
AAPL,2024-05-20,27.82,27.86,27.27,27.54,48187393,27.54,-0.2800000000000011,-1.01,2026-09-14 16:20:12.306099
AAPL,2024-05-21,27.54,27.86,27.42,27.8,98622454,27.8,0.2600000000000015,0.94,2026-09-14 16:20:12.306099
AAPL,2024-05-22,27.8,28.23,27.73,28.22,98060934,28.22,0.4199999999999981,1.51,2026-09-14 16:20:12.306099
AAPL,2024-05-23,28.22,28.28,27.3,27.47,16921749,27.47,-0.75,-2.66,2026-09-14 16:20:12.306099
AAPL,2024-05-24,27.47,27.82,27.25,27.78,94561748,27.78,0.3100000000000023,1.13,2026-09-14 16:20:12.306099
AAPL,2024-05-27,27.78,27.91,27.45,27.48,40522600,27.48,-0.3000000000000007,-1.08,2026-09-14 16:20:12.306099
AAPL,2024-05-28,27.48,27.95,27.21,27.88,14014294,27.88,0.3999999999999986,1.46,2026-09-14 16:20:12.306099
AAPL,2024-05-29,27.88,28.32,27.73,28.3,50690781,28.3,0.4200000000000017,1.51,2026-09-14 16:20:12.306099
AAPL,2024-05-30,28.3,28.74,28.25,28.68,77384267,28.68,0.379999999999999,1.34,2026-09-14 16:20:12.306099
AAPL,2024-05-31,28.68,28.88,27.36,27.37,33396371,27.37,-1.3099999999999987,-4.57,2026-09-14 16:20:12.306099
AAPL,2024-06-03,27.37,27.53,26.38,26.54,36632494,26.54,-0.8300000000000018,-3.03,2026-09-14 16:20:12.306099
AAPL,2024-06-04,26.54,26.84,26.34,26.59,21417950,26.59,0.0500000000000007,0.19,2026-09-14 16:20:12.306099
AAPL,2024-06-05,26.59,27.28,26.5,27.13,45742550,27.13,0.5399999999999991,2.03,2026-09-14 16:20:12.306099
AAPL,2024-06-06,27.13,27.23,26.19,26.35,73944954,26.35,-0.7799999999999976,-2.88,2026-09-14 16:20:12.306099
AAPL,2024-06-07,26.35,27.43,26.25,27.17,47743728,27.17,0.8200000000000003,3.11,2026-09-14 16:20:12.306099
AAPL,2024-06-10,27.17,27.33,26.7,26.81,68476783,26.81,-0.360000000000003,-1.32,2026-09-14 16:20:12.306099
AAPL,2024-06-11,26.81,27.2,26.59,26.98,33256756,26.98,0.1700000000000017,0.63,2026-09-14 16:20:12.306099
AAPL,2024-06-12,26.98,27.39,26.97,27.24,79281296,27.24,0.259999999999998,0.96,2026-09-14 16:20:12.306099
AAPL,2024-06-13,27.24,27.31,26.46,26.53,35504133,26.53,-0.7099999999999973,-2.61,2026-09-14 16:20:12.306099
AAPL,2024-06-14,26.53,27.3,26.37,27.14,33014057,27.14,0.6099999999999994,2.3,2026-09-14 16:20:12.306099
AAPL,2024-06-17,27.14,27.52,27.11,27.29,56154055,27.29,0.1499999999999985,0.55,2026-09-14 16:20:12.306099
AAPL,2024-06-18,27.29,27.61,27.05,27.46,66152254,27.46,0.1700000000000017,0.62,2026-09-14 16:20:12.306099
AAPL,2024-06-19,27.46,27.7,26.64,26.7,31706497,26.7,-0.7600000000000016,-2.77,2026-09-14 16:20:12.306099
AAPL,2024-06-20,26.7,26.8,26.1,26.25,30926136,26.25,-0.4499999999999993,-1.69,2026-09-14 16:20:12.306099
AAPL,2024-06-21,26.25,27.1,26.07,27.0,71931305,27.0,0.75,2.86,2026-09-14 16:20:12.306099
AAPL,2024-06-24,27.0,27.37,26.89,27.32,96820974,27.32,0.3200000000000003,1.19,2026-09-14 16:20:12.306099
AAPL,2024-06-25,27.32,27.48,26.87,27.02,16795934,27.02,-0.3000000000000007,-1.1,2026-09-14 16:20:12.306099
AAPL,2024-06-26,27.02,27.29,26.86,27.12,58555030,27.12,0.1000000000000014,0.37,2026-09-14 16:20:12.306099
AAPL,2024-06-27,27.12,27.26,26.92,27.19,55861076,27.19,0.0700000000000002,0.26,2026-09-14 16:20:12.306099
AAPL,2024-06-28,27.19,27.3,26.76,27.01,43650510,27.01,-0.1799999999999997,-0.66,2026-09-14 16:20:12.306099
AAPL,2024-07-01,27.01,27.34,26.8,27.17,70161500,27.17,0.1600000000000001,0.59,2026-09-14 16:20:12.306099
AAPL,2024-07-02,27.17,28.2,26.92,28.17,91352973,28.17,1.0,3.68,2026-09-14 16:20:12.306099
AAPL,2024-07-03,28.17,28.51,28.11,28.33,50315269,28.33,0.1599999999999966,0.57,2026-09-14 16:20:12.306099
AAPL,2024-07-04,28.33,28.34,27.83,28.1,33323186,28.1,-0.2299999999999968,-0.81,2026-09-14 16:20:12.306099
AAPL,2024-07-05,28.1,28.19,27.6,27.7,45798540,27.7,-0.4000000000000021,-1.42,2026-09-14 16:20:12.306099
AAPL,2024-07-08,27.7,27.88,26.6,26.86,48577118,26.86,-0.8399999999999999,-3.03,2026-09-14 16:20:12.306099
AAPL,2024-07-09,26.86,27.6,26.69,27.42,31339346,27.42,0.5600000000000023,2.08,2026-09-14 16:20:12.306099
AAPL,2024-07-10,27.42,27.65,26.88,27.03,47297247,27.03,-0.3900000000000005,-1.42,2026-09-14 16:20:12.306099
AAPL,2024-07-11,27.03,27.12,26.58,26.79,39516745,26.79,-0.240000000000002,-0.89,2026-09-14 16:20:12.306099
AAPL,2024-07-12,26.79,27.31,26.76,27.24,72828703,27.24,0.4499999999999993,1.68,2026-09-14 16:20:12.306099
AAPL,2024-07-15,27.24,27.64,27.06,27.38,30777459,27.38,0.1400000000000005,0.51,2026-09-14 16:20:12.306099
AAPL,2024-07-16,27.38,27.64,26.42,26.58,90436240,26.58,-0.8000000000000007,-2.92,2026-09-14 16:20:12.306099
AAPL,2024-07-17,26.58,27.62,26.44,27.37,70157972,27.37,0.7900000000000027,2.97,2026-09-14 16:20:12.306099
AAPL,2024-07-18,27.37,27.38,26.1,26.35,99513849,26.35,-1.0199999999999996,-3.73,2026-09-14 16:20:12.306099
AAPL,2024-07-19,26.35,26.6,25.84,25.89,23921600,25.89,-0.4600000000000008,-1.75,2026-09-14 16:20:12.306099
AAPL,2024-07-22,25.89,26.4,25.87,26.3,45519147,26.3,0.4100000000000001,1.58,2026-09-14 16:20:12.306099
AAPL,2024-07-23,26.3,26.54,26.08,26.35,71903388,26.35,0.0500000000000007,0.19,2026-09-14 16:20:12.306099
AAPL,2024-07-24,26.35,27.21,26.29,27.01,78353973,27.01,0.6600000000000001,2.5,2026-09-14 16:20:12.306099
AAPL,2024-07-25,27.01,27.11,26.52,26.54,84475855,26.54,-0.4700000000000024,-1.74,2026-09-14 16:20:12.306099
AAPL,2024-07-26,26.54,26.72,25.99,26.24,94070027,26.24,-0.3000000000000007,-1.13,2026-09-14 16:20:12.306099
AAPL,2024-07-29,26.24,27.09,26.15,26.89,53876562,26.89,0.6500000000000021,2.48,2026-09-14 16:20:12.306099
AAPL,2024-07-30,26.89,27.25,26.7,26.99,34021747,26.99,0.0999999999999978,0.37,2026-09-14 16:20:12.306099
AAPL,2024-07-31,26.99,27.79,26.78,27.67,93312754,27.67,0.6800000000000033,2.52,2026-09-14 16:20:12.306099
AAPL,2024-08-01,27.67,27.8,27.02,27.18,45400959,27.18,-0.490000000000002,-1.77,2026-09-14 16:20:12.306099
AAPL,2024-08-02,27.18,27.21,27.1,27.15,46099113,27.15,-0.0300000000000011,-0.11,2026-09-14 16:20:12.306099
AAPL,2024-08-05,27.15,27.24,26.88,26.95,76857599,26.95,-0.1999999999999993,-0.74,2026-09-14 16:20:12.306099
AAPL,2024-08-06,26.95,27.41,26.95,27.28,71933439,27.28,0.3300000000000018,1.22,2026-09-14 16:20:12.306099
AAPL,2024-08-07,27.28,27.47,26.89,26.97,10216732,26.97,-0.3100000000000023,-1.14,2026-09-14 16:20:12.306099
AAPL,2024-08-08,26.97,28.03,26.86,27.83,29725672,27.83,0.8599999999999994,3.19,2026-09-14 16:20:12.306099
AAPL,2024-08-09,27.83,28.72,27.8,28.5,72257683,28.5,0.6700000000000017,2.41,2026-09-14 16:20:12.306099
AAPL,2024-08-12,28.5,29.14,28.22,29.03,90523476,29.03,0.5300000000000011,1.86,2026-09-14 16:20:12.306099
AAPL,2024-08-13,29.03,29.42,28.94,29.41,28424974,29.41,0.379999999999999,1.31,2026-09-14 16:20:12.306099
AAPL,2024-08-14,29.41,29.68,28.91,29.16,37524624,29.16,-0.25,-0.85,2026-09-14 16:20:12.306099
AAPL,2024-08-15,29.16,29.57,29.0,29.56,15703118,29.56,0.3999999999999986,1.37,2026-09-14 16:20:12.306099
AAPL,2024-08-16,29.56,29.82,29.07,29.14,72943181,29.14,-0.4199999999999981,-1.42,2026-09-14 16:20:12.306099
AAPL,2024-08-19,29.14,30.07,29.0,29.83,27259477,29.83,0.6899999999999977,2.37,2026-09-14 16:20:12.306099
AAPL,2024-08-20,29.83,29.85,29.54,29.72,29143432,29.72,-0.1099999999999994,-0.37,2026-09-14 16:20:12.306099
AAPL,2024-08-21,29.72,30.31,29.68,30.06,46024169,30.06,0.3399999999999998,1.14,2026-09-14 16:20:12.306099
AAPL,2024-08-22,30.06,30.93,29.89,30.88,70465508,30.88,0.8200000000000003,2.73,2026-09-14 16:20:12.306099
AAPL,2024-08-23,30.88,31.69,30.72,31.43,66429535,31.43,0.5500000000000007,1.78,2026-09-14 16:20:12.306099
AAPL,2024-08-26,31.43,31.43,31.27,31.29,91352813,31.29,-0.1400000000000005,-0.45,2026-09-14 16:20:12.306099
AAPL,2024-08-27,31.29,31.54,31.13,31.19,57291278,31.19,-0.0999999999999978,-0.32,2026-09-14 16:20:12.306099
AAPL,2024-08-28,31.19,31.4,30.58,30.62,90598707,30.62,-0.5700000000000003,-1.83,2026-09-14 16:20:12.306099
AAPL,2024-08-29,30.62,30.95,30.34,30.9,53615524,30.9,0.2799999999999976,0.91,2026-09-14 16:20:12.306099
AAPL,2024-08-30,30.9,31.07,29.96,30.25,20766740,30.25,-0.6499999999999986,-2.1,2026-09-14 16:20:12.306099
AAPL,2024-09-02,30.25,30.35,30.2,30.24,47974001,30.24,-0.0100000000000015,-0.03,2026-09-14 16:20:12.306099
AAPL,2024-09-03,30.24,30.3,29.74,29.86,67210842,29.86,-0.379999999999999,-1.26,2026-09-14 16:20:12.306099
AAPL,2024-09-04,29.86,30.34,29.61,30.12,46822629,30.12,0.2600000000000015,0.87,2026-09-14 16:20:12.306099
AAPL,2024-09-05,30.12,30.27,29.85,30.02,19749040,30.02,-0.1000000000000014,-0.33,2026-09-14 16:20:12.306099
AAPL,2024-09-06,30.02,30.29,29.9,30.24,97601866,30.24,0.2199999999999988,0.73,2026-09-14 16:20:12.306099
AAPL,2024-09-09,30.24,31.33,30.07,31.2,70216889,31.2,0.9600000000000009,3.17,2026-09-14 16:20:12.306099
AAPL,2024-09-10,31.2,31.68,30.98,31.54,15477632,31.54,0.3399999999999998,1.09,2026-09-14 16:20:12.306099
AAPL,2024-09-11,31.54,32.34,31.3,32.16,98438027,32.16,0.6199999999999974,1.97,2026-09-14 16:20:12.306099
AAPL,2024-09-12,32.16,32.33,31.51,31.57,62943487,31.57,-0.5899999999999963,-1.83,2026-09-14 16:20:12.306099
AAPL,2024-09-13,31.57,32.15,31.31,31.85,27007174,31.85,0.2800000000000011,0.89,2026-09-14 16:20:12.306099
AAPL,2024-09-16,31.85,32.13,30.99,31.21,71717683,31.21,-0.6400000000000006,-2.01,2026-09-14 16:20:12.306099
AAPL,2024-09-17,31.21,31.4,31.11,31.21,17992907,31.21,0.0,0.0,2026-09-14 16:20:12.306099
AAPL,2024-09-18,31.21,31.5,30.22,30.48,40052219,30.48,-0.7300000000000004,-2.34,2026-09-14 16:20:12.306099
AAPL,2024-09-19,30.48,31.03,30.22,30.94,69023305,30.94,0.4600000000000008,1.51,2026-09-14 16:20:12.306099
AAPL,2024-09-20,30.94,31.05,30.27,30.44,81103439,30.44,-0.5,-1.62,2026-09-14 16:20:12.306099
AAPL,2024-09-23,30.44,31.05,30.26,30.75,10710780,30.75,0.3099999999999987,1.02,2026-09-14 16:20:12.306099
AAPL,2024-09-24,30.75,31.28,30.55,31.0,78676526,31.0,0.25,0.81,2026-09-14 16:20:12.306099
AAPL,2024-09-25,31.0,31.13,30.66,30.91,94377920,30.91,-0.0899999999999998,-0.29,2026-09-14 16:20:12.306099
AAPL,2024-09-26,30.91,31.38,30.82,31.14,38934370,31.14,0.2300000000000004,0.74,2026-09-14 16:20:12.306099
AAPL,2024-09-27,31.14,31.63,31.13,31.36,49053358,31.36,0.2199999999999988,0.71,2026-09-14 16:20:12.306099
AAPL,2024-09-30,31.36,31.53,31.12,31.49,94771233,31.49,0.129999999999999,0.41,2026-09-14 16:20:12.306099
AAPL,2024-10-01,31.49,32.28,31.18,32.23,27807007,32.23,0.7399999999999984,2.35,2026-09-14 16:20:12.306099
AAPL,2024-10-02,32.23,32.54,31.64,31.93,69015292,31.93,-0.2999999999999971,-0.93,2026-09-14 16:20:12.306099
AAPL,2024-10-03,31.93,32.55,31.72,32.26,69255699,32.26,0.3299999999999983,1.03,2026-09-14 16:20:12.306099
AAPL,2024-10-04,32.26,32.47,31.2,31.35,45074934,31.35,-0.9099999999999966,-2.82,2026-09-14 16:20:12.306099
AAPL,2024-10-07,31.35,31.54,31.24,31.37,50330656,31.37,0.0199999999999995,0.06,2026-09-14 16:20:12.306099
AAPL,2024-10-08,31.37,31.5,31.17,31.18,35471738,31.18,-0.1900000000000012,-0.61,2026-09-14 16:20:12.306099
AAPL,2024-10-09,31.18,32.99,31.04,32.73,35227948,32.73,1.5499999999999972,4.97,2026-09-14 16:20:12.306099
AAPL,2024-10-10,32.73,32.73,32.09,32.14,84425933,32.14,-0.5899999999999963,-1.8,2026-09-14 16:20:12.306099
AAPL,2024-10-11,32.14,32.63,31.87,32.37,94776713,32.37,0.2299999999999968,0.72,2026-09-14 16:20:12.306099
AAPL,2024-10-14,32.37,33.06,32.15,32.8,28632304,32.8,0.4299999999999997,1.33,2026-09-14 16:20:12.306099
AAPL,2024-10-15,32.8,32.93,32.13,32.41,64460233,32.41,-0.3900000000000005,-1.19,2026-09-14 16:20:12.306099
AAPL,2024-10-16,32.41,32.46,31.87,32.17,60099571,32.17,-0.2399999999999948,-0.74,2026-09-14 16:20:12.306099
AAPL,2024-10-17,32.17,32.17,31.88,32.13,24574271,32.13,-0.0399999999999991,-0.12,2026-09-14 16:20:12.306099
AAPL,2024-10-18,32.13,32.99,32.04,32.77,61238242,32.77,0.6400000000000006,1.99,2026-09-14 16:20:12.306099
AAPL,2024-10-21,32.77,33.08,31.67,31.95,35923851,31.95,-0.8200000000000038,-2.5,2026-09-14 16:20:12.306099
AAPL,2024-10-22,31.95,32.11,31.35,31.65,45462590,31.65,-0.3000000000000007,-0.94,2026-09-14 16:20:12.306099
AAPL,2024-10-23,31.65,32.48,31.6,32.18,59543704,32.18,0.5300000000000011,1.67,2026-09-14 16:20:12.306099
AAPL,2024-10-24,32.18,32.66,32.06,32.46,97087246,32.46,0.2800000000000011,0.87,2026-09-14 16:20:12.306099
AAPL,2024-10-25,32.46,32.91,32.19,32.87,83878002,32.87,0.4099999999999966,1.26,2026-09-14 16:20:12.306099
AAPL,2024-10-28,32.87,33.11,32.45,32.53,67784815,32.53,-0.3399999999999963,-1.03,2026-09-14 16:20:12.306099
AAPL,2024-10-29,32.53,32.74,32.23,32.67,76531176,32.67,0.1400000000000005,0.43,2026-09-14 16:20:12.306099
AAPL,2024-10-30,32.67,34.03,32.36,33.99,20096889,33.99,1.3200000000000005,4.04,2026-09-14 16:20:12.306099
AAPL,2024-10-31,33.99,34.06,33.94,33.94,38272129,33.94,-0.0500000000000042,-0.15,2026-09-14 16:20:12.306099
AAPL,2024-11-01,33.94,34.98,33.77,34.86,77134220,34.86,0.9200000000000016,2.71,2026-09-14 16:20:12.306099
AAPL,2024-11-04,34.86,35.12,34.26,34.49,64770672,34.49,-0.3699999999999974,-1.06,2026-09-14 16:20:12.306099
AAPL,2024-11-05,34.49,34.95,34.25,34.67,81259742,34.67,0.1799999999999997,0.52,2026-09-14 16:20:12.306099
AAPL,2024-11-06,34.67,34.9,34.21,34.46,36996978,34.46,-0.2100000000000008,-0.61,2026-09-14 16:20:12.306099
AAPL,2024-11-07,34.46,34.55,32.69,32.98,32231785,32.98,-1.480000000000004,-4.29,2026-09-14 16:20:12.306099
AAPL,2024-11-08,32.98,33.16,32.68,33.04,50971216,33.04,0.0600000000000022,0.18,2026-09-14 16:20:12.306099
AAPL,2024-11-11,33.04,33.3,32.52,32.73,94932504,32.73,-0.3100000000000023,-0.94,2026-09-14 16:20:12.306099
AAPL,2024-11-12,32.73,32.86,32.11,32.42,57211734,32.42,-0.3099999999999951,-0.95,2026-09-14 16:20:12.306099
AAPL,2024-11-13,32.42,32.5,31.94,32.14,24113341,32.14,-0.2800000000000011,-0.86,2026-09-14 16:20:12.306099
AAPL,2024-11-14,32.14,32.79,31.97,32.68,10168736,32.68,0.5399999999999991,1.68,2026-09-14 16:20:12.306099
AAPL,2024-11-15,32.68,33.93,32.63,33.81,49412427,33.81,1.1300000000000026,3.46,2026-09-14 16:20:12.306099
AAPL,2024-11-18,33.81,34.02,33.16,33.33,13917122,33.33,-0.480000000000004,-1.42,2026-09-14 16:20:12.306099
AAPL,2024-11-19,33.33,34.43,33.3,34.27,79554541,34.27,0.9400000000000048,2.82,2026-09-14 16:20:12.306099
AAPL,2024-11-20,34.27,34.49,33.67,33.81,46944735,33.81,-0.4600000000000008,-1.34,2026-09-14 16:20:12.306099
AAPL,2024-11-21,33.81,33.83,33.48,33.58,98910475,33.58,-0.2300000000000039,-0.68,2026-09-14 16:20:12.306099
AAPL,2024-11-22,33.58,34.19,33.5,34.04,77068842,34.04,0.4600000000000008,1.37,2026-09-14 16:20:12.306099
AAPL,2024-11-25,34.04,34.19,33.99,34.13,75633695,34.13,0.0900000000000034,0.26,2026-09-14 16:20:12.306099
AAPL,2024-11-26,34.13,34.23,34.09,34.2,67046218,34.2,0.0700000000000002,0.21,2026-09-14 16:20:12.306099
AAPL,2024-11-27,34.2,34.93,34.14,34.69,75392911,34.69,0.4899999999999949,1.43,2026-09-14 16:20:12.306099
AAPL,2024-11-28,34.69,35.31,34.62,35.1,71158946,35.1,0.4100000000000037,1.18,2026-09-14 16:20:12.306099
AAPL,2024-11-29,35.1,35.76,34.99,35.74,91502659,35.74,0.6400000000000006,1.82,2026-09-14 16:20:12.306099
AAPL,2024-12-02,35.74,36.2,35.56,35.89,56528019,35.89,0.1499999999999985,0.42,2026-09-14 16:20:12.306099
AAPL,2024-12-03,35.89,36.15,35.85,35.92,53087357,35.92,0.0300000000000011,0.08,2026-09-14 16:20:12.306099
AAPL,2024-12-04,35.92,36.11,35.73,35.97,11301770,35.97,0.0499999999999971,0.14,2026-09-14 16:20:12.306099
AAPL,2024-12-05,35.97,36.53,35.95,36.17,38745413,36.17,0.2000000000000028,0.56,2026-09-14 16:20:12.306099
AAPL,2024-12-06,36.17,36.95,35.93,36.81,32296941,36.81,0.6400000000000006,1.77,2026-09-14 16:20:12.306099
AAPL,2024-12-09,36.81,38.02,36.69,37.78,95389532,37.78,0.9699999999999988,2.64,2026-09-14 16:20:12.306099
AAPL,2024-12-10,37.78,38.78,37.65,38.73,28717486,38.73,0.9499999999999956,2.51,2026-09-14 16:20:12.306099
AAPL,2024-12-11,38.73,39.67,38.51,39.47,48308683,39.47,0.740000000000002,1.91,2026-09-14 16:20:12.306099
AAPL,2024-12-12,39.47,39.58,38.88,39.27,93130963,39.27,-0.1999999999999957,-0.51,2026-09-14 16:20:12.306099
AAPL,2024-12-13,39.27,39.53,38.31,38.49,71993268,38.49,-0.7800000000000011,-1.99,2026-09-14 16:20:12.306099
AAPL,2024-12-16,38.49,38.83,37.53,37.55,41463812,37.55,-0.9400000000000048,-2.44,2026-09-14 16:20:12.306099
AAPL,2024-12-17,37.55,37.62,36.97,37.02,75607480,37.02,-0.529999999999994,-1.41,2026-09-14 16:20:12.306099
AAPL,2024-12-18,37.02,37.54,36.73,37.29,72434941,37.29,0.269999999999996,0.73,2026-09-14 16:20:12.306099
AAPL,2024-12-19,37.29,37.66,37.0,37.43,87896494,37.43,0.1400000000000005,0.38,2026-09-14 16:20:12.306099
AAPL,2024-12-20,37.43,37.48,36.28,36.56,33089351,36.56,-0.8699999999999974,-2.32,2026-09-14 16:20:12.306099
AAPL,2024-12-23,36.56,36.99,36.38,36.69,39396981,36.69,0.1299999999999954,0.36,2026-09-14 16:20:12.306099
AAPL,2024-12-24,36.69,36.7,36.32,36.61,54073529,36.61,-0.0799999999999983,-0.22,2026-09-14 16:20:12.306099
AAPL,2024-12-25,36.61,36.93,36.55,36.79,20159339,36.79,0.1799999999999997,0.49,2026-09-14 16:20:12.306099
AAPL,2024-12-26,36.79,37.0,36.44,36.52,40930397,36.52,-0.269999999999996,-0.73,2026-09-14 16:20:12.306099
AAPL,2024-12-27,36.52,37.66,36.47,37.5,13497907,37.5,0.9799999999999968,2.68,2026-09-14 16:20:12.306099
AAPL,2024-12-30,37.5,37.63,36.72,36.99,21812976,36.99,-0.509999999999998,-1.36,2026-09-14 16:20:12.306099
AAPL,2024-12-31,36.99,37.25,36.79,36.8,12407308,36.8,-0.1900000000000048,-0.51,2026-09-14 16:20:12.306099
AAPL,2025-01-01,36.8,36.82,35.83,36.02,13566453,36.02,-0.779999999999994,-2.12,2026-09-14 16:20:12.306099
AAPL,2025-01-02,36.02,36.8,35.76,36.62,77563229,36.62,0.5999999999999943,1.67,2026-09-14 16:20:12.306099
AAPL,2025-01-03,36.62,37.02,36.26,36.68,42329321,36.68,0.0600000000000022,0.16,2026-09-14 16:20:12.306099
AAPL,2025-01-06,36.68,36.82,36.6,36.68,57790510,36.68,0.0,0.0,2026-09-14 16:20:12.306099
AAPL,2025-01-07,36.68,36.85,36.36,36.64,34661887,36.64,-0.0399999999999991,-0.11,2026-09-14 16:20:12.306099
AAPL,2025-01-08,36.64,37.19,36.36,37.07,67558296,37.07,0.4299999999999997,1.17,2026-09-14 16:20:12.306099
AAPL,2025-01-09,37.07,37.38,37.01,37.14,75202641,37.14,0.0700000000000002,0.19,2026-09-14 16:20:12.306099
AAPL,2025-01-10,37.14,38.1,36.88,37.95,87093395,37.95,0.8100000000000023,2.18,2026-09-14 16:20:12.306099
AAPL,2025-01-13,37.95,38.15,37.49,37.77,47252309,37.77,-0.1799999999999997,-0.47,2026-09-14 16:20:12.306099
AAPL,2025-01-14,37.77,38.08,37.39,37.44,31422822,37.44,-0.3300000000000054,-0.87,2026-09-14 16:20:12.306099
AAPL,2025-01-15,37.44,37.64,37.29,37.58,27372989,37.58,0.1400000000000005,0.37,2026-09-14 16:20:12.306099
AAPL,2025-01-16,37.58,38.54,37.48,38.5,69896858,38.5,0.9200000000000016,2.45,2026-09-14 16:20:12.306099
AAPL,2025-01-17,38.5,38.66,38.1,38.41,98606039,38.41,-0.0900000000000034,-0.23,2026-09-14 16:20:12.306099
AAPL,2025-01-20,38.41,38.44,38.06,38.1,97165064,38.1,-0.3099999999999951,-0.81,2026-09-14 16:20:12.306099
AAPL,2025-01-21,38.1,38.47,37.84,38.18,26165584,38.18,0.0799999999999983,0.21,2026-09-14 16:20:12.306099
AAPL,2025-01-22,38.18,38.49,37.12,37.45,31360196,37.45,-0.7299999999999969,-1.91,2026-09-14 16:20:12.306099
AAPL,2025-01-23,37.45,37.51,35.85,36.19,32698386,36.19,-1.2600000000000051,-3.36,2026-09-14 16:20:12.306099
AAPL,2025-01-24,36.19,37.35,35.97,37.26,69333787,37.26,1.0700000000000005,2.96,2026-09-14 16:20:12.306099
AAPL,2025-01-27,37.26,37.57,36.27,36.6,86956293,36.6,-0.6599999999999966,-1.77,2026-09-14 16:20:12.306099
AAPL,2025-01-28,36.6,37.27,36.39,36.99,63336549,36.99,0.3900000000000005,1.07,2026-09-14 16:20:12.306099
AAPL,2025-01-29,36.99,37.22,36.44,36.49,46796250,36.49,-0.5,-1.35,2026-09-14 16:20:12.306099
AAPL,2025-01-30,36.49,36.59,36.35,36.4,29124604,36.4,-0.0900000000000034,-0.25,2026-09-14 16:20:12.306099
AAPL,2025-01-31,36.4,36.7,36.39,36.5,80967203,36.5,0.1000000000000014,0.27,2026-09-14 16:20:12.306099
AAPL,2025-02-03,36.5,36.82,35.83,36.13,99299479,36.13,-0.3699999999999974,-1.01,2026-09-14 16:20:12.306099
AAPL,2025-02-04,36.13,37.66,35.79,37.31,38191485,37.31,1.1799999999999995,3.27,2026-09-14 16:20:12.306099
AAPL,2025-02-05,37.31,39.08,37.02,38.77,90665269,38.77,1.4600000000000009,3.91,2026-09-14 16:20:12.306099
AAPL,2025-02-06,38.77,39.0,38.53,38.84,76402408,38.84,0.0700000000000002,0.18,2026-09-14 16:20:12.306099
AAPL,2025-02-07,38.84,39.22,38.56,38.88,96120350,38.88,0.0399999999999991,0.1,2026-09-14 16:20:12.306099
AAPL,2025-02-10,38.88,39.25,38.72,38.75,60005969,38.75,-0.1300000000000025,-0.33,2026-09-14 16:20:12.306099
AAPL,2025-02-11,38.75,38.97,38.2,38.35,17344848,38.35,-0.3999999999999986,-1.03,2026-09-14 16:20:12.306099
AAPL,2025-02-12,38.35,38.76,38.28,38.48,72499304,38.48,0.1299999999999954,0.34,2026-09-14 16:20:12.306099
AAPL,2025-02-13,38.48,38.53,37.97,38.02,63917062,38.02,-0.4599999999999937,-1.2,2026-09-14 16:20:12.306099
AAPL,2025-02-14,38.02,38.42,37.72,38.2,63232960,38.2,0.1799999999999997,0.47,2026-09-14 16:20:12.306099
AAPL,2025-02-17,38.2,38.57,37.65,37.79,23494795,37.79,-0.4100000000000037,-1.07,2026-09-14 16:20:12.306099
AAPL,2025-02-18,37.79,38.02,37.5,37.7,26581184,37.7,-0.0899999999999963,-0.24,2026-09-14 16:20:12.306099
AAPL,2025-02-19,37.7,38.07,37.54,37.64,28619463,37.64,-0.0600000000000022,-0.16,2026-09-14 16:20:12.306099
AAPL,2025-02-20,37.64,37.78,36.51,36.83,63636454,36.83,-0.8100000000000023,-2.15,2026-09-14 16:20:12.306099
AAPL,2025-02-21,36.83,37.42,36.79,37.25,46559270,37.25,0.4200000000000017,1.14,2026-09-14 16:20:12.306099
AAPL,2025-02-24,37.25,37.62,37.04,37.37,88727930,37.37,0.1199999999999974,0.32,2026-09-14 16:20:12.306099
AAPL,2025-02-25,37.37,37.66,37.3,37.31,37386084,37.31,-0.0599999999999951,-0.16,2026-09-14 16:20:12.306099
AAPL,2025-02-26,37.31,37.59,37.25,37.33,54170608,37.33,0.019999999999996,0.05,2026-09-14 16:20:12.306099
AAPL,2025-02-27,37.33,38.71,37.1,38.35,12220787,38.35,1.0200000000000031,2.73,2026-09-14 16:20:12.306099
AAPL,2025-02-28,38.35,38.37,36.16,36.38,79922971,36.38,-1.9699999999999989,-5.14,2026-09-14 16:20:12.306099
AAPL,2025-03-03,36.38,36.77,36.12,36.48,77678819,36.48,0.0999999999999943,0.27,2026-09-14 16:20:12.306099
AAPL,2025-03-04,36.48,38.13,36.44,37.98,31500185,37.98,1.5,4.11,2026-09-14 16:20:12.306099
AAPL,2025-03-05,37.98,38.1,37.66,37.72,26984061,37.72,-0.259999999999998,-0.68,2026-09-14 16:20:12.306099
AAPL,2025-03-06,37.72,38.02,37.48,37.61,95287918,37.61,-0.1099999999999994,-0.29,2026-09-14 16:20:12.306099
AAPL,2025-03-07,37.61,38.56,37.31,38.4,49859773,38.4,0.7899999999999991,2.1,2026-09-14 16:20:12.306099
AAPL,2025-03-10,38.4,38.55,37.26,37.44,65857994,37.44,-0.9600000000000009,-2.5,2026-09-14 16:20:12.306099
AAPL,2025-03-11,37.44,37.61,36.94,37.04,58181256,37.04,-0.3999999999999986,-1.07,2026-09-14 16:20:12.306099
AAPL,2025-03-12,37.04,37.36,36.45,36.72,46925108,36.72,-0.3200000000000003,-0.86,2026-09-14 16:20:12.306099
AAPL,2025-03-13,36.72,37.5,36.59,37.5,49627103,37.5,0.7800000000000011,2.12,2026-09-14 16:20:12.306099
AAPL,2025-03-14,37.5,37.78,36.75,37.1,44199741,37.1,-0.3999999999999986,-1.07,2026-09-14 16:20:12.306099
AAPL,2025-03-17,37.1,37.33,36.0,36.1,22721530,36.1,-1.0,-2.7,2026-09-14 16:20:12.306099
AAPL,2025-03-18,36.1,37.02,35.76,36.72,29604959,36.72,0.6199999999999974,1.72,2026-09-14 16:20:12.306099
AAPL,2025-03-19,36.72,37.1,36.38,36.93,22449280,36.93,0.2100000000000008,0.57,2026-09-14 16:20:12.306099
AAPL,2025-03-20,36.93,37.6,36.65,37.57,80733388,37.57,0.6400000000000006,1.73,2026-09-14 16:20:12.306099
AAPL,2025-03-21,37.57,37.59,36.71,36.98,50376592,36.98,-0.5900000000000034,-1.57,2026-09-14 16:20:12.306099
AAPL,2025-03-24,36.98,37.46,36.8,37.35,39668632,37.35,0.3700000000000045,1.0,2026-09-14 16:20:12.306099
AAPL,2025-03-25,37.35,37.53,36.34,36.48,70584888,36.48,-0.8700000000000045,-2.33,2026-09-14 16:20:12.306099
AAPL,2025-03-26,36.48,36.72,36.25,36.72,31939207,36.72,0.240000000000002,0.66,2026-09-14 16:20:12.306099
AAPL,2025-03-27,36.72,36.98,36.51,36.72,43178962,36.72,0.0,0.0,2026-09-14 16:20:12.306099
AAPL,2025-03-28,36.72,36.9,36.28,36.4,92163502,36.4,-0.3200000000000003,-0.87,2026-09-14 16:20:12.306099
AAPL,2025-03-31,36.4,36.71,35.81,35.95,84469344,35.95,-0.4499999999999957,-1.24,2026-09-14 16:20:12.306099
AAPL,2025-04-01,35.95,36.05,35.48,35.5,12848516,35.5,-0.4500000000000028,-1.25,2026-09-14 16:20:12.306099
AAPL,2025-04-02,35.5,35.84,35.28,35.59,57924352,35.59,0.0900000000000034,0.25,2026-09-14 16:20:12.306099
AAPL,2025-04-03,35.59,36.43,35.29,36.2,63719970,36.2,0.6099999999999994,1.71,2026-09-14 16:20:12.306099
AAPL,2025-04-04,36.2,36.3,34.73,35.08,12870748,35.08,-1.1200000000000043,-3.09,2026-09-14 16:20:12.306099
AAPL,2025-04-07,35.08,35.47,35.01,35.16,22720428,35.16,0.0799999999999983,0.23,2026-09-14 16:20:12.306099
AAPL,2025-04-08,35.16,35.31,33.14,33.45,85250758,33.45,-1.7099999999999935,-4.86,2026-09-14 16:20:12.306099
AAPL,2025-04-09,33.45,34.8,33.23,34.46,88629285,34.46,1.009999999999998,3.02,2026-09-14 16:20:12.306099
AAPL,2025-04-10,34.46,35.58,34.45,35.41,10799217,35.41,0.9499999999999956,2.76,2026-09-14 16:20:12.306099
AAPL,2025-04-11,35.41,36.33,35.21,36.29,72640673,36.29,0.8800000000000026,2.49,2026-09-14 16:20:12.306099
AAPL,2025-04-14,36.29,36.45,35.81,36.06,90075788,36.06,-0.2299999999999968,-0.63,2026-09-14 16:20:12.306099
AAPL,2025-04-15,36.06,36.41,35.53,35.83,68557156,35.83,-0.2300000000000039,-0.64,2026-09-14 16:20:12.306099
AAPL,2025-04-16,35.83,36.08,35.37,35.66,37296988,35.66,-0.1700000000000017,-0.47,2026-09-14 16:20:12.306099
AAPL,2025-04-17,35.66,37.2,35.49,36.87,75054692,36.87,1.2100000000000009,3.39,2026-09-14 16:20:12.306099
AAPL,2025-04-18,36.87,37.15,36.27,36.57,12090029,36.57,-0.2999999999999971,-0.81,2026-09-14 16:20:12.306099
AAPL,2025-04-21,36.57,36.69,35.26,35.59,45844622,35.59,-0.9799999999999968,-2.68,2026-09-14 16:20:12.306099
AAPL,2025-04-22,35.59,35.76,35.42,35.53,91058066,35.53,-0.0600000000000022,-0.17,2026-09-14 16:20:12.306099
AAPL,2025-04-23,35.53,36.1,35.51,35.97,19983981,35.97,0.4399999999999977,1.24,2026-09-14 16:20:12.306099
AAPL,2025-04-24,35.97,36.1,35.68,35.9,37683110,35.9,-0.0700000000000002,-0.19,2026-09-14 16:20:12.306099
AAPL,2025-04-25,35.9,35.99,34.69,34.83,99304293,34.83,-1.0700000000000005,-2.98,2026-09-14 16:20:12.306099
AAPL,2025-04-28,34.83,35.19,34.63,35.16,92767606,35.16,0.3299999999999983,0.95,2026-09-14 16:20:12.306099
AAPL,2025-04-29,35.16,35.97,34.83,35.67,67288915,35.67,0.5100000000000051,1.45,2026-09-14 16:20:12.306099
AAPL,2025-04-30,35.67,35.68,33.83,34.11,87130960,34.11,-1.5600000000000025,-4.37,2026-09-14 16:20:12.306099
AAPL,2025-05-01,34.11,34.56,33.84,34.39,27557235,34.39,0.2800000000000011,0.82,2026-09-14 16:20:12.306099
AAPL,2025-05-02,34.39,34.52,33.32,33.52,70800445,33.52,-0.8699999999999974,-2.53,2026-09-14 16:20:12.306099
AAPL,2025-05-05,33.52,33.59,32.7,32.8,69756152,32.8,-0.720000000000006,-2.15,2026-09-14 16:20:12.306099
AAPL,2025-05-06,32.8,33.05,32.09,32.13,83666565,32.13,-0.6699999999999946,-2.04,2026-09-14 16:20:12.306099
AAPL,2025-05-07,32.13,32.65,32.02,32.64,52004013,32.64,0.509999999999998,1.59,2026-09-14 16:20:12.306099
AAPL,2025-05-08,32.64,33.54,32.58,33.5,12210525,33.5,0.8599999999999994,2.63,2026-09-14 16:20:12.306099
AAPL,2025-05-09,33.5,33.59,32.61,32.88,57397375,32.88,-0.6199999999999974,-1.85,2026-09-14 16:20:12.306099
AAPL,2025-05-12,32.88,33.1,32.23,32.41,21836253,32.41,-0.4700000000000059,-1.43,2026-09-14 16:20:12.306099
AAPL,2025-05-13,32.41,32.48,31.62,31.82,51546192,31.82,-0.5899999999999963,-1.82,2026-09-14 16:20:12.306099
AAPL,2025-05-14,31.82,31.99,31.42,31.72,38277411,31.72,-0.1000000000000014,-0.31,2026-09-14 16:20:12.306099
AAPL,2025-05-15,31.72,31.88,31.4,31.62,75726124,31.62,-0.0999999999999978,-0.32,2026-09-14 16:20:12.306099
AAPL,2025-05-16,31.62,32.02,31.48,31.95,83005722,31.95,0.3299999999999983,1.04,2026-09-14 16:20:12.306099
AAPL,2025-05-19,31.95,32.27,31.77,31.89,54790014,31.89,-0.0599999999999987,-0.19,2026-09-14 16:20:12.306099
AAPL,2025-05-20,31.89,32.03,30.81,31.07,23974771,31.07,-0.8200000000000003,-2.57,2026-09-14 16:20:12.306099
AAPL,2025-05-21,31.07,31.83,30.81,31.63,64828014,31.63,0.5599999999999987,1.8,2026-09-14 16:20:12.306099
AAPL,2025-05-22,31.63,32.35,31.52,32.08,87391580,32.08,0.4499999999999993,1.42,2026-09-14 16:20:12.306099
AAPL,2025-05-23,32.08,32.77,31.88,32.69,35362352,32.69,0.6099999999999994,1.9,2026-09-14 16:20:12.306099
AAPL,2025-05-26,32.69,32.72,32.32,32.56,47783784,32.56,-0.1299999999999954,-0.4,2026-09-14 16:20:12.306099
AAPL,2025-05-27,32.56,33.09,32.34,33.09,54639221,33.09,0.5300000000000011,1.63,2026-09-14 16:20:12.306099
AAPL,2025-05-28,33.09,33.19,33.04,33.08,49188604,33.08,-0.0100000000000051,-0.03,2026-09-14 16:20:12.306099
AAPL,2025-05-29,33.08,33.69,32.86,33.61,14485918,33.61,0.5300000000000011,1.6,2026-09-14 16:20:12.306099
AAPL,2025-05-30,33.61,34.67,33.46,34.59,43097779,34.59,0.980000000000004,2.92,2026-09-14 16:20:12.306099
AAPL,2025-06-02,34.59,35.55,34.47,35.43,56989507,35.43,0.8399999999999963,2.43,2026-09-14 16:20:12.306099
AAPL,2025-06-03,35.43,36.32,35.11,36.15,51540189,36.15,0.7199999999999989,2.03,2026-09-14 16:20:12.306099
AAPL,2025-06-04,36.15,36.23,34.56,34.7,39283189,34.7,-1.4499999999999955,-4.01,2026-09-14 16:20:12.306099
AAPL,2025-06-05,34.7,35.75,34.5,35.51,54210659,35.51,0.8099999999999952,2.33,2026-09-14 16:20:12.306099
AAPL,2025-06-06,35.51,36.05,35.46,35.83,24627986,35.83,0.3200000000000003,0.9,2026-09-14 16:20:12.306099
AAPL,2025-06-09,35.83,36.56,35.59,36.5,12229148,36.5,0.6700000000000017,1.87,2026-09-14 16:20:12.306099
AAPL,2025-06-10,36.5,37.07,36.14,36.74,53883143,36.74,0.240000000000002,0.66,2026-09-14 16:20:12.306099
AAPL,2025-06-11,36.74,37.7,36.73,37.41,48431933,37.41,0.6699999999999946,1.82,2026-09-14 16:20:12.306099
AAPL,2025-06-12,37.41,37.56,36.28,36.65,77826995,36.65,-0.759999999999998,-2.03,2026-09-14 16:20:12.306099
AAPL,2025-06-13,36.65,36.92,35.66,35.87,77879874,35.87,-0.7800000000000011,-2.13,2026-09-14 16:20:12.306099
AAPL,2025-06-16,35.87,36.18,35.77,36.01,56816025,36.01,0.1400000000000005,0.39,2026-09-14 16:20:12.306099
AAPL,2025-06-17,36.01,36.31,35.96,36.13,60885558,36.13,0.1200000000000045,0.33,2026-09-14 16:20:12.306099
AAPL,2025-06-18,36.13,37.08,35.95,36.97,24627362,36.97,0.8399999999999963,2.32,2026-09-14 16:20:12.306099
AAPL,2025-06-19,36.97,37.13,36.11,36.24,12627694,36.24,-0.7299999999999969,-1.97,2026-09-14 16:20:12.306099
AAPL,2025-06-20,36.24,37.4,36.09,37.17,32097951,37.17,0.9299999999999996,2.57,2026-09-14 16:20:12.306099
AAPL,2025-06-23,37.17,37.52,35.96,36.1,22138846,36.1,-1.0700000000000005,-2.88,2026-09-14 16:20:12.306099
AAPL,2025-06-24,36.1,36.1,35.11,35.37,98325584,35.37,-0.730000000000004,-2.02,2026-09-14 16:20:12.306099
AAPL,2025-06-25,35.37,37.4,35.31,37.11,97993851,37.11,1.740000000000002,4.92,2026-09-14 16:20:12.306099
AAPL,2025-06-26,37.11,37.23,35.74,35.98,14414426,35.98,-1.1300000000000026,-3.05,2026-09-14 16:20:12.306099
AAPL,2025-06-27,35.98,36.77,35.7,36.41,80350884,36.41,0.4299999999999997,1.2,2026-09-14 16:20:12.306099
AAPL,2025-06-30,36.41,36.48,36.12,36.45,63744227,36.45,0.0400000000000062,0.11,2026-09-14 16:20:12.306099
AAPL,2025-07-01,36.45,36.62,36.34,36.58,42459053,36.58,0.1299999999999954,0.36,2026-09-14 16:20:12.306099
AAPL,2025-07-02,36.58,36.86,35.53,35.87,36586644,35.87,-0.7100000000000009,-1.94,2026-09-14 16:20:12.306099
AAPL,2025-07-03,35.87,36.33,35.78,36.31,43660315,36.31,0.4400000000000048,1.23,2026-09-14 16:20:12.306099
AAPL,2025-07-04,36.31,37.42,36.18,37.25,66167016,37.25,0.9399999999999976,2.59,2026-09-14 16:20:12.306099
AAPL,2025-07-07,37.25,37.34,36.16,36.28,73443128,36.28,-0.9699999999999988,-2.6,2026-09-14 16:20:12.306099
AAPL,2025-07-08,36.28,36.95,36.21,36.65,58534026,36.65,0.3699999999999974,1.02,2026-09-14 16:20:12.306099
AAPL,2025-07-09,36.65,36.86,36.49,36.72,98634064,36.72,0.0700000000000002,0.19,2026-09-14 16:20:12.306099
AAPL,2025-07-10,36.72,37.25,36.4,36.99,23571416,36.99,0.2700000000000031,0.74,2026-09-14 16:20:12.306099
AAPL,2025-07-11,36.99,37.17,36.06,36.37,91670708,36.37,-0.6200000000000045,-1.68,2026-09-14 16:20:12.306099
AAPL,2025-07-14,36.37,37.69,36.09,37.67,92937481,37.67,1.3000000000000045,3.57,2026-09-14 16:20:12.306099
AAPL,2025-07-15,37.67,38.5,37.65,38.27,87042971,38.27,0.6000000000000014,1.59,2026-09-14 16:20:12.306099
AAPL,2025-07-16,38.27,38.39,37.46,37.81,95477062,37.81,-0.4600000000000008,-1.2,2026-09-14 16:20:12.306099
AAPL,2025-07-17,37.81,37.99,36.61,36.68,53915003,36.68,-1.1300000000000026,-2.99,2026-09-14 16:20:12.306099
AAPL,2025-07-18,36.68,37.32,36.47,37.0,46405530,37.0,0.3200000000000003,0.87,2026-09-14 16:20:12.306099
AAPL,2025-07-21,37.0,37.15,35.97,36.29,73306533,36.29,-0.7100000000000009,-1.92,2026-09-14 16:20:12.306099
AAPL,2025-07-22,36.29,36.34,35.66,35.8,19123757,35.8,-0.490000000000002,-1.35,2026-09-14 16:20:12.306099
AAPL,2025-07-23,35.8,36.04,35.52,35.55,80925171,35.55,-0.25,-0.7,2026-09-14 16:20:12.306099
AAPL,2025-07-24,35.55,35.64,34.26,34.46,11203491,34.46,-1.0899999999999963,-3.07,2026-09-14 16:20:12.306099
AAPL,2025-07-25,34.46,35.42,34.14,35.13,40829923,35.13,0.6700000000000017,1.94,2026-09-14 16:20:12.306099
AAPL,2025-07-28,35.13,35.21,34.76,34.96,32862495,34.96,-0.1700000000000017,-0.48,2026-09-14 16:20:12.306099
AAPL,2025-07-29,34.96,35.94,34.63,35.88,89822572,35.88,0.9200000000000016,2.63,2026-09-14 16:20:12.306099
AAPL,2025-07-30,35.88,36.15,35.31,35.34,76632481,35.34,-0.5399999999999991,-1.51,2026-09-14 16:20:12.306099
AAPL,2025-07-31,35.34,35.5,35.1,35.45,52282613,35.45,0.1099999999999994,0.31,2026-09-14 16:20:12.306099
AAPL,2025-08-01,35.45,35.94,35.43,35.76,14624222,35.76,0.3099999999999951,0.87,2026-09-14 16:20:12.306099
AAPL,2025-08-04,35.76,35.98,34.89,34.91,44059539,34.91,-0.8500000000000014,-2.38,2026-09-14 16:20:12.306099
AAPL,2025-08-05,34.91,35.14,34.11,34.39,47865905,34.39,-0.519999999999996,-1.49,2026-09-14 16:20:12.306099
AAPL,2025-08-06,34.39,34.88,34.28,34.68,14844286,34.68,0.2899999999999991,0.84,2026-09-14 16:20:12.306099
AAPL,2025-08-07,34.68,34.97,34.59,34.66,66722919,34.66,-0.0200000000000031,-0.06,2026-09-14 16:20:12.306099
AAPL,2025-08-08,34.66,34.8,33.87,34.15,72856143,34.15,-0.509999999999998,-1.47,2026-09-14 16:20:12.306099
AAPL,2025-08-11,34.15,34.42,33.87,34.05,41231736,34.05,-0.1000000000000014,-0.29,2026-09-14 16:20:12.306099
AAPL,2025-08-12,34.05,34.28,32.81,32.91,98473498,32.91,-1.1400000000000006,-3.35,2026-09-14 16:20:12.306099
AAPL,2025-08-13,32.91,33.33,32.89,33.13,35138690,33.13,0.2200000000000059,0.67,2026-09-14 16:20:12.306099
AAPL,2025-08-14,33.13,33.34,32.4,32.57,78672964,32.57,-0.5600000000000023,-1.69,2026-09-14 16:20:12.306099
AAPL,2025-08-15,32.57,32.79,32.2,32.46,78854497,32.46,-0.1099999999999994,-0.34,2026-09-14 16:20:12.306099
AAPL,2025-08-18,32.46,32.87,32.43,32.58,72747241,32.58,0.1199999999999974,0.37,2026-09-14 16:20:12.306099
AAPL,2025-08-19,32.58,33.52,32.51,33.33,99887842,33.33,0.75,2.3,2026-09-14 16:20:12.306099
AAPL,2025-08-20,33.33,33.44,33.1,33.15,51806158,33.15,-0.1799999999999997,-0.54,2026-09-14 16:20:12.306099
AAPL,2025-08-21,33.15,33.32,32.62,32.93,53049194,32.93,-0.2199999999999988,-0.66,2026-09-14 16:20:12.306099
AAPL,2025-08-22,32.93,33.22,32.58,32.85,31574982,32.85,-0.0799999999999983,-0.24,2026-09-14 16:20:12.306099
AAPL,2025-08-25,32.85,33.19,32.57,32.99,59756510,32.99,0.1400000000000005,0.43,2026-09-14 16:20:12.306099
AAPL,2025-08-26,32.99,33.83,32.76,33.58,60852928,33.58,0.5899999999999963,1.79,2026-09-14 16:20:12.306099
AAPL,2025-08-27,33.58,34.8,33.36,34.53,69828280,34.53,0.9500000000000028,2.83,2026-09-14 16:20:12.306099
AAPL,2025-08-28,34.53,34.71,33.99,34.15,73864041,34.15,-0.3800000000000025,-1.1,2026-09-14 16:20:12.306099
AAPL,2025-08-29,34.15,34.31,32.9,32.94,73173590,32.94,-1.2100000000000009,-3.54,2026-09-14 16:20:12.306099
AAPL,2025-09-01,32.94,33.05,32.64,32.76,32205014,32.76,-0.1799999999999997,-0.55,2026-09-14 16:20:12.306099
AAPL,2025-09-02,32.76,32.89,31.9,32.14,57495535,32.14,-0.6199999999999974,-1.89,2026-09-14 16:20:12.306099
AAPL,2025-09-03,32.14,33.2,32.13,33.18,61174991,33.18,1.0399999999999991,3.24,2026-09-14 16:20:12.306099
AAPL,2025-09-04,33.18,34.07,32.92,33.87,22429878,33.87,0.6899999999999977,2.08,2026-09-14 16:20:12.306099
AAPL,2025-09-05,33.87,34.1,33.18,33.46,54670968,33.46,-0.4099999999999966,-1.21,2026-09-14 16:20:12.306099
AAPL,2025-09-08,33.46,34.93,33.31,34.72,79473288,34.72,1.259999999999998,3.77,2026-09-14 16:20:12.306099
AAPL,2025-09-09,34.72,34.82,34.15,34.41,56597231,34.41,-0.3100000000000023,-0.89,2026-09-14 16:20:12.306099
AAPL,2025-09-10,34.41,34.6,33.52,33.84,73496463,33.84,-0.5699999999999932,-1.66,2026-09-14 16:20:12.306099
AAPL,2025-09-11,33.84,34.08,33.25,33.34,58841995,33.34,-0.5,-1.48,2026-09-14 16:20:12.306099
AAPL,2025-09-12,33.34,33.5,33.22,33.41,94796330,33.41,0.0699999999999931,0.21,2026-09-14 16:20:12.306099
AAPL,2025-09-15,33.41,33.68,33.19,33.42,57936621,33.42,0.0100000000000051,0.03,2026-09-14 16:20:12.306099
AAPL,2025-09-16,33.42,33.59,33.36,33.52,62811483,33.52,0.1000000000000014,0.3,2026-09-14 16:20:12.306099
AAPL,2025-09-17,33.52,34.29,33.51,33.99,34635396,33.99,0.4699999999999988,1.4,2026-09-14 16:20:12.306099
AAPL,2025-09-18,33.99,34.32,33.81,33.89,28118186,33.89,-0.1000000000000014,-0.29,2026-09-14 16:20:12.306099
AAPL,2025-09-19,33.89,34.08,33.47,33.55,70332837,33.55,-0.3400000000000034,-1.0,2026-09-14 16:20:12.306099
AAPL,2025-09-22,33.55,33.55,32.76,32.79,42838140,32.79,-0.759999999999998,-2.27,2026-09-14 16:20:12.306099
AAPL,2025-09-23,32.79,32.97,32.12,32.36,38934617,32.36,-0.4299999999999997,-1.31,2026-09-14 16:20:12.306099
AAPL,2025-09-24,32.36,32.67,31.43,31.54,99915349,31.54,-0.8200000000000003,-2.53,2026-09-14 16:20:12.306099
AAPL,2025-09-25,31.54,31.77,31.43,31.51,67878169,31.51,-0.0299999999999975,-0.1,2026-09-14 16:20:12.306099
AAPL,2025-09-26,31.51,31.81,31.11,31.39,45700533,31.39,-0.120000000000001,-0.38,2026-09-14 16:20:12.306099
AAPL,2025-09-29,31.39,32.3,31.21,32.02,17390611,32.02,0.6300000000000026,2.01,2026-09-14 16:20:12.306099
AAPL,2025-09-30,32.02,32.04,31.88,31.92,97925713,31.92,-0.1000000000000014,-0.31,2026-09-14 16:20:12.306099
AAPL,2025-10-01,31.92,32.14,30.7,30.9,66803037,30.9,-1.0200000000000031,-3.2,2026-09-14 16:20:12.306099
AAPL,2025-10-02,30.9,31.08,30.13,30.32,61336478,30.32,-0.5799999999999983,-1.88,2026-09-14 16:20:12.306099
AAPL,2025-10-03,30.32,30.65,30.3,30.43,63208001,30.43,0.1099999999999994,0.36,2026-09-14 16:20:12.306099
AAPL,2025-10-06,30.43,30.7,30.19,30.62,25830331,30.62,0.1900000000000012,0.62,2026-09-14 16:20:12.306099
AAPL,2025-10-07,30.62,31.21,30.51,30.94,37463763,30.94,0.3200000000000003,1.05,2026-09-14 16:20:12.306099
AAPL,2025-10-08,30.94,31.22,30.71,30.9,12860522,30.9,-0.0400000000000027,-0.13,2026-09-14 16:20:12.306099
AAPL,2025-10-09,30.9,30.93,30.64,30.82,55806554,30.82,-0.0799999999999983,-0.26,2026-09-14 16:20:12.306099
AAPL,2025-10-10,30.82,31.07,30.29,30.37,58733592,30.37,-0.4499999999999993,-1.46,2026-09-14 16:20:12.306099
AAPL,2025-10-13,30.37,30.77,30.22,30.47,92558419,30.47,0.0999999999999978,0.33,2026-09-14 16:20:12.306099
AAPL,2025-10-14,30.47,30.73,29.09,29.16,73673178,29.16,-1.3099999999999987,-4.3,2026-09-14 16:20:12.306099
AAPL,2025-10-15,29.16,29.45,28.61,28.89,49799227,28.89,-0.2699999999999996,-0.93,2026-09-14 16:20:12.306099
AAPL,2025-10-16,28.89,29.25,28.81,29.07,70702429,29.07,0.1799999999999997,0.62,2026-09-14 16:20:12.306099
AAPL,2025-10-17,29.07,29.23,28.6,28.65,92726734,28.65,-0.4200000000000017,-1.44,2026-09-14 16:20:12.306099
AAPL,2025-10-20,28.65,28.83,27.62,27.65,23149063,27.65,-1.0,-3.49,2026-09-14 16:20:12.306099
AAPL,2025-10-21,27.65,27.9,27.47,27.8,56938979,27.8,0.1500000000000021,0.54,2026-09-14 16:20:12.306099
AAPL,2025-10-22,27.8,27.99,27.43,27.47,15160366,27.47,-0.3300000000000018,-1.19,2026-09-14 16:20:12.306099
AAPL,2025-10-23,27.47,27.65,27.32,27.47,32118621,27.47,0.0,0.0,2026-09-14 16:20:12.306099
AAPL,2025-10-24,27.47,27.7,27.3,27.68,20837038,27.68,0.2100000000000008,0.76,2026-09-14 16:20:12.306099
AAPL,2025-10-27,27.68,27.79,27.26,27.46,14697298,27.46,-0.2199999999999988,-0.79,2026-09-14 16:20:12.306099
AAPL,2025-10-28,27.46,27.5,27.02,27.21,20796006,27.21,-0.25,-0.91,2026-09-14 16:20:12.306099
AAPL,2025-10-29,27.21,27.4,26.87,26.89,30207773,26.89,-0.3200000000000003,-1.18,2026-09-14 16:20:12.306099
AAPL,2025-10-30,26.89,27.76,26.66,27.53,39348990,27.53,0.6400000000000006,2.38,2026-09-14 16:20:12.306099
AAPL,2025-10-31,27.53,27.75,27.4,27.44,75195179,27.44,-0.0899999999999998,-0.33,2026-09-14 16:20:12.306099
AAPL,2025-11-03,27.44,27.89,27.26,27.64,54397478,27.64,0.1999999999999993,0.73,2026-09-14 16:20:12.306099
AAPL,2025-11-04,27.64,27.86,27.43,27.76,58684925,27.76,0.120000000000001,0.43,2026-09-14 16:20:12.306099
AAPL,2025-11-05,27.76,27.87,27.57,27.81,45283051,27.81,0.0499999999999971,0.18,2026-09-14 16:20:12.306099
AAPL,2025-11-06,27.81,28.08,27.33,27.47,57523298,27.47,-0.3399999999999998,-1.22,2026-09-14 16:20:12.306099
AAPL,2025-11-07,27.47,28.9,27.21,28.79,72543282,28.79,1.3200000000000005,4.81,2026-09-14 16:20:12.306099
AAPL,2025-11-10,28.79,28.93,28.78,28.86,49400545,28.86,0.0700000000000002,0.24,2026-09-14 16:20:12.306099
AAPL,2025-11-11,28.86,29.03,28.64,28.85,25115349,28.85,-0.009999999999998,-0.03,2026-09-14 16:20:12.306099
AAPL,2025-11-12,28.85,29.47,28.64,29.19,80624369,29.19,0.3399999999999998,1.18,2026-09-14 16:20:12.306099
AAPL,2025-11-13,29.19,29.26,28.26,28.37,95434026,28.37,-0.8200000000000003,-2.81,2026-09-14 16:20:12.306099
AAPL,2025-11-14,28.37,28.8,28.09,28.58,30829322,28.58,0.2099999999999973,0.74,2026-09-14 16:20:12.306099
AAPL,2025-11-17,28.58,28.76,28.06,28.06,61409716,28.06,-0.5199999999999996,-1.82,2026-09-14 16:20:12.306099
AAPL,2025-11-18,28.06,28.77,27.98,28.6,75169367,28.6,0.5400000000000027,1.92,2026-09-14 16:20:12.306099
AAPL,2025-11-19,28.6,28.85,28.4,28.43,87714202,28.43,-0.1700000000000017,-0.59,2026-09-14 16:20:12.306099
AAPL,2025-11-20,28.43,29.59,28.29,29.46,28018567,29.46,1.0300000000000011,3.62,2026-09-14 16:20:12.306099
AAPL,2025-11-21,29.46,29.71,28.54,28.77,24674368,28.77,-0.6900000000000013,-2.34,2026-09-14 16:20:12.306099
AAPL,2025-11-24,28.77,28.9,28.25,28.27,93805248,28.27,-0.5,-1.74,2026-09-14 16:20:12.306099
AAPL,2025-11-25,28.27,28.37,27.85,28.07,33757499,28.07,-0.1999999999999993,-0.71,2026-09-14 16:20:12.306099
AAPL,2025-11-26,28.07,28.09,27.14,27.34,96921054,27.34,-0.7300000000000004,-2.6,2026-09-14 16:20:12.306099
AAPL,2025-11-27,27.34,27.84,27.27,27.6,96998352,27.6,0.2600000000000015,0.95,2026-09-14 16:20:12.306099
AAPL,2025-11-28,27.6,27.75,27.06,27.16,19834052,27.16,-0.4400000000000013,-1.59,2026-09-14 16:20:12.306099
AAPL,2025-12-01,27.16,27.97,27.05,27.78,46542660,27.78,0.620000000000001,2.28,2026-09-14 16:20:12.306099
AAPL,2025-12-02,27.78,28.08,27.51,28.07,36091513,28.07,0.2899999999999991,1.04,2026-09-14 16:20:12.306099
AAPL,2025-12-03,28.07,28.21,27.83,28.21,87688663,28.21,0.1400000000000005,0.5,2026-09-14 16:20:12.306099
AAPL,2025-12-04,28.21,29.18,28.08,29.14,26713375,29.14,0.9299999999999996,3.3,2026-09-14 16:20:12.306099
AAPL,2025-12-05,29.14,29.16,28.12,28.27,44451240,28.27,-0.870000000000001,-2.99,2026-09-14 16:20:12.306099
AAPL,2025-12-08,28.27,28.97,28.23,28.85,29825333,28.85,0.5800000000000018,2.05,2026-09-14 16:20:12.306099
AAPL,2025-12-09,28.85,28.89,28.37,28.65,35180813,28.65,-0.2000000000000028,-0.69,2026-09-14 16:20:12.306099
AAPL,2025-12-10,28.65,28.69,28.12,28.33,93172852,28.33,-0.3200000000000003,-1.12,2026-09-14 16:20:12.306099
AAPL,2025-12-11,28.33,28.78,28.1,28.61,46380720,28.61,0.2800000000000011,0.99,2026-09-14 16:20:12.306099
AAPL,2025-12-12,28.61,28.83,28.0,28.0,53901472,28.0,-0.6099999999999994,-2.13,2026-09-14 16:20:12.306099
AAPL,2025-12-15,28.0,28.08,27.77,28.06,10715471,28.06,0.0599999999999987,0.21,2026-09-14 16:20:12.306099
AAPL,2025-12-16,28.06,29.28,27.92,28.99,43411647,28.99,0.9299999999999996,3.31,2026-09-14 16:20:12.306099
AAPL,2025-12-17,28.99,29.23,28.53,28.6,32563128,28.6,-0.389999999999997,-1.35,2026-09-14 16:20:12.306099
AAPL,2025-12-18,28.6,29.35,28.51,29.08,43907919,29.08,0.4799999999999969,1.68,2026-09-14 16:20:12.306099
AAPL,2025-12-19,29.08,29.71,29.06,29.66,63077971,29.66,0.5800000000000018,1.99,2026-09-14 16:20:12.306099
AAPL,2025-12-22,29.66,29.71,29.32,29.5,69356116,29.5,-0.1600000000000001,-0.54,2026-09-14 16:20:12.306099
AAPL,2025-12-23,29.5,29.67,29.33,29.56,67904717,29.56,0.0599999999999987,0.2,2026-09-14 16:20:12.306099
AAPL,2025-12-24,29.56,29.79,29.16,29.36,90480932,29.36,-0.1999999999999993,-0.68,2026-09-14 16:20:12.306099
AAPL,2025-12-25,29.36,29.9,29.08,29.86,90256807,29.86,0.5,1.7,2026-09-14 16:20:12.306099
AAPL,2025-12-26,29.86,29.87,28.95,29.13,49457581,29.13,-0.7300000000000004,-2.44,2026-09-14 16:20:12.306099
AAPL,2025-12-29,29.13,29.15,28.0,28.07,89427138,28.07,-1.0599999999999987,-3.64,2026-09-14 16:20:12.306099
AAPL,2025-12-30,28.07,28.61,27.99,28.4,50737582,28.4,0.3299999999999983,1.18,2026-09-14 16:20:12.306099
AAPL,2025-12-31,28.4,28.47,27.89,28.08,72409799,28.08,-0.3200000000000003,-1.13,2026-09-14 16:20:12.306099
AAPL,2026-01-01,28.08,28.68,27.87,28.57,74947380,28.57,0.490000000000002,1.75,2026-09-14 16:20:12.306099
AAPL,2026-01-02,28.57,28.8,28.31,28.34,20639014,28.34,-0.2300000000000004,-0.81,2026-09-14 16:20:12.306099
AAPL,2026-01-05,28.34,28.53,27.87,28.1,26293318,28.1,-0.2399999999999984,-0.85,2026-09-14 16:20:12.306099
AAPL,2026-01-06,28.1,28.28,27.96,28.03,56523507,28.03,-0.0700000000000002,-0.25,2026-09-14 16:20:12.306099
AAPL,2026-01-07,28.03,28.09,27.83,27.93,29470492,27.93,-0.1000000000000014,-0.36,2026-09-14 16:20:12.306099
AAPL,2026-01-08,27.93,28.0,27.77,27.81,13163978,27.81,-0.120000000000001,-0.43,2026-09-14 16:20:12.306099
AAPL,2026-01-09,27.81,27.86,27.51,27.68,11588488,27.68,-0.129999999999999,-0.47,2026-09-14 16:20:12.306099
AAPL,2026-01-12,27.68,27.7,27.33,27.44,14371906,27.44,-0.2399999999999984,-0.87,2026-09-14 16:20:12.306099
AAPL,2026-01-13,27.44,28.4,27.24,28.21,30190905,28.21,0.7699999999999996,2.81,2026-09-14 16:20:12.306099
AAPL,2026-01-14,28.21,28.4,27.64,27.66,49669003,27.66,-0.5500000000000007,-1.95,2026-09-14 16:20:12.306099
AAPL,2026-01-15,27.66,27.79,27.55,27.71,66664344,27.71,0.0500000000000007,0.18,2026-09-14 16:20:12.306099
AAPL,2026-01-16,27.71,28.23,27.66,27.96,12400479,27.96,0.25,0.9,2026-09-14 16:20:12.306099
AAPL,2026-01-19,27.96,28.07,27.7,27.95,83778587,27.95,-0.0100000000000015,-0.04,2026-09-14 16:20:12.306099
AAPL,2026-01-20,27.95,28.1,27.6,27.72,44727487,27.72,-0.2300000000000004,-0.82,2026-09-14 16:20:12.306099
AAPL,2026-01-21,27.72,28.31,27.59,28.05,50956068,28.05,0.3300000000000018,1.19,2026-09-14 16:20:12.306099
AAPL,2026-01-22,28.05,28.33,27.99,28.11,73891061,28.11,0.0599999999999987,0.21,2026-09-14 16:20:12.306099
AAPL,2026-01-23,28.11,28.85,28.1,28.6,25335598,28.6,0.490000000000002,1.74,2026-09-14 16:20:12.306099
AAPL,2026-01-26,28.6,29.19,28.33,28.95,63538175,28.95,0.3499999999999978,1.22,2026-09-14 16:20:12.306099
AAPL,2026-01-27,28.95,30.02,28.76,29.96,28906223,29.96,1.0100000000000016,3.49,2026-09-14 16:20:12.306099
AAPL,2026-01-28,29.96,30.38,29.84,30.13,44062497,30.13,0.1699999999999981,0.57,2026-09-14 16:20:12.306099
AAPL,2026-01-29,30.13,30.46,29.92,30.38,42435212,30.38,0.25,0.83,2026-09-14 16:20:12.306099
AAPL,2026-01-30,30.38,30.52,30.35,30.49,69322008,30.49,0.1099999999999994,0.36,2026-09-14 16:20:12.306099
AAPL,2026-02-02,30.49,31.57,30.33,31.41,23782316,31.41,0.9200000000000016,3.02,2026-09-14 16:20:12.306099
AAPL,2026-02-03,31.41,31.43,31.12,31.41,15222479,31.41,0.0,0.0,2026-09-14 16:20:12.306099
AAPL,2026-02-04,31.41,31.71,31.16,31.71,24955316,31.71,0.3000000000000007,0.96,2026-09-14 16:20:12.306099
AAPL,2026-02-05,31.71,31.72,31.13,31.39,69097403,31.39,-0.3200000000000003,-1.01,2026-09-14 16:20:12.306099
AAPL,2026-02-06,31.39,31.5,30.49,30.75,87576089,30.75,-0.6400000000000006,-2.04,2026-09-14 16:20:12.306099
AAPL,2026-02-09,30.75,31.16,30.68,31.05,21037856,31.05,0.3000000000000007,0.98,2026-09-14 16:20:12.306099
AAPL,2026-02-10,31.05,31.3,30.98,31.19,87939799,31.19,0.1400000000000005,0.45,2026-09-14 16:20:12.306099
AAPL,2026-02-11,31.19,31.43,29.87,29.88,92361740,29.88,-1.3100000000000025,-4.2,2026-09-14 16:20:12.306099
AAPL,2026-02-12,29.88,30.7,29.88,30.55,90789598,30.55,0.6700000000000017,2.24,2026-09-14 16:20:12.306099
AAPL,2026-02-13,30.55,30.8,30.06,30.26,81702425,30.26,-0.2899999999999991,-0.95,2026-09-14 16:20:12.306099
AAPL,2026-02-16,30.26,31.06,30.19,30.78,28189009,30.78,0.5199999999999996,1.72,2026-09-14 16:20:12.306099
AAPL,2026-02-17,30.78,30.93,29.66,29.84,73768822,29.84,-0.9400000000000012,-3.05,2026-09-14 16:20:12.306099
AAPL,2026-02-18,29.84,30.07,29.44,29.54,87309139,29.54,-0.3000000000000007,-1.01,2026-09-14 16:20:12.306099
AAPL,2026-02-19,29.54,30.46,29.28,30.27,32742471,30.27,0.7300000000000004,2.47,2026-09-14 16:20:12.306099
AAPL,2026-02-20,30.27,30.99,30.1,30.89,47158463,30.89,0.620000000000001,2.05,2026-09-14 16:20:12.306099
AAPL,2026-02-23,30.89,31.17,29.69,29.75,58067200,29.75,-1.1400000000000006,-3.69,2026-09-14 16:20:12.306099
AAPL,2026-02-24,29.75,30.33,29.73,30.31,97452073,30.31,0.5599999999999987,1.88,2026-09-14 16:20:12.306099
AAPL,2026-02-25,30.31,30.54,30.07,30.53,55768852,30.53,0.2200000000000024,0.73,2026-09-14 16:20:12.306099
AAPL,2026-02-26,30.53,31.69,30.38,31.47,28442782,31.47,0.9399999999999976,3.08,2026-09-14 16:20:12.306099
AAPL,2026-02-27,31.47,31.57,31.37,31.46,34549622,31.46,-0.009999999999998,-0.03,2026-09-14 16:20:12.306099
AAPL,2026-03-02,31.46,31.68,31.06,31.34,30640529,31.34,-0.120000000000001,-0.38,2026-09-14 16:20:12.306099
AAPL,2026-03-03,31.34,32.0,31.24,31.81,13190871,31.81,0.4699999999999988,1.5,2026-09-14 16:20:12.306099
AAPL,2026-03-04,31.81,32.37,31.61,32.29,59398114,32.29,0.4800000000000004,1.51,2026-09-14 16:20:12.306099
AAPL,2026-03-05,32.29,32.65,32.03,32.32,53782414,32.32,0.0300000000000011,0.09,2026-09-14 16:20:12.306099
AAPL,2026-03-06,32.32,32.95,32.08,32.8,22089569,32.8,0.4799999999999969,1.49,2026-09-14 16:20:12.306099
AAPL,2026-03-09,32.8,33.64,32.65,33.52,50542538,33.52,0.720000000000006,2.2,2026-09-14 16:20:12.306099
AAPL,2026-03-10,33.52,33.9,33.52,33.58,10906565,33.58,0.0599999999999951,0.18,2026-09-14 16:20:12.306099
AAPL,2026-03-11,33.58,33.78,32.62,32.68,57987460,32.68,-0.8999999999999986,-2.68,2026-09-14 16:20:12.306099
AAPL,2026-03-12,32.68,33.28,32.35,33.25,40303058,33.25,0.5700000000000003,1.74,2026-09-14 16:20:12.306099
AAPL,2026-03-13,33.25,33.41,33.01,33.37,85641071,33.37,0.1199999999999974,0.36,2026-09-14 16:20:12.306099
AAPL,2026-03-16,33.37,33.42,32.8,32.89,11074223,32.89,-0.4799999999999969,-1.44,2026-09-14 16:20:12.306099
AAPL,2026-03-17,32.89,33.99,32.69,33.79,96306595,33.79,0.8999999999999986,2.74,2026-09-14 16:20:12.306099
AAPL,2026-03-18,33.79,35.11,33.68,34.82,40137705,34.82,1.0300000000000011,3.05,2026-09-14 16:20:12.306099
AAPL,2026-03-19,34.82,35.27,34.69,35.14,22600332,35.14,0.3200000000000003,0.92,2026-09-14 16:20:12.306099
AAPL,2026-03-20,35.14,36.0,35.04,35.84,24881227,35.84,0.7000000000000028,1.99,2026-09-14 16:20:12.306099
AAPL,2026-03-23,35.84,36.01,33.96,34.21,74011398,34.21,-1.6300000000000026,-4.55,2026-09-14 16:20:12.306099
AAPL,2026-03-24,34.21,34.95,34.1,34.93,24142267,34.93,0.7199999999999989,2.1,2026-09-14 16:20:12.306099
AAPL,2026-03-25,34.93,35.43,34.87,35.09,38698654,35.09,0.1600000000000037,0.46,2026-09-14 16:20:12.306099
AAPL,2026-03-26,35.09,35.26,33.92,33.93,24552101,33.93,-1.1600000000000037,-3.31,2026-09-14 16:20:12.306099
AAPL,2026-03-27,33.93,33.97,33.32,33.53,81309308,33.53,-0.3999999999999986,-1.18,2026-09-14 16:20:12.306099
AAPL,2026-03-30,33.53,33.9,33.48,33.65,35627524,33.65,0.1199999999999974,0.36,2026-09-14 16:20:12.306099
AAPL,2026-03-31,33.65,34.44,33.58,34.1,21628671,34.1,0.4500000000000028,1.34,2026-09-14 16:20:12.306099
AAPL,2026-04-01,34.1,34.15,33.68,33.98,68541096,33.98,-0.1200000000000045,-0.35,2026-09-14 16:20:12.306099
AAPL,2026-04-02,33.98,34.23,32.97,33.22,19947357,33.22,-0.759999999999998,-2.24,2026-09-14 16:20:12.306099
AAPL,2026-04-03,33.22,33.51,31.89,32.09,57051219,32.09,-1.1299999999999957,-3.4,2026-09-14 16:20:12.306099
AAPL,2026-04-06,32.09,32.61,31.93,32.61,66139261,32.61,0.519999999999996,1.62,2026-09-14 16:20:12.306099
AAPL,2026-04-07,32.61,32.72,32.06,32.21,67267954,32.21,-0.3999999999999986,-1.23,2026-09-14 16:20:12.306099
AAPL,2026-04-08,32.21,32.85,31.99,32.54,10114637,32.54,0.3299999999999983,1.02,2026-09-14 16:20:12.306099
AAPL,2026-04-09,32.54,32.76,32.25,32.38,85552385,32.38,-0.1599999999999966,-0.49,2026-09-14 16:20:12.306099
AAPL,2026-04-10,32.38,32.38,31.76,31.89,76245769,31.89,-0.490000000000002,-1.51,2026-09-14 16:20:12.306099
AAPL,2026-04-13,31.89,32.17,30.96,31.11,83153555,31.11,-0.7800000000000011,-2.45,2026-09-14 16:20:12.306099
AAPL,2026-04-14,31.11,31.29,30.63,30.92,45674663,30.92,-0.1899999999999977,-0.61,2026-09-14 16:20:12.306099
AAPL,2026-04-15,30.92,30.99,30.65,30.68,57228610,30.68,-0.240000000000002,-0.78,2026-09-14 16:20:12.306099
AAPL,2026-04-16,30.68,30.82,30.44,30.72,25227753,30.72,0.0399999999999991,0.13,2026-09-14 16:20:12.306099
AAPL,2026-04-17,30.72,30.89,29.72,29.77,74627852,29.77,-0.9499999999999992,-3.09,2026-09-14 16:20:12.306099
AAPL,2026-04-20,29.77,30.63,29.7,30.48,21906450,30.48,0.7100000000000009,2.38,2026-09-14 16:20:12.306099
AAPL,2026-04-21,30.48,30.87,30.23,30.67,72727347,30.67,0.1900000000000012,0.62,2026-09-14 16:20:12.306099
AAPL,2026-04-22,30.67,30.99,30.51,30.94,70041229,30.94,0.2699999999999996,0.88,2026-09-14 16:20:12.306099
AAPL,2026-04-23,30.94,30.99,30.32,30.51,88183522,30.51,-0.4299999999999997,-1.39,2026-09-14 16:20:12.306099
AAPL,2026-04-24,30.51,30.57,30.22,30.56,22555621,30.56,0.0499999999999971,0.16,2026-09-14 16:20:12.306099
AAPL,2026-04-27,30.56,30.86,29.24,29.47,94291901,29.47,-1.09,-3.57,2026-09-14 16:20:12.306099
AAPL,2026-04-28,29.47,29.66,28.97,29.05,39419329,29.05,-0.4199999999999981,-1.43,2026-09-14 16:20:12.306099
AAPL,2026-04-29,29.05,29.74,28.95,29.48,43594067,29.48,0.4299999999999997,1.48,2026-09-14 16:20:12.306099
AAPL,2026-04-30,29.48,29.58,28.76,29.01,10945617,29.01,-0.4699999999999988,-1.59,2026-09-14 16:20:12.306099
AAPL,2026-05-01,29.01,29.28,28.52,28.68,50540121,28.68,-0.3300000000000018,-1.14,2026-09-14 16:20:12.306099
AAPL,2026-05-04,28.68,28.7,28.32,28.38,18141256,28.38,-0.3000000000000007,-1.05,2026-09-14 16:20:12.306099
AAPL,2026-05-05,28.38,28.43,28.29,28.39,10991501,28.39,0.0100000000000015,0.04,2026-09-14 16:20:12.306099
AAPL,2026-05-06,28.39,28.73,28.28,28.7,89157480,28.7,0.3099999999999987,1.09,2026-09-14 16:20:12.306099
AAPL,2026-05-07,28.7,29.63,28.45,29.49,60126636,29.49,0.7899999999999991,2.75,2026-09-14 16:20:12.306099
AAPL,2026-05-08,29.49,30.28,29.29,30.06,42596731,30.06,0.5700000000000003,1.93,2026-09-14 16:20:12.306099
AAPL,2026-05-11,30.06,30.06,29.03,29.27,38940162,29.27,-0.7899999999999991,-2.63,2026-09-14 16:20:12.306099
AAPL,2026-05-12,29.27,29.43,28.88,29.14,10763277,29.14,-0.129999999999999,-0.44,2026-09-14 16:20:12.306099
AAPL,2026-05-13,29.14,29.5,28.95,29.38,52849041,29.38,0.2399999999999984,0.82,2026-09-14 16:20:12.306099
AAPL,2026-05-14,29.38,29.53,29.28,29.52,41621310,29.52,0.1400000000000005,0.48,2026-09-14 16:20:12.306099
AAPL,2026-05-15,29.52,30.72,29.28,30.57,38609435,30.57,1.0500000000000007,3.56,2026-09-14 16:20:12.306099
AAPL,2026-05-18,30.57,31.04,30.4,30.99,43757922,30.99,0.4199999999999981,1.37,2026-09-14 16:20:12.306099
AAPL,2026-05-19,30.99,31.1,30.7,31.06,91559270,31.06,0.0700000000000002,0.23,2026-09-14 16:20:12.306099
AAPL,2026-05-20,31.06,31.6,31.02,31.32,55334959,31.32,0.2600000000000015,0.84,2026-09-14 16:20:12.306099
AAPL,2026-05-21,31.32,32.05,31.26,31.77,29795081,31.77,0.4499999999999993,1.44,2026-09-14 16:20:12.306099
AAPL,2026-05-22,31.77,31.79,31.07,31.3,34131455,31.3,-0.4699999999999988,-1.48,2026-09-14 16:20:12.306099
AAPL,2026-05-25,31.3,31.58,31.06,31.25,29141535,31.25,-0.0500000000000007,-0.16,2026-09-14 16:20:12.306099
AAPL,2026-05-26,31.25,31.26,30.97,30.99,62183612,30.99,-0.2600000000000015,-0.83,2026-09-14 16:20:12.306099
AAPL,2026-05-27,30.99,31.64,30.93,31.56,95372337,31.56,0.5700000000000003,1.84,2026-09-14 16:20:12.306099
AAPL,2026-05-28,31.56,33.06,31.42,32.96,10040457,32.96,1.400000000000002,4.44,2026-09-14 16:20:12.306099
AAPL,2026-05-29,32.96,33.0,32.58,32.8,66597892,32.8,-0.1600000000000037,-0.49,2026-09-14 16:20:12.306099
AAPL,2026-06-01,32.8,33.01,32.41,32.66,47912374,32.66,-0.1400000000000005,-0.43,2026-09-14 16:20:12.306099
AAPL,2026-06-02,32.66,33.5,32.47,33.27,56038469,33.27,0.6100000000000065,1.87,2026-09-14 16:20:12.306099
AAPL,2026-06-03,33.27,33.35,31.87,31.99,10835594,31.99,-1.2800000000000047,-3.85,2026-09-14 16:20:12.306099
AAPL,2026-06-04,31.99,31.99,31.42,31.6,73362589,31.6,-0.389999999999997,-1.22,2026-09-14 16:20:12.306099
AAPL,2026-06-05,31.6,32.52,31.6,32.3,15349777,32.3,0.6999999999999957,2.22,2026-09-14 16:20:12.306099
AAPL,2026-06-08,32.3,33.09,32.06,32.83,69671101,32.83,0.5300000000000011,1.64,2026-09-14 16:20:12.306099
AAPL,2026-06-09,32.83,33.89,32.59,33.64,76420762,33.64,0.8100000000000023,2.47,2026-09-14 16:20:12.306099
AAPL,2026-06-10,33.64,34.08,33.52,34.06,57483704,34.06,0.4200000000000017,1.25,2026-09-14 16:20:12.306099
AAPL,2026-06-11,34.06,34.23,33.97,34.11,80330347,34.11,0.0499999999999971,0.15,2026-09-14 16:20:12.306099
AAPL,2026-06-12,34.11,34.79,33.98,34.66,36955940,34.66,0.5499999999999972,1.61,2026-09-14 16:20:12.306099
AAPL,2026-06-15,34.66,34.79,34.55,34.71,38226240,34.71,0.0500000000000042,0.14,2026-09-14 16:20:12.306099
AAPL,2026-06-16,34.71,35.2,34.57,35.19,13376391,35.19,0.4799999999999969,1.38,2026-09-14 16:20:12.306099
AAPL,2026-06-17,35.19,35.94,34.84,35.66,91914447,35.66,0.4699999999999988,1.34,2026-09-14 16:20:12.306099
AAPL,2026-06-18,35.66,36.49,35.55,36.24,89939006,36.24,0.5800000000000054,1.63,2026-09-14 16:20:12.306099
AAPL,2026-06-19,36.24,36.65,35.91,36.51,85306625,36.51,0.269999999999996,0.75,2026-09-14 16:20:12.306099
AAPL,2026-06-22,36.51,36.54,36.07,36.16,37077197,36.16,-0.3500000000000014,-0.96,2026-09-14 16:20:12.306099
AAPL,2026-06-23,36.16,36.66,36.05,36.49,81140538,36.49,0.3300000000000054,0.91,2026-09-14 16:20:12.306099
AAPL,2026-06-24,36.49,38.13,36.18,37.86,64332841,37.86,1.3699999999999974,3.75,2026-09-14 16:20:12.306099
AAPL,2026-06-25,37.86,37.93,37.33,37.38,76975726,37.38,-0.4799999999999969,-1.27,2026-09-14 16:20:12.306099
AAPL,2026-06-26,37.38,38.44,37.02,38.42,70417286,38.42,1.0399999999999991,2.78,2026-09-14 16:20:12.306099
AAPL,2026-06-29,38.42,38.59,36.93,37.29,27957251,37.29,-1.1300000000000026,-2.94,2026-09-14 16:20:12.306099
AAPL,2026-06-30,37.29,37.98,36.96,37.64,54911753,37.64,0.3500000000000014,0.94,2026-09-14 16:20:12.306099
AAPL,2026-07-01,37.64,37.76,37.35,37.63,86139271,37.63,-0.009999999999998,-0.03,2026-09-14 16:20:12.306099
AAPL,2026-07-02,37.63,37.66,36.54,36.79,76554733,36.79,-0.8400000000000034,-2.23,2026-09-14 16:20:12.306099
AAPL,2026-07-03,36.79,37.34,36.42,37.13,32049873,37.13,0.3400000000000034,0.92,2026-09-14 16:20:12.306099
AAPL,2026-07-06,37.13,37.35,36.01,36.2,88221660,36.2,-0.9299999999999996,-2.5,2026-09-14 16:20:12.306099
AAPL,2026-07-07,36.2,36.39,35.52,35.56,73288827,35.56,-0.6400000000000006,-1.77,2026-09-14 16:20:12.306099
AAPL,2026-07-08,35.56,35.66,35.39,35.65,61520074,35.65,0.0899999999999963,0.25,2026-09-14 16:20:12.306099
AAPL,2026-07-09,35.65,35.9,33.75,34.04,41174923,34.04,-1.6099999999999994,-4.52,2026-09-14 16:20:12.306099
AAPL,2026-07-10,34.04,34.45,33.89,34.12,82656138,34.12,0.0799999999999983,0.24,2026-09-14 16:20:12.306099
AAPL,2026-07-13,34.12,34.28,33.92,34.2,29625582,34.2,0.0800000000000054,0.23,2026-09-14 16:20:12.306099
AAPL,2026-07-14,34.2,34.28,34.09,34.16,43382905,34.16,-0.0400000000000062,-0.12,2026-09-14 16:20:12.306099
AAPL,2026-07-15,34.16,34.29,33.79,34.08,60005171,34.08,-0.0799999999999983,-0.23,2026-09-14 16:20:12.306099
AAPL,2026-07-16,34.08,34.19,33.76,34.12,64375610,34.12,0.0399999999999991,0.12,2026-09-14 16:20:12.306099
AAPL,2026-07-17,34.12,34.23,33.54,33.78,79482264,33.78,-0.3399999999999963,-1.0,2026-09-14 16:20:12.306099
AAPL,2026-07-20,33.78,33.78,32.42,32.73,45243119,32.73,-1.0500000000000045,-3.11,2026-09-14 16:20:12.306099
AAPL,2026-07-21,32.73,32.91,31.76,31.94,42344009,31.94,-0.7899999999999956,-2.41,2026-09-14 16:20:12.306099
AAPL,2026-07-22,31.94,32.02,31.16,31.32,60415704,31.32,-0.620000000000001,-1.94,2026-09-14 16:20:12.306099
AAPL,2026-07-23,31.32,31.46,30.7,30.91,53676468,30.91,-0.4100000000000001,-1.31,2026-09-14 16:20:12.306099
AAPL,2026-07-24,30.91,31.35,30.69,31.14,84096981,31.14,0.2300000000000004,0.74,2026-09-14 16:20:12.306099
AAPL,2026-07-27,31.14,31.2,30.73,30.94,16940627,30.94,-0.1999999999999993,-0.64,2026-09-14 16:20:12.306099
AAPL,2026-07-28,30.94,31.18,30.06,30.19,54823975,30.19,-0.75,-2.42,2026-09-14 16:20:12.306099
AAPL,2026-07-29,30.19,31.02,30.19,30.94,20023534,30.94,0.75,2.48,2026-09-14 16:20:12.306099
AAPL,2026-07-30,30.94,31.17,30.07,30.3,60894005,30.3,-0.6400000000000006,-2.07,2026-09-14 16:20:12.306099
AAPL,2026-07-31,30.3,30.46,30.26,30.27,71362084,30.27,-0.0300000000000011,-0.1,2026-09-14 16:20:12.306099
AAPL,2026-08-03,30.27,30.73,30.02,30.72,78708388,30.72,0.4499999999999993,1.49,2026-09-14 16:20:12.306099
AAPL,2026-08-04,30.72,30.92,30.21,30.39,22886225,30.39,-0.3299999999999983,-1.07,2026-09-14 16:20:12.306099
AAPL,2026-08-05,30.39,30.85,30.11,30.64,61865588,30.64,0.25,0.82,2026-09-14 16:20:12.306099
AAPL,2026-08-06,30.64,31.26,30.5,31.06,14875483,31.06,0.4199999999999981,1.37,2026-09-14 16:20:12.306099
AAPL,2026-08-07,31.06,31.5,30.81,31.22,93468121,31.22,0.1600000000000001,0.52,2026-09-14 16:20:12.306099
AAPL,2026-08-10,31.22,31.38,30.64,30.82,28893295,30.82,-0.3999999999999986,-1.28,2026-09-14 16:20:12.306099
AAPL,2026-08-11,30.82,31.02,30.2,30.28,55609248,30.28,-0.5399999999999991,-1.75,2026-09-14 16:20:12.306099
AAPL,2026-08-12,30.28,30.32,29.94,30.1,37870504,30.1,-0.1799999999999997,-0.59,2026-09-14 16:20:12.306099
AAPL,2026-08-13,30.1,30.24,29.65,29.68,11605811,29.68,-0.4200000000000017,-1.4,2026-09-14 16:20:12.306099
AAPL,2026-08-14,29.68,29.73,29.37,29.43,48142650,29.43,-0.25,-0.84,2026-09-14 16:20:12.306099
AAPL,2026-08-17,29.43,29.61,29.23,29.37,20030554,29.37,-0.0599999999999987,-0.2,2026-09-14 16:20:12.306099
AAPL,2026-08-18,29.37,29.5,28.94,29.11,10354809,29.11,-0.2600000000000015,-0.89,2026-09-14 16:20:12.306099
AAPL,2026-08-19,29.11,29.2,28.97,29.11,36794854,29.11,0.0,0.0,2026-09-14 16:20:12.306099
AAPL,2026-08-20,29.11,29.61,28.84,29.35,47890058,29.35,0.240000000000002,0.82,2026-09-14 16:20:12.306099
AAPL,2026-08-21,29.35,29.46,28.75,29.03,65691660,29.03,-0.3200000000000003,-1.09,2026-09-14 16:20:12.306099
AAPL,2026-08-24,29.03,29.59,28.79,29.58,17542491,29.58,0.5499999999999972,1.89,2026-09-14 16:20:12.306099
AAPL,2026-08-25,29.58,29.66,29.01,29.15,90576006,29.15,-0.4299999999999997,-1.45,2026-09-14 16:20:12.306099
AAPL,2026-08-26,29.15,29.21,28.96,29.06,80221623,29.06,-0.0899999999999998,-0.31,2026-09-14 16:20:12.306099
AAPL,2026-08-27,29.06,29.3,28.95,29.25,66334222,29.25,0.1900000000000012,0.65,2026-09-14 16:20:12.306099
AAPL,2026-08-28,29.25,29.45,28.28,28.29,73450744,28.29,-0.9600000000000009,-3.28,2026-09-14 16:20:12.306099
AAPL,2026-08-31,28.29,28.53,28.18,28.29,27965353,28.29,0.0,0.0,2026-09-14 16:20:12.306099
AAPL,2026-09-01,28.29,28.58,28.22,28.51,61593562,28.51,0.2200000000000024,0.78,2026-09-14 16:20:12.306099
AAPL,2026-09-02,28.51,28.89,28.4,28.65,16012338,28.65,0.139999999999997,0.49,2026-09-14 16:20:12.306099
AAPL,2026-09-03,28.65,29.3,28.59,29.17,90653041,29.17,0.5200000000000031,1.82,2026-09-14 16:20:12.306099
AAPL,2026-09-04,29.17,29.82,28.94,29.8,68114490,29.8,0.629999999999999,2.16,2026-09-14 16:20:12.306099
AAPL,2026-09-07,29.8,29.99,29.66,29.69,16246585,29.69,-0.1099999999999994,-0.37,2026-09-14 16:20:12.306099
AAPL,2026-09-08,29.69,29.88,28.37,28.44,50503056,28.44,-1.25,-4.21,2026-09-14 16:20:12.306099
AAPL,2026-09-09,28.44,28.91,28.18,28.78,88192827,28.78,0.3399999999999998,1.2,2026-09-14 16:20:12.306099
AAPL,2026-09-10,28.78,29.51,28.59,29.31,79409068,29.31,0.5299999999999976,1.84,2026-09-14 16:20:12.306099
AAPL,2026-09-11,29.31,30.38,29.26,30.36,65489831,30.36,1.0500000000000007,3.58,2026-09-14 16:20:12.306099
AAPL,2026-09-14,30.36,30.9,30.18,30.67,17628233,30.67,0.3100000000000023,1.02,2026-09-14 16:20:12.306099
AAPL,2026-09-15,30.36,30.9,30.18,30.67,17628233,30.67,0.3100000000000023,1.02,2026-09-15 07:27:40.144938
