symbol,date,open,high,low,close,volume,adj_close,price_change,pct_change,load_timestamp
SPY,2016-09-16,200.0,202.0,199.48,200.35,42550714,200.35,0.3499999999999943,0.17,2026-09-14 16:20:12.306099
SPY,2016-09-19,200.35,205.93,198.76,204.34,76609718,204.34,3.990000000000009,1.99,2026-09-14 16:20:12.306099
SPY,2016-09-20,204.34,207.34,202.42,206.74,59847434,206.74,2.4000000000000057,1.17,2026-09-14 16:20:12.306099
SPY,2016-09-21,206.74,207.98,204.63,206.54,88190363,206.54,-0.200000000000017,-0.1,2026-09-14 16:20:12.306099
SPY,2016-09-22,206.54,208.57,205.92,206.74,49688240,206.74,0.200000000000017,0.1,2026-09-14 16:20:12.306099
SPY,2016-09-23,206.74,207.41,199.83,200.41,70179116,200.41,-6.3300000000000125,-3.06,2026-09-14 16:20:12.306099
SPY,2016-09-26,200.41,201.82,194.13,195.16,46955574,195.16,-5.25,-2.62,2026-09-14 16:20:12.306099
SPY,2016-09-27,195.16,197.33,193.24,195.87,82977926,195.87,0.710000000000008,0.36,2026-09-14 16:20:12.306099
SPY,2016-09-28,195.87,197.4,192.85,194.11,18081131,194.11,-1.759999999999991,-0.9,2026-09-14 16:20:12.306099
SPY,2016-09-29,194.11,195.57,190.29,190.67,49142048,190.67,-3.440000000000026,-1.77,2026-09-14 16:20:12.306099
SPY,2016-09-30,190.67,191.45,188.56,190.22,25201288,190.22,-0.4499999999999886,-0.24,2026-09-14 16:20:12.306099
SPY,2016-10-03,190.22,191.92,189.37,190.44,58553019,190.44,0.2199999999999988,0.12,2026-09-14 16:20:12.306099
SPY,2016-10-04,190.44,191.04,189.43,190.67,30221270,190.67,0.2299999999999897,0.12,2026-09-14 16:20:12.306099
SPY,2016-10-05,190.67,191.84,189.05,189.16,42208900,189.16,-1.509999999999991,-0.79,2026-09-14 16:20:12.306099
SPY,2016-10-06,189.16,194.25,187.8,193.71,18442012,193.71,4.550000000000011,2.41,2026-09-14 16:20:12.306099
SPY,2016-10-07,193.71,194.58,191.86,192.81,61284711,192.81,-0.9000000000000057,-0.46,2026-09-14 16:20:12.306099
SPY,2016-10-10,192.81,194.21,189.22,189.25,24598384,189.25,-3.5600000000000023,-1.85,2026-09-14 16:20:12.306099
SPY,2016-10-11,189.25,191.73,187.56,190.52,15727576,190.52,1.2700000000000102,0.67,2026-09-14 16:20:12.306099
SPY,2016-10-12,190.52,192.08,186.56,186.7,22890558,186.7,-3.8200000000000216,-2.01,2026-09-14 16:20:12.306099
SPY,2016-10-13,186.7,186.92,181.29,182.67,55366238,182.67,-4.030000000000001,-2.16,2026-09-14 16:20:12.306099
SPY,2016-10-14,182.67,184.88,182.14,183.55,88437827,183.55,0.8800000000000239,0.48,2026-09-14 16:20:12.306099
SPY,2016-10-17,183.55,184.19,181.86,182.84,33350362,182.84,-0.710000000000008,-0.39,2026-09-14 16:20:12.306099
SPY,2016-10-18,182.84,186.37,181.2,185.56,98021841,185.56,2.719999999999999,1.49,2026-09-14 16:20:12.306099
SPY,2016-10-19,185.56,187.13,184.5,185.78,18241086,185.78,0.2199999999999988,0.12,2026-09-14 16:20:12.306099
SPY,2016-10-20,185.78,186.62,181.15,182.78,69004481,182.78,-3.0,-1.61,2026-09-14 16:20:12.306099
SPY,2016-10-21,182.78,183.55,181.29,181.65,25287387,181.65,-1.1299999999999957,-0.62,2026-09-14 16:20:12.306099
SPY,2016-10-24,181.65,184.01,179.89,183.95,50493103,183.95,2.299999999999983,1.27,2026-09-14 16:20:12.306099
SPY,2016-10-25,183.95,184.11,182.29,183.37,41027904,183.37,-0.5799999999999841,-0.32,2026-09-14 16:20:12.306099
SPY,2016-10-26,183.37,186.15,182.81,185.3,31575167,185.3,1.9300000000000068,1.05,2026-09-14 16:20:12.306099
SPY,2016-10-27,185.3,185.32,184.33,184.83,57797711,184.83,-0.4699999999999988,-0.25,2026-09-14 16:20:12.306099
SPY,2016-10-28,184.83,186.57,182.29,183.84,77644236,183.84,-0.9900000000000092,-0.54,2026-09-14 16:20:12.306099
SPY,2016-10-31,183.84,184.63,183.5,183.57,83950142,183.57,-0.2700000000000102,-0.15,2026-09-14 16:20:12.306099
SPY,2016-11-01,183.57,185.85,182.45,185.25,77872403,185.25,1.6800000000000068,0.92,2026-09-14 16:20:12.306099
SPY,2016-11-02,185.25,185.53,182.93,184.63,20156454,184.63,-0.6200000000000045,-0.33,2026-09-14 16:20:12.306099
SPY,2016-11-03,184.63,188.96,182.88,188.12,92318478,188.12,3.490000000000009,1.89,2026-09-14 16:20:12.306099
SPY,2016-11-04,188.12,190.78,187.95,189.26,17446084,189.26,1.1399999999999864,0.61,2026-09-14 16:20:12.306099
SPY,2016-11-07,189.26,195.25,189.24,194.06,56365761,194.06,4.800000000000011,2.54,2026-09-14 16:20:12.306099
SPY,2016-11-08,194.06,197.19,193.61,195.51,57526188,195.51,1.4499999999999886,0.75,2026-09-14 16:20:12.306099
SPY,2016-11-09,195.51,196.02,192.65,194.44,99800032,194.44,-1.0699999999999932,-0.55,2026-09-14 16:20:12.306099
SPY,2016-11-10,194.44,194.85,190.56,191.29,50127078,191.29,-3.1500000000000057,-1.62,2026-09-14 16:20:12.306099
SPY,2016-11-11,191.29,195.33,190.48,195.04,31187851,195.04,3.75,1.96,2026-09-14 16:20:12.306099
SPY,2016-11-14,195.04,197.78,193.99,196.31,48936638,196.31,1.2700000000000102,0.65,2026-09-14 16:20:12.306099
SPY,2016-11-15,196.31,196.63,191.92,193.64,14416964,193.64,-2.670000000000016,-1.36,2026-09-14 16:20:12.306099
SPY,2016-11-16,193.64,195.46,192.07,195.19,11624057,195.19,1.5500000000000114,0.8,2026-09-14 16:20:12.306099
SPY,2016-11-17,195.19,198.26,195.15,197.11,79678878,197.11,1.920000000000016,0.98,2026-09-14 16:20:12.306099
SPY,2016-11-18,197.11,198.17,194.66,195.31,78325143,195.31,-1.8000000000000114,-0.91,2026-09-14 16:20:12.306099
SPY,2016-11-21,195.31,196.22,190.65,192.11,92496243,192.11,-3.1999999999999886,-1.64,2026-09-14 16:20:12.306099
SPY,2016-11-22,192.11,195.41,191.22,194.79,30699796,194.79,2.6799999999999784,1.4,2026-09-14 16:20:12.306099
SPY,2016-11-23,194.79,198.33,193.21,197.85,64892568,197.85,3.0600000000000023,1.57,2026-09-14 16:20:12.306099
SPY,2016-11-24,197.85,198.23,197.84,198.01,81026797,198.01,0.1599999999999966,0.08,2026-09-14 16:20:12.306099
SPY,2016-11-25,198.01,200.83,196.95,198.98,29321067,198.98,0.9699999999999988,0.49,2026-09-14 16:20:12.306099
SPY,2016-11-28,198.98,200.38,197.87,198.0,72428580,198.0,-0.9799999999999898,-0.49,2026-09-14 16:20:12.306099
SPY,2016-11-29,198.0,200.75,197.94,200.24,66463500,200.24,2.240000000000009,1.13,2026-09-14 16:20:12.306099
SPY,2016-11-30,200.24,200.7,193.58,195.12,78582815,195.12,-5.1200000000000045,-2.56,2026-09-14 16:20:12.306099
SPY,2016-12-01,195.12,195.26,194.03,194.57,24888623,194.57,-0.5500000000000114,-0.28,2026-09-14 16:20:12.306099
SPY,2016-12-02,194.57,198.0,194.42,196.39,56211402,196.39,1.8199999999999927,0.94,2026-09-14 16:20:12.306099
SPY,2016-12-05,196.39,197.11,195.76,197.04,21482676,197.04,0.6500000000000057,0.33,2026-09-14 16:20:12.306099
SPY,2016-12-06,197.04,200.46,196.24,199.81,52159820,199.81,2.7700000000000102,1.41,2026-09-14 16:20:12.306099
SPY,2016-12-07,199.81,200.91,198.81,200.17,47607261,200.17,0.3599999999999852,0.18,2026-09-14 16:20:12.306099
SPY,2016-12-08,200.17,201.76,199.0,201.62,27428245,201.62,1.450000000000017,0.72,2026-09-14 16:20:12.306099
SPY,2016-12-09,201.62,202.75,200.09,201.64,97995800,201.64,0.0199999999999818,0.01,2026-09-14 16:20:12.306099
SPY,2016-12-12,201.64,204.85,200.05,204.33,29941520,204.33,2.690000000000026,1.33,2026-09-14 16:20:12.306099
SPY,2016-12-13,204.33,206.06,203.18,204.0,60127998,204.0,-0.3300000000000125,-0.16,2026-09-14 16:20:12.306099
SPY,2016-12-14,204.0,207.27,201.99,207.16,26100612,207.16,3.1599999999999966,1.55,2026-09-14 16:20:12.306099
SPY,2016-12-15,207.16,208.2,204.93,205.7,18760515,205.7,-1.460000000000008,-0.7,2026-09-14 16:20:12.306099
SPY,2016-12-16,205.7,206.72,202.14,203.04,81837445,203.04,-2.6599999999999966,-1.29,2026-09-14 16:20:12.306099
SPY,2016-12-19,203.04,207.02,202.46,205.09,39816879,205.09,2.050000000000012,1.01,2026-09-14 16:20:12.306099
SPY,2016-12-20,205.09,208.06,204.44,206.33,45575622,206.33,1.240000000000009,0.6,2026-09-14 16:20:12.306099
SPY,2016-12-21,206.33,206.51,203.7,204.3,57840048,204.3,-2.030000000000001,-0.98,2026-09-14 16:20:12.306099
SPY,2016-12-22,204.3,205.45,201.15,202.14,96590581,202.14,-2.160000000000025,-1.06,2026-09-14 16:20:12.306099
SPY,2016-12-23,202.14,206.33,201.89,204.73,75954469,204.73,2.5900000000000034,1.28,2026-09-14 16:20:12.306099
SPY,2016-12-26,204.73,206.62,203.62,206.07,89147447,206.07,1.3400000000000034,0.65,2026-09-14 16:20:12.306099
SPY,2016-12-27,206.07,206.09,202.05,202.16,66937327,202.16,-3.9099999999999966,-1.9,2026-09-14 16:20:12.306099
SPY,2016-12-28,202.16,205.29,201.67,204.47,74436992,204.47,2.3100000000000023,1.14,2026-09-14 16:20:12.306099
SPY,2016-12-29,204.47,204.62,202.64,203.48,58522473,203.48,-0.9900000000000092,-0.48,2026-09-14 16:20:12.306099
SPY,2016-12-30,203.48,204.68,200.6,201.02,84897422,201.02,-2.4599999999999795,-1.21,2026-09-14 16:20:12.306099
SPY,2017-01-02,201.02,202.95,199.34,199.99,91856615,199.99,-1.0300000000000011,-0.51,2026-09-14 16:20:12.306099
SPY,2017-01-03,199.99,201.72,199.71,199.79,86488297,199.79,-0.200000000000017,-0.1,2026-09-14 16:20:12.306099
SPY,2017-01-04,199.79,203.39,198.81,202.72,67592353,202.72,2.930000000000007,1.47,2026-09-14 16:20:12.306099
SPY,2017-01-05,202.72,204.3,200.29,201.15,68087863,201.15,-1.5699999999999932,-0.77,2026-09-14 16:20:12.306099
SPY,2017-01-06,201.15,202.0,197.47,199.04,64593074,199.04,-2.1100000000000136,-1.05,2026-09-14 16:20:12.306099
SPY,2017-01-09,199.04,200.4,198.29,199.38,76828634,199.38,0.3400000000000034,0.17,2026-09-14 16:20:12.306099
SPY,2017-01-10,199.38,205.59,197.49,203.6,89233174,203.6,4.219999999999999,2.12,2026-09-14 16:20:12.306099
SPY,2017-01-11,203.6,204.64,202.47,203.48,83807395,203.48,-0.1200000000000045,-0.06,2026-09-14 16:20:12.306099
SPY,2017-01-12,203.48,206.55,203.07,204.81,89119654,204.81,1.3300000000000125,0.65,2026-09-14 16:20:12.306099
SPY,2017-01-13,204.81,208.57,203.8,206.82,64758896,206.82,2.009999999999991,0.98,2026-09-14 16:20:12.306099
SPY,2017-01-16,206.82,208.71,206.37,207.84,18188230,207.84,1.0200000000000102,0.49,2026-09-14 16:20:12.306099
SPY,2017-01-17,207.84,214.79,206.55,213.49,13344950,213.49,5.650000000000006,2.72,2026-09-14 16:20:12.306099
SPY,2017-01-18,213.49,215.4,211.18,212.66,20198548,212.66,-0.8300000000000125,-0.39,2026-09-14 16:20:12.306099
SPY,2017-01-19,212.66,213.0,208.26,209.95,75077742,209.95,-2.710000000000008,-1.27,2026-09-14 16:20:12.306099
SPY,2017-01-20,209.95,211.3,207.59,209.39,40011286,209.39,-0.5600000000000023,-0.27,2026-09-14 16:20:12.306099
SPY,2017-01-23,209.39,210.28,204.76,206.81,59940904,206.81,-2.579999999999984,-1.23,2026-09-14 16:20:12.306099
SPY,2017-01-24,206.81,210.01,206.44,208.32,46486090,208.32,1.509999999999991,0.73,2026-09-14 16:20:12.306099
SPY,2017-01-25,208.32,210.38,207.47,207.79,50682410,207.79,-0.5300000000000011,-0.25,2026-09-14 16:20:12.306099
SPY,2017-01-26,207.79,209.3,205.36,206.63,33139752,206.63,-1.1599999999999966,-0.56,2026-09-14 16:20:12.306099
SPY,2017-01-27,206.63,208.64,206.1,207.87,82762830,207.87,1.240000000000009,0.6,2026-09-14 16:20:12.306099
SPY,2017-01-30,207.87,212.44,207.51,210.68,37897242,210.68,2.8100000000000023,1.35,2026-09-14 16:20:12.306099
SPY,2017-01-31,210.68,212.02,210.38,211.67,44475299,211.67,0.9899999999999808,0.47,2026-09-14 16:20:12.306099
SPY,2017-02-01,211.67,213.96,211.01,213.79,88803956,213.79,2.1200000000000045,1.0,2026-09-14 16:20:12.306099
SPY,2017-02-02,213.79,215.0,208.07,209.25,57775650,209.25,-4.539999999999992,-2.12,2026-09-14 16:20:12.306099
SPY,2017-02-03,209.25,209.62,209.15,209.59,56008631,209.59,0.3400000000000034,0.16,2026-09-14 16:20:12.306099
SPY,2017-02-06,209.59,210.44,206.63,207.61,98385680,207.61,-1.979999999999989,-0.94,2026-09-14 16:20:12.306099
SPY,2017-02-07,207.61,209.81,206.57,208.21,90812138,208.21,0.5999999999999943,0.29,2026-09-14 16:20:12.306099
SPY,2017-02-08,208.21,212.45,206.57,211.07,46592639,211.07,2.859999999999985,1.37,2026-09-14 16:20:12.306099
SPY,2017-02-09,211.07,215.24,209.83,213.13,29984984,213.13,2.0600000000000023,0.98,2026-09-14 16:20:12.306099
SPY,2017-02-10,213.13,214.57,211.9,213.88,17803316,213.88,0.75,0.35,2026-09-14 16:20:12.306099
SPY,2017-02-13,213.88,215.93,212.13,212.33,75843915,212.33,-1.549999999999983,-0.72,2026-09-14 16:20:12.306099
SPY,2017-02-14,212.33,212.56,207.28,207.79,45268412,207.79,-4.5400000000000205,-2.14,2026-09-14 16:20:12.306099
SPY,2017-02-15,207.79,208.82,204.81,205.09,33073395,205.09,-2.6999999999999886,-1.3,2026-09-14 16:20:12.306099
SPY,2017-02-16,205.09,205.17,199.22,200.49,12278970,200.49,-4.599999999999994,-2.24,2026-09-14 16:20:12.306099
SPY,2017-02-17,200.49,201.96,197.97,199.7,24194146,199.7,-0.7900000000000205,-0.39,2026-09-14 16:20:12.306099
SPY,2017-02-20,199.7,201.26,195.51,196.53,21772389,196.53,-3.1699999999999875,-1.59,2026-09-14 16:20:12.306099
SPY,2017-02-21,196.53,199.17,195.55,197.97,93660412,197.97,1.4399999999999975,0.73,2026-09-14 16:20:12.306099
SPY,2017-02-22,197.97,203.09,196.02,201.63,72514961,201.63,3.6599999999999966,1.85,2026-09-14 16:20:12.306099
SPY,2017-02-23,201.63,204.78,199.98,204.62,42463322,204.62,2.990000000000009,1.48,2026-09-14 16:20:12.306099
SPY,2017-02-24,204.62,204.86,202.5,202.9,79585074,202.9,-1.7199999999999989,-0.84,2026-09-14 16:20:12.306099
SPY,2017-02-27,202.9,204.66,196.58,196.78,44362207,196.78,-6.1200000000000045,-3.02,2026-09-14 16:20:12.306099
SPY,2017-02-28,196.78,198.59,195.42,195.89,64030859,195.89,-0.8900000000000148,-0.45,2026-09-14 16:20:12.306099
SPY,2017-03-01,195.89,197.35,194.98,195.23,99998423,195.23,-0.6599999999999966,-0.34,2026-09-14 16:20:12.306099
SPY,2017-03-02,195.23,199.88,193.71,198.52,33219080,198.52,3.2900000000000205,1.69,2026-09-14 16:20:12.306099
SPY,2017-03-03,198.52,199.79,197.26,198.61,74847337,198.61,0.0900000000000034,0.05,2026-09-14 16:20:12.306099
SPY,2017-03-06,198.61,201.42,196.77,201.07,24995041,201.07,2.4599999999999795,1.24,2026-09-14 16:20:12.306099
SPY,2017-03-07,201.07,204.06,199.24,202.2,25111582,202.2,1.1299999999999957,0.56,2026-09-14 16:20:12.306099
SPY,2017-03-08,202.2,206.77,201.51,205.54,75779491,205.54,3.3400000000000034,1.65,2026-09-14 16:20:12.306099
SPY,2017-03-09,205.54,206.58,204.69,206.03,72199996,206.03,0.4900000000000091,0.24,2026-09-14 16:20:12.306099
SPY,2017-03-10,206.03,206.79,205.37,205.59,41794930,205.59,-0.4399999999999977,-0.21,2026-09-14 16:20:12.306099
SPY,2017-03-13,205.59,207.31,203.78,205.74,96574769,205.74,0.1500000000000056,0.07,2026-09-14 16:20:12.306099
SPY,2017-03-14,205.74,207.55,204.45,204.99,60368654,204.99,-0.75,-0.36,2026-09-14 16:20:12.306099
SPY,2017-03-15,204.99,207.75,203.4,206.17,35680866,206.17,1.1799999999999784,0.58,2026-09-14 16:20:12.306099
SPY,2017-03-16,206.17,208.0,203.79,205.74,51187989,205.74,-0.4299999999999784,-0.21,2026-09-14 16:20:12.306099
SPY,2017-03-17,205.74,207.36,199.8,201.12,48903217,201.12,-4.6200000000000045,-2.25,2026-09-14 16:20:12.306099
SPY,2017-03-20,201.12,204.81,199.94,203.25,99743129,203.25,2.1299999999999955,1.06,2026-09-14 16:20:12.306099
SPY,2017-03-21,203.25,204.56,198.69,199.33,51205891,199.33,-3.919999999999988,-1.93,2026-09-14 16:20:12.306099
SPY,2017-03-22,199.33,199.99,197.05,197.79,15101161,197.79,-1.5400000000000205,-0.77,2026-09-14 16:20:12.306099
SPY,2017-03-23,197.79,199.23,196.16,196.77,11909314,196.77,-1.0199999999999818,-0.52,2026-09-14 16:20:12.306099
SPY,2017-03-24,196.77,197.16,192.38,192.48,95153248,192.48,-4.2900000000000205,-2.18,2026-09-14 16:20:12.306099
SPY,2017-03-27,192.48,194.87,191.45,194.11,20153809,194.11,1.630000000000024,0.85,2026-09-14 16:20:12.306099
SPY,2017-03-28,194.11,195.99,192.54,192.79,23734011,192.79,-1.3200000000000216,-0.68,2026-09-14 16:20:12.306099
SPY,2017-03-29,192.79,193.09,192.46,192.71,70343543,192.71,-0.079999999999984,-0.04,2026-09-14 16:20:12.306099
SPY,2017-03-30,192.71,195.04,192.5,193.44,39931740,193.44,0.7299999999999898,0.38,2026-09-14 16:20:12.306099
SPY,2017-03-31,193.44,198.7,192.28,197.48,71764671,197.48,4.039999999999992,2.09,2026-09-14 16:20:12.306099
SPY,2017-04-03,197.48,199.21,195.83,196.95,46115603,196.95,-0.5300000000000011,-0.27,2026-09-14 16:20:12.306099
SPY,2017-04-04,196.95,198.42,195.45,197.91,35198558,197.91,0.960000000000008,0.49,2026-09-14 16:20:12.306099
SPY,2017-04-05,197.91,201.95,196.66,200.47,17712014,200.47,2.5600000000000023,1.29,2026-09-14 16:20:12.306099
SPY,2017-04-06,200.47,205.82,198.47,204.16,52011818,204.16,3.6899999999999977,1.84,2026-09-14 16:20:12.306099
SPY,2017-04-07,204.16,208.57,203.16,207.81,16608567,207.81,3.6500000000000057,1.79,2026-09-14 16:20:12.306099
SPY,2017-04-10,207.81,209.44,206.98,208.58,12547768,208.58,0.7700000000000102,0.37,2026-09-14 16:20:12.306099
SPY,2017-04-11,208.58,209.57,207.43,208.15,69280956,208.15,-0.4300000000000068,-0.21,2026-09-14 16:20:12.306099
SPY,2017-04-12,208.15,209.34,205.69,207.53,42749803,207.53,-0.6200000000000045,-0.3,2026-09-14 16:20:12.306099
SPY,2017-04-13,207.53,209.7,206.78,207.9,49542660,207.9,0.3700000000000045,0.18,2026-09-14 16:20:12.306099
SPY,2017-04-14,207.9,209.14,204.98,206.91,52359664,206.91,-0.9900000000000092,-0.48,2026-09-14 16:20:12.306099
SPY,2017-04-17,206.91,207.0,201.53,201.93,58599938,201.93,-4.97999999999999,-2.41,2026-09-14 16:20:12.306099
SPY,2017-04-18,201.93,202.85,199.34,199.91,11873199,199.91,-2.0200000000000102,-1.0,2026-09-14 16:20:12.306099
SPY,2017-04-19,199.91,203.12,199.23,201.82,79887426,201.82,1.9099999999999968,0.96,2026-09-14 16:20:12.306099
SPY,2017-04-20,201.82,202.0,199.32,201.2,92949089,201.2,-0.6200000000000045,-0.31,2026-09-14 16:20:12.306099
SPY,2017-04-21,201.2,203.13,199.49,202.28,57746900,202.28,1.0800000000000125,0.54,2026-09-14 16:20:12.306099
SPY,2017-04-24,202.28,202.51,198.68,198.94,80268868,198.94,-3.3400000000000034,-1.65,2026-09-14 16:20:12.306099
SPY,2017-04-25,198.94,199.54,194.74,195.05,21111716,195.05,-3.8899999999999855,-1.96,2026-09-14 16:20:12.306099
SPY,2017-04-26,195.05,196.78,192.12,193.15,79543908,193.15,-1.9000000000000057,-0.97,2026-09-14 16:20:12.306099
SPY,2017-04-27,193.15,194.91,192.3,193.77,17892477,193.77,0.6200000000000045,0.32,2026-09-14 16:20:12.306099
SPY,2017-04-28,193.77,198.94,193.67,197.27,52939537,197.27,3.5,1.81,2026-09-14 16:20:12.306099
SPY,2017-05-01,197.27,198.83,194.06,195.02,25421017,195.02,-2.25,-1.14,2026-09-14 16:20:12.306099
SPY,2017-05-02,195.02,197.07,194.48,196.77,21184767,196.77,1.75,0.9,2026-09-14 16:20:12.306099
SPY,2017-05-03,196.77,199.02,195.14,197.77,51520384,197.77,1.0,0.51,2026-09-14 16:20:12.306099
SPY,2017-05-04,197.77,202.01,196.58,200.81,25775922,200.81,3.039999999999992,1.54,2026-09-14 16:20:12.306099
SPY,2017-05-05,200.81,202.99,199.37,201.82,28423601,201.82,1.009999999999991,0.5,2026-09-14 16:20:12.306099
SPY,2017-05-08,201.82,202.54,198.83,199.7,29991784,199.7,-2.1200000000000045,-1.05,2026-09-14 16:20:12.306099
SPY,2017-05-09,199.7,200.65,197.97,200.01,82470318,200.01,0.3100000000000023,0.16,2026-09-14 16:20:12.306099
SPY,2017-05-10,200.01,202.74,199.02,202.56,34964398,202.56,2.550000000000012,1.27,2026-09-14 16:20:12.306099
SPY,2017-05-11,202.56,206.81,200.83,205.81,19737893,205.81,3.25,1.6,2026-09-14 16:20:12.306099
SPY,2017-05-12,205.81,207.38,202.03,203.52,94619454,203.52,-2.289999999999992,-1.11,2026-09-14 16:20:12.306099
SPY,2017-05-15,203.52,206.46,202.51,206.15,83370145,206.15,2.6299999999999955,1.29,2026-09-14 16:20:12.306099
SPY,2017-05-16,206.15,208.95,204.64,207.94,32225743,207.94,1.789999999999992,0.87,2026-09-14 16:20:12.306099
SPY,2017-05-17,207.94,211.75,207.06,210.52,24494716,210.52,2.5800000000000125,1.24,2026-09-14 16:20:12.306099
SPY,2017-05-18,210.52,211.64,209.33,210.43,27037856,210.43,-0.0900000000000034,-0.04,2026-09-14 16:20:12.306099
SPY,2017-05-19,210.43,217.44,208.63,215.94,25949093,215.94,5.509999999999991,2.62,2026-09-14 16:20:12.306099
SPY,2017-05-22,215.94,217.65,212.94,214.69,62356943,214.69,-1.25,-0.58,2026-09-14 16:20:12.306099
SPY,2017-05-23,214.69,216.35,210.12,211.13,29967767,211.13,-3.5600000000000023,-1.66,2026-09-14 16:20:12.306099
SPY,2017-05-24,211.13,213.34,210.06,212.37,90780721,212.37,1.240000000000009,0.59,2026-09-14 16:20:12.306099
SPY,2017-05-25,212.37,214.21,210.32,213.61,31775337,213.61,1.240000000000009,0.58,2026-09-14 16:20:12.306099
SPY,2017-05-26,213.61,215.42,211.1,213.13,71391875,213.13,-0.4800000000000182,-0.22,2026-09-14 16:20:12.306099
SPY,2017-05-29,213.13,214.29,210.67,212.43,89680629,212.43,-0.6999999999999886,-0.33,2026-09-14 16:20:12.306099
SPY,2017-05-30,212.43,217.94,211.12,216.07,12905069,216.07,3.6399999999999855,1.71,2026-09-14 16:20:12.306099
SPY,2017-05-31,216.07,220.9,214.02,220.8,48386611,220.8,4.730000000000018,2.19,2026-09-14 16:20:12.306099
SPY,2017-06-01,220.8,220.81,217.2,218.94,53383184,218.94,-1.8600000000000136,-0.84,2026-09-14 16:20:12.306099
SPY,2017-06-02,218.94,220.08,216.04,217.76,66652002,217.76,-1.1800000000000068,-0.54,2026-09-14 16:20:12.306099
SPY,2017-06-05,217.76,220.47,216.68,218.4,90314952,218.4,0.6400000000000148,0.29,2026-09-14 16:20:12.306099
SPY,2017-06-06,218.4,221.18,216.41,219.74,90934779,219.74,1.3400000000000034,0.61,2026-09-14 16:20:12.306099
SPY,2017-06-07,219.74,224.78,217.96,223.72,40151429,223.72,3.9799999999999898,1.81,2026-09-14 16:20:12.306099
SPY,2017-06-08,223.72,224.28,221.64,221.81,79473155,221.81,-1.9099999999999968,-0.85,2026-09-14 16:20:12.306099
SPY,2017-06-09,221.81,223.63,221.1,222.84,98239801,222.84,1.0300000000000011,0.46,2026-09-14 16:20:12.306099
SPY,2017-06-12,222.84,225.05,220.59,221.35,47257231,221.35,-1.490000000000009,-0.67,2026-09-14 16:20:12.306099
SPY,2017-06-13,221.35,224.81,221.21,223.85,10050206,223.85,2.5,1.13,2026-09-14 16:20:12.306099
SPY,2017-06-14,223.85,228.52,222.87,226.83,56620485,226.83,2.980000000000018,1.33,2026-09-14 16:20:12.306099
SPY,2017-06-15,226.83,229.34,225.07,228.14,82340766,228.14,1.309999999999974,0.58,2026-09-14 16:20:12.306099
SPY,2017-06-16,228.14,228.63,223.23,224.25,84790512,224.25,-3.8899999999999855,-1.71,2026-09-14 16:20:12.306099
SPY,2017-06-19,224.25,226.57,223.15,225.35,78813529,225.35,1.0999999999999943,0.49,2026-09-14 16:20:12.306099
SPY,2017-06-20,225.35,226.31,222.1,222.47,85087612,222.47,-2.8799999999999955,-1.28,2026-09-14 16:20:12.306099
SPY,2017-06-21,222.47,222.79,219.69,220.4,59790105,220.4,-2.069999999999993,-0.93,2026-09-14 16:20:12.306099
SPY,2017-06-22,220.4,224.92,220.06,223.18,29507560,223.18,2.780000000000001,1.26,2026-09-14 16:20:12.306099
SPY,2017-06-23,223.18,225.62,222.07,225.36,59139293,225.36,2.180000000000007,0.98,2026-09-14 16:20:12.306099
SPY,2017-06-26,225.36,227.15,222.28,222.4,79970004,222.4,-2.960000000000008,-1.31,2026-09-14 16:20:12.306099
SPY,2017-06-27,222.4,224.34,220.46,223.21,28202179,223.21,0.8100000000000023,0.36,2026-09-14 16:20:12.306099
SPY,2017-06-28,223.21,223.63,219.61,221.81,12948829,221.81,-1.4000000000000057,-0.63,2026-09-14 16:20:12.306099
SPY,2017-06-29,221.81,222.18,218.01,218.9,23315200,218.9,-2.9099999999999966,-1.31,2026-09-14 16:20:12.306099
SPY,2017-06-30,218.9,221.17,218.88,221.03,74737529,221.03,2.1299999999999955,0.97,2026-09-14 16:20:12.306099
SPY,2017-07-03,221.03,223.09,218.96,222.99,69904913,222.99,1.960000000000008,0.89,2026-09-14 16:20:12.306099
SPY,2017-07-04,222.99,224.52,221.9,223.54,61293503,223.54,0.549999999999983,0.25,2026-09-14 16:20:12.306099
SPY,2017-07-05,223.54,228.04,221.35,226.7,75412818,226.7,3.1599999999999966,1.41,2026-09-14 16:20:12.306099
SPY,2017-07-06,226.7,229.18,225.03,227.63,77927233,227.63,0.9300000000000068,0.41,2026-09-14 16:20:12.306099
SPY,2017-07-07,227.63,229.34,227.11,229.05,34434504,229.05,1.420000000000016,0.62,2026-09-14 16:20:12.306099
SPY,2017-07-10,229.05,232.49,228.72,230.82,48371952,230.82,1.7699999999999818,0.77,2026-09-14 16:20:12.306099
SPY,2017-07-11,230.82,235.86,228.7,233.92,24786112,233.92,3.0999999999999943,1.34,2026-09-14 16:20:12.306099
SPY,2017-07-12,233.92,236.76,232.38,234.52,88128718,234.52,0.6000000000000227,0.26,2026-09-14 16:20:12.306099
SPY,2017-07-13,234.52,235.01,226.39,227.96,22368370,227.96,-6.560000000000002,-2.8,2026-09-14 16:20:12.306099
SPY,2017-07-14,227.96,229.68,221.09,221.77,54884036,221.77,-6.189999999999998,-2.72,2026-09-14 16:20:12.306099
SPY,2017-07-17,221.77,224.85,220.99,222.77,81099263,222.77,1.0,0.45,2026-09-14 16:20:12.306099
SPY,2017-07-18,222.77,226.66,221.24,224.63,23746538,224.63,1.8599999999999848,0.83,2026-09-14 16:20:12.306099
SPY,2017-07-19,224.63,229.15,222.96,227.51,41038967,227.51,2.8799999999999955,1.28,2026-09-14 16:20:12.306099
SPY,2017-07-20,227.51,234.98,226.72,233.05,28716189,233.05,5.5400000000000205,2.44,2026-09-14 16:20:12.306099
SPY,2017-07-21,233.05,235.08,231.98,233.63,89176951,233.63,0.5799999999999841,0.25,2026-09-14 16:20:12.306099
SPY,2017-07-24,233.63,235.53,232.23,233.38,13827183,233.38,-0.25,-0.11,2026-09-14 16:20:12.306099
SPY,2017-07-25,233.38,235.19,229.72,230.21,93132602,230.21,-3.1699999999999875,-1.36,2026-09-14 16:20:12.306099
SPY,2017-07-26,230.21,234.42,229.92,232.56,26774319,232.56,2.3499999999999943,1.02,2026-09-14 16:20:12.306099
SPY,2017-07-27,232.56,234.72,232.06,232.59,51474505,232.59,0.0300000000000011,0.01,2026-09-14 16:20:12.306099
SPY,2017-07-28,232.59,233.7,230.02,231.51,11669939,231.51,-1.0800000000000125,-0.46,2026-09-14 16:20:12.306099
SPY,2017-07-31,231.51,233.55,230.45,232.07,90586203,232.07,0.5600000000000023,0.24,2026-09-14 16:20:12.306099
SPY,2017-08-01,232.07,232.19,230.63,231.77,57973106,231.77,-0.2999999999999829,-0.13,2026-09-14 16:20:12.306099
SPY,2017-08-02,231.77,234.69,231.19,232.46,34314564,232.46,0.6899999999999977,0.3,2026-09-14 16:20:12.306099
SPY,2017-08-03,232.46,234.6,229.48,230.72,11714858,230.72,-1.740000000000009,-0.75,2026-09-14 16:20:12.306099
SPY,2017-08-04,230.72,231.23,227.91,229.08,71431461,229.08,-1.6399999999999864,-0.71,2026-09-14 16:20:12.306099
SPY,2017-08-07,229.08,230.88,227.34,229.65,32153230,229.65,0.5699999999999932,0.25,2026-09-14 16:20:12.306099
SPY,2017-08-08,229.65,232.86,229.56,231.0,23553692,231.0,1.3499999999999943,0.59,2026-09-14 16:20:12.306099
SPY,2017-08-09,231.0,232.79,229.61,231.51,57792762,231.51,0.5099999999999909,0.22,2026-09-14 16:20:12.306099
SPY,2017-08-10,231.51,233.7,231.06,232.47,84361845,232.47,0.960000000000008,0.41,2026-09-14 16:20:12.306099
SPY,2017-08-11,232.47,233.73,226.68,227.53,81260444,227.53,-4.939999999999998,-2.13,2026-09-14 16:20:12.306099
SPY,2017-08-14,227.53,228.26,223.36,225.48,26766475,225.48,-2.050000000000012,-0.9,2026-09-14 16:20:12.306099
SPY,2017-08-15,225.48,226.71,221.98,223.29,63743509,223.29,-2.1899999999999977,-0.97,2026-09-14 16:20:12.306099
SPY,2017-08-16,223.29,225.66,222.75,224.05,95329229,224.05,0.7600000000000193,0.34,2026-09-14 16:20:12.306099
SPY,2017-08-17,224.05,232.18,222.77,232.14,28256308,232.14,8.089999999999975,3.61,2026-09-14 16:20:12.306099
SPY,2017-08-18,232.14,232.85,231.14,232.32,26156296,232.32,0.1800000000000068,0.08,2026-09-14 16:20:12.306099
SPY,2017-08-21,232.32,233.74,231.54,233.42,27903845,233.42,1.0999999999999943,0.47,2026-09-14 16:20:12.306099
SPY,2017-08-22,233.42,235.13,231.88,232.26,17461409,232.26,-1.1599999999999966,-0.5,2026-09-14 16:20:12.306099
SPY,2017-08-23,232.26,232.79,230.51,231.62,45989487,231.62,-0.6399999999999864,-0.28,2026-09-14 16:20:12.306099
SPY,2017-08-24,231.62,233.46,227.6,227.78,24303914,227.78,-3.8400000000000034,-1.66,2026-09-14 16:20:12.306099
SPY,2017-08-25,227.78,228.09,225.56,226.76,16906423,226.76,-1.0200000000000102,-0.45,2026-09-14 16:20:12.306099
SPY,2017-08-28,226.76,230.86,225.24,230.59,11742231,230.59,3.830000000000013,1.69,2026-09-14 16:20:12.306099
SPY,2017-08-29,230.59,234.17,229.81,233.28,52733155,233.28,2.6899999999999977,1.17,2026-09-14 16:20:12.306099
SPY,2017-08-30,233.28,234.26,231.8,232.93,40576051,232.93,-0.3499999999999943,-0.15,2026-09-14 16:20:12.306099
SPY,2017-08-31,232.93,236.48,231.36,236.42,65554478,236.42,3.4899999999999807,1.5,2026-09-14 16:20:12.306099
SPY,2017-09-01,236.42,238.64,232.25,233.35,89359339,233.35,-3.069999999999993,-1.3,2026-09-14 16:20:12.306099
SPY,2017-09-04,233.35,234.47,230.04,231.5,29431125,231.5,-1.8499999999999943,-0.79,2026-09-14 16:20:12.306099
SPY,2017-09-05,231.5,234.6,231.34,233.41,31299224,233.41,1.9099999999999968,0.83,2026-09-14 16:20:12.306099
SPY,2017-09-06,233.41,235.43,233.34,234.34,15466727,234.34,0.9300000000000068,0.4,2026-09-14 16:20:12.306099
SPY,2017-09-07,234.34,236.58,231.74,233.24,26645059,233.24,-1.0999999999999943,-0.47,2026-09-14 16:20:12.306099
SPY,2017-09-08,233.24,240.66,231.41,239.93,58338071,239.93,6.689999999999998,2.87,2026-09-14 16:20:12.306099
SPY,2017-09-11,239.93,241.34,237.84,240.47,48624613,240.47,0.539999999999992,0.23,2026-09-14 16:20:12.306099
SPY,2017-09-12,240.47,241.64,238.53,239.95,90470066,239.95,-0.5200000000000102,-0.22,2026-09-14 16:20:12.306099
SPY,2017-09-13,239.95,243.83,239.01,241.58,39211542,241.58,1.630000000000024,0.68,2026-09-14 16:20:12.306099
SPY,2017-09-14,241.58,241.63,238.15,240.19,17131036,240.19,-1.3900000000000148,-0.58,2026-09-14 16:20:12.306099
SPY,2017-09-15,240.19,243.75,238.4,243.14,93932845,243.14,2.9499999999999886,1.23,2026-09-14 16:20:12.306099
SPY,2017-09-18,243.14,243.92,237.98,239.07,32233320,239.07,-4.069999999999993,-1.67,2026-09-14 16:20:12.306099
SPY,2017-09-19,239.07,239.36,234.48,236.73,83229114,236.73,-2.3400000000000034,-0.98,2026-09-14 16:20:12.306099
SPY,2017-09-20,236.73,244.38,235.93,242.5,36629785,242.5,5.77000000000001,2.44,2026-09-14 16:20:12.306099
SPY,2017-09-21,242.5,243.42,240.69,242.97,52753945,242.97,0.4699999999999988,0.19,2026-09-14 16:20:12.306099
SPY,2017-09-22,242.97,245.11,242.49,242.87,29693644,242.87,-0.0999999999999943,-0.04,2026-09-14 16:20:12.306099
SPY,2017-09-25,242.87,243.91,241.2,243.62,76383608,243.62,0.75,0.31,2026-09-14 16:20:12.306099
SPY,2017-09-26,243.62,244.77,238.09,240.11,64526117,240.11,-3.509999999999991,-1.44,2026-09-14 16:20:12.306099
SPY,2017-09-27,240.11,242.07,235.61,237.33,21097252,237.33,-2.780000000000001,-1.16,2026-09-14 16:20:12.306099
SPY,2017-09-28,237.33,238.32,235.83,236.92,39817947,236.92,-0.410000000000025,-0.17,2026-09-14 16:20:12.306099
SPY,2017-09-29,236.92,237.4,230.02,231.88,68704311,231.88,-5.039999999999992,-2.13,2026-09-14 16:20:12.306099
SPY,2017-10-02,231.88,233.78,228.75,229.67,80758553,229.67,-2.210000000000008,-0.95,2026-09-14 16:20:12.306099
SPY,2017-10-03,229.67,233.09,227.43,232.42,93564189,232.42,2.75,1.2,2026-09-14 16:20:12.306099
SPY,2017-10-04,232.42,234.37,225.41,225.58,93593727,225.58,-6.839999999999975,-2.94,2026-09-14 16:20:12.306099
SPY,2017-10-05,225.58,231.27,223.74,230.88,56420365,230.88,5.299999999999983,2.35,2026-09-14 16:20:12.306099
SPY,2017-10-06,230.88,233.8,229.06,231.94,53385395,231.94,1.0600000000000025,0.46,2026-09-14 16:20:12.306099
SPY,2017-10-09,231.94,234.63,231.21,234.53,70590014,234.53,2.5900000000000034,1.12,2026-09-14 16:20:12.306099
SPY,2017-10-10,234.53,238.36,232.35,237.3,84407660,237.3,2.7700000000000102,1.18,2026-09-14 16:20:12.306099
SPY,2017-10-11,237.3,240.82,235.19,239.44,87675319,239.44,2.1399999999999864,0.9,2026-09-14 16:20:12.306099
SPY,2017-10-12,239.44,240.56,235.2,235.65,17489778,235.65,-3.789999999999992,-1.58,2026-09-14 16:20:12.306099
SPY,2017-10-13,235.65,238.83,233.77,237.38,92122873,237.38,1.7299999999999898,0.73,2026-09-14 16:20:12.306099
SPY,2017-10-16,237.38,238.38,235.62,235.98,27535715,235.98,-1.4000000000000057,-0.59,2026-09-14 16:20:12.306099
SPY,2017-10-17,235.98,241.93,235.68,239.59,78097820,239.59,3.6100000000000136,1.53,2026-09-14 16:20:12.306099
SPY,2017-10-18,239.59,240.88,235.28,237.35,94255070,237.35,-2.240000000000009,-0.93,2026-09-14 16:20:12.306099
SPY,2017-10-19,237.35,243.38,236.75,241.18,82431748,241.18,3.830000000000013,1.61,2026-09-14 16:20:12.306099
SPY,2017-10-20,241.18,243.17,239.43,241.88,85504507,241.88,0.6999999999999886,0.29,2026-09-14 16:20:12.306099
SPY,2017-10-23,241.88,244.61,239.81,243.88,39128232,243.88,2.0,0.83,2026-09-14 16:20:12.306099
SPY,2017-10-24,243.88,248.27,243.3,248.27,20659494,248.27,4.390000000000015,1.8,2026-09-14 16:20:12.306099
SPY,2017-10-25,248.27,250.09,246.81,249.73,21382098,249.73,1.4599999999999795,0.59,2026-09-14 16:20:12.306099
SPY,2017-10-26,249.73,252.5,248.95,251.78,67634678,251.78,2.050000000000012,0.82,2026-09-14 16:20:12.306099
SPY,2017-10-27,251.78,254.28,249.03,249.92,95169391,249.92,-1.8600000000000136,-0.74,2026-09-14 16:20:12.306099
SPY,2017-10-30,249.92,252.19,246.35,246.42,12985556,246.42,-3.5,-1.4,2026-09-14 16:20:12.306099
SPY,2017-10-31,246.42,248.4,242.73,243.06,25892651,243.06,-3.359999999999985,-1.36,2026-09-14 16:20:12.306099
SPY,2017-11-01,243.06,252.74,241.68,250.34,75933622,250.34,7.280000000000001,3.0,2026-09-14 16:20:12.306099
SPY,2017-11-02,250.34,253.84,250.2,251.54,35453710,251.54,1.1999999999999886,0.48,2026-09-14 16:20:12.306099
SPY,2017-11-03,251.54,252.11,243.93,245.56,71091318,245.56,-5.97999999999999,-2.38,2026-09-14 16:20:12.306099
SPY,2017-11-06,245.56,245.58,242.27,242.45,10038509,242.45,-3.1100000000000136,-1.27,2026-09-14 16:20:12.306099
SPY,2017-11-07,242.45,245.04,242.12,243.53,18326162,243.53,1.0800000000000125,0.45,2026-09-14 16:20:12.306099
SPY,2017-11-08,243.53,249.9,241.27,247.89,24334613,247.89,4.359999999999985,1.79,2026-09-14 16:20:12.306099
SPY,2017-11-09,247.89,248.46,245.92,248.16,47123630,248.16,0.2700000000000102,0.11,2026-09-14 16:20:12.306099
SPY,2017-11-10,248.16,248.24,244.77,246.69,30653765,246.69,-1.4699999999999989,-0.59,2026-09-14 16:20:12.306099
SPY,2017-11-13,246.69,247.15,240.28,242.2,22069515,242.2,-4.490000000000009,-1.82,2026-09-14 16:20:12.306099
SPY,2017-11-14,242.2,245.61,241.26,243.71,31989935,243.71,1.510000000000019,0.62,2026-09-14 16:20:12.306099
SPY,2017-11-15,243.71,244.43,240.31,241.84,14010557,241.84,-1.8700000000000043,-0.77,2026-09-14 16:20:12.306099
SPY,2017-11-16,241.84,242.54,238.9,239.57,25936321,239.57,-2.2700000000000102,-0.94,2026-09-14 16:20:12.306099
SPY,2017-11-17,239.57,242.15,237.35,242.09,78173814,242.09,2.5200000000000102,1.05,2026-09-14 16:20:12.306099
SPY,2017-11-20,242.09,244.96,240.6,242.87,61320660,242.87,0.7800000000000011,0.32,2026-09-14 16:20:12.306099
SPY,2017-11-21,242.87,244.48,241.61,241.94,57240936,241.94,-0.9300000000000068,-0.38,2026-09-14 16:20:12.306099
SPY,2017-11-22,241.94,243.02,238.48,239.95,23995309,239.95,-1.990000000000009,-0.82,2026-09-14 16:20:12.306099
SPY,2017-11-23,239.95,241.91,237.43,238.04,18600045,238.04,-1.9099999999999968,-0.8,2026-09-14 16:20:12.306099
SPY,2017-11-24,238.04,240.27,231.48,233.1,61789088,233.1,-4.939999999999998,-2.08,2026-09-14 16:20:12.306099
SPY,2017-11-27,233.1,239.14,231.21,237.58,69144130,237.58,4.480000000000018,1.92,2026-09-14 16:20:12.306099
SPY,2017-11-28,237.58,239.06,232.71,233.32,13700632,233.32,-4.260000000000019,-1.79,2026-09-14 16:20:12.306099
SPY,2017-11-29,233.32,240.03,231.06,238.81,78351551,238.81,5.490000000000009,2.35,2026-09-14 16:20:12.306099
SPY,2017-11-30,238.81,240.39,235.85,238.0,76191338,238.0,-0.8100000000000023,-0.34,2026-09-14 16:20:12.306099
SPY,2017-12-01,238.0,239.56,237.04,238.37,24885173,238.37,0.3700000000000045,0.16,2026-09-14 16:20:12.306099
SPY,2017-12-04,238.37,243.12,237.96,242.43,29557755,242.43,4.060000000000002,1.7,2026-09-14 16:20:12.306099
SPY,2017-12-05,242.43,243.26,239.55,241.55,15795094,241.55,-0.8799999999999955,-0.36,2026-09-14 16:20:12.306099
SPY,2017-12-06,241.55,246.69,239.36,244.82,57332023,244.82,3.269999999999982,1.35,2026-09-14 16:20:12.306099
SPY,2017-12-07,244.82,246.05,243.76,245.16,77566853,245.16,0.3400000000000034,0.14,2026-09-14 16:20:12.306099
SPY,2017-12-08,245.16,248.47,243.02,248.38,19900687,248.38,3.219999999999999,1.31,2026-09-14 16:20:12.306099
SPY,2017-12-11,248.38,251.44,247.47,250.94,36419483,250.94,2.5600000000000023,1.03,2026-09-14 16:20:12.306099
SPY,2017-12-12,250.94,253.01,240.54,242.66,29984007,242.66,-8.280000000000001,-3.3,2026-09-14 16:20:12.306099
SPY,2017-12-13,242.66,244.69,240.68,240.9,20520715,240.9,-1.759999999999991,-0.73,2026-09-14 16:20:12.306099
SPY,2017-12-14,240.9,242.8,238.5,239.3,16248871,239.3,-1.5999999999999943,-0.66,2026-09-14 16:20:12.306099
SPY,2017-12-15,239.3,241.71,237.06,240.08,67947707,240.08,0.7800000000000011,0.33,2026-09-14 16:20:12.306099
SPY,2017-12-18,240.08,241.19,236.6,237.14,84927893,237.14,-2.940000000000026,-1.22,2026-09-14 16:20:12.306099
SPY,2017-12-19,237.14,240.78,235.66,240.08,83483558,240.08,2.940000000000026,1.24,2026-09-14 16:20:12.306099
SPY,2017-12-20,240.08,243.77,239.91,241.92,66245394,241.92,1.839999999999975,0.77,2026-09-14 16:20:12.306099
SPY,2017-12-21,241.92,248.04,239.8,245.91,71232143,245.91,3.990000000000009,1.65,2026-09-14 16:20:12.306099
SPY,2017-12-22,245.91,247.58,242.99,243.77,59749168,243.77,-2.1399999999999864,-0.87,2026-09-14 16:20:12.306099
SPY,2017-12-25,243.77,245.64,242.77,244.32,41752164,244.32,0.549999999999983,0.23,2026-09-14 16:20:12.306099
SPY,2017-12-26,244.32,244.86,239.51,240.57,20597108,240.57,-3.75,-1.53,2026-09-14 16:20:12.306099
SPY,2017-12-27,240.57,241.71,238.55,241.54,31712356,241.54,0.9699999999999988,0.4,2026-09-14 16:20:12.306099
SPY,2017-12-28,241.54,243.28,232.9,235.06,88320967,235.06,-6.47999999999999,-2.68,2026-09-14 16:20:12.306099
SPY,2017-12-29,235.06,235.42,231.2,232.47,40584524,232.47,-2.5900000000000034,-1.1,2026-09-14 16:20:12.306099
SPY,2018-01-01,232.47,234.96,231.74,232.93,70452962,232.93,0.4600000000000079,0.2,2026-09-14 16:20:12.306099
SPY,2018-01-02,232.93,238.75,231.5,237.15,55985315,237.15,4.219999999999999,1.81,2026-09-14 16:20:12.306099
SPY,2018-01-03,237.15,237.73,235.04,236.93,72055695,236.93,-0.2199999999999988,-0.09,2026-09-14 16:20:12.306099
SPY,2018-01-04,236.93,239.57,236.77,238.57,63781899,238.57,1.6399999999999864,0.69,2026-09-14 16:20:12.306099
SPY,2018-01-05,238.57,239.05,238.25,238.77,52711016,238.77,0.200000000000017,0.08,2026-09-14 16:20:12.306099
SPY,2018-01-08,238.77,241.32,237.25,240.66,46923073,240.66,1.8899999999999864,0.79,2026-09-14 16:20:12.306099
SPY,2018-01-09,240.66,241.69,237.05,238.52,45810224,238.52,-2.1399999999999864,-0.89,2026-09-14 16:20:12.306099
SPY,2018-01-10,238.52,239.64,236.54,238.26,95752822,238.26,-0.2600000000000193,-0.11,2026-09-14 16:20:12.306099
SPY,2018-01-11,238.26,241.68,236.74,240.4,17714847,240.4,2.140000000000015,0.9,2026-09-14 16:20:12.306099
SPY,2018-01-12,240.4,243.71,238.3,243.03,59734626,243.03,2.6299999999999955,1.09,2026-09-14 16:20:12.306099
SPY,2018-01-15,243.03,245.54,242.65,243.74,74834059,243.74,0.710000000000008,0.29,2026-09-14 16:20:12.306099
SPY,2018-01-16,243.74,245.14,241.15,241.81,49360398,241.81,-1.9300000000000068,-0.79,2026-09-14 16:20:12.306099
SPY,2018-01-17,241.81,244.08,240.28,242.47,46038189,242.47,0.6599999999999966,0.27,2026-09-14 16:20:12.306099
SPY,2018-01-18,242.47,244.53,240.78,242.66,34493923,242.66,0.1899999999999977,0.08,2026-09-14 16:20:12.306099
SPY,2018-01-19,242.66,243.71,235.61,237.55,82736198,237.55,-5.109999999999985,-2.11,2026-09-14 16:20:12.306099
SPY,2018-01-22,237.55,238.1,228.85,230.58,88335928,230.58,-6.969999999999999,-2.93,2026-09-14 16:20:12.306099
SPY,2018-01-23,230.58,231.5,230.34,231.41,64558213,231.41,0.8299999999999841,0.36,2026-09-14 16:20:12.306099
SPY,2018-01-24,231.41,231.86,227.98,229.19,80697026,229.19,-2.219999999999999,-0.96,2026-09-14 16:20:12.306099
SPY,2018-01-25,229.19,230.92,221.89,223.87,64376685,223.87,-5.319999999999993,-2.32,2026-09-14 16:20:12.306099
SPY,2018-01-26,223.87,224.81,218.54,220.42,90623186,220.42,-3.450000000000017,-1.54,2026-09-14 16:20:12.306099
SPY,2018-01-29,220.42,222.83,219.8,221.87,39266152,221.87,1.450000000000017,0.66,2026-09-14 16:20:12.306099
SPY,2018-01-30,221.87,222.22,220.95,222.12,13840181,222.12,0.25,0.11,2026-09-14 16:20:12.306099
SPY,2018-01-31,222.12,223.56,219.95,221.82,49997499,221.82,-0.3000000000000113,-0.14,2026-09-14 16:20:12.306099
SPY,2018-02-01,221.82,223.74,219.93,223.09,20970390,223.09,1.2700000000000102,0.57,2026-09-14 16:20:12.306099
SPY,2018-02-02,223.09,223.59,219.66,220.44,10274207,220.44,-2.6500000000000057,-1.19,2026-09-14 16:20:12.306099
SPY,2018-02-05,220.44,225.63,218.55,225.34,18795512,225.34,4.900000000000006,2.22,2026-09-14 16:20:12.306099
SPY,2018-02-06,225.34,225.37,223.08,225.32,67729395,225.32,-0.0200000000000102,-0.01,2026-09-14 16:20:12.306099
SPY,2018-02-07,225.32,227.12,223.36,225.95,22976927,225.95,0.6299999999999955,0.28,2026-09-14 16:20:12.306099
SPY,2018-02-08,225.95,229.49,225.87,227.66,21940925,227.66,1.710000000000008,0.76,2026-09-14 16:20:12.306099
SPY,2018-02-09,227.66,228.3,226.52,227.43,24149580,227.43,-0.2299999999999897,-0.1,2026-09-14 16:20:12.306099
SPY,2018-02-12,227.43,230.27,225.98,229.14,52686957,229.14,1.7099999999999795,0.75,2026-09-14 16:20:12.306099
SPY,2018-02-13,229.14,230.27,226.47,228.52,45643494,228.52,-0.6199999999999761,-0.27,2026-09-14 16:20:12.306099
SPY,2018-02-14,228.52,230.75,227.1,228.84,30345794,228.84,0.3199999999999932,0.14,2026-09-14 16:20:12.306099
SPY,2018-02-15,228.84,236.25,227.18,234.86,79186343,234.86,6.02000000000001,2.63,2026-09-14 16:20:12.306099
SPY,2018-02-16,234.86,238.13,233.05,238.13,64416042,238.13,3.269999999999982,1.39,2026-09-14 16:20:12.306099
SPY,2018-02-19,238.13,239.95,235.6,236.61,70853496,236.61,-1.5199999999999818,-0.64,2026-09-14 16:20:12.306099
SPY,2018-02-20,236.61,237.41,230.89,232.13,28394288,232.13,-4.480000000000018,-1.89,2026-09-14 16:20:12.306099
SPY,2018-02-21,232.13,236.34,231.24,234.62,78014199,234.62,2.490000000000009,1.07,2026-09-14 16:20:12.306099
SPY,2018-02-22,234.62,237.89,232.89,235.97,78771787,235.97,1.3499999999999943,0.58,2026-09-14 16:20:12.306099
SPY,2018-02-23,235.97,239.75,235.02,237.47,81382938,237.47,1.5,0.64,2026-09-14 16:20:12.306099
SPY,2018-02-26,237.47,239.41,235.97,238.85,52219847,238.85,1.3799999999999957,0.58,2026-09-14 16:20:12.306099
SPY,2018-02-27,238.85,239.76,238.27,238.66,98834087,238.66,-0.1899999999999977,-0.08,2026-09-14 16:20:12.306099
SPY,2018-02-28,238.66,239.07,235.94,237.76,64169064,237.76,-0.9000000000000057,-0.38,2026-09-14 16:20:12.306099
SPY,2018-03-01,237.76,244.62,237.62,243.2,28291575,243.2,5.439999999999998,2.29,2026-09-14 16:20:12.306099
SPY,2018-03-02,243.2,245.04,240.72,242.54,11369324,242.54,-0.6599999999999966,-0.27,2026-09-14 16:20:12.306099
SPY,2018-03-05,242.54,243.61,239.14,240.81,34487171,240.81,-1.7299999999999898,-0.71,2026-09-14 16:20:12.306099
SPY,2018-03-06,240.81,243.18,239.31,239.92,80577787,239.92,-0.8900000000000148,-0.37,2026-09-14 16:20:12.306099
SPY,2018-03-07,239.92,240.57,233.85,234.54,75847390,234.54,-5.379999999999996,-2.24,2026-09-14 16:20:12.306099
SPY,2018-03-08,234.54,234.65,230.99,233.02,63005432,233.02,-1.5199999999999818,-0.65,2026-09-14 16:20:12.306099
SPY,2018-03-09,233.02,234.43,231.69,232.89,79298414,232.89,-0.1300000000000238,-0.06,2026-09-14 16:20:12.306099
SPY,2018-03-12,232.89,233.62,230.3,231.75,94957722,231.75,-1.1399999999999864,-0.49,2026-09-14 16:20:12.306099
SPY,2018-03-13,231.75,234.01,229.02,230.76,53640680,230.76,-0.9900000000000092,-0.43,2026-09-14 16:20:12.306099
SPY,2018-03-14,230.76,232.39,229.34,232.09,14711830,232.09,1.3300000000000125,0.58,2026-09-14 16:20:12.306099
SPY,2018-03-15,232.09,234.37,229.87,233.82,42693756,233.82,1.7299999999999898,0.75,2026-09-14 16:20:12.306099
SPY,2018-03-16,233.82,240.19,233.5,239.29,41732384,239.29,5.469999999999999,2.34,2026-09-14 16:20:12.306099
SPY,2018-03-19,239.29,241.4,238.24,239.91,83851360,239.91,0.6200000000000045,0.26,2026-09-14 16:20:12.306099
SPY,2018-03-20,239.91,241.98,239.77,239.99,88324471,239.99,0.0800000000000125,0.03,2026-09-14 16:20:12.306099
SPY,2018-03-21,239.99,242.59,239.95,240.62,57358716,240.62,0.6299999999999955,0.26,2026-09-14 16:20:12.306099
SPY,2018-03-22,240.62,241.93,237.48,238.34,52362588,238.34,-2.280000000000001,-0.95,2026-09-14 16:20:12.306099
SPY,2018-03-23,238.34,242.11,238.27,240.91,67970390,240.91,2.569999999999993,1.08,2026-09-14 16:20:12.306099
SPY,2018-03-26,240.91,241.37,240.38,240.43,92990711,240.43,-0.4799999999999897,-0.2,2026-09-14 16:20:12.306099
SPY,2018-03-27,240.43,241.98,236.53,238.39,66393137,238.39,-2.0400000000000205,-0.85,2026-09-14 16:20:12.306099
SPY,2018-03-28,238.39,239.88,237.43,238.03,60521647,238.03,-0.3599999999999852,-0.15,2026-09-14 16:20:12.306099
SPY,2018-03-29,238.03,243.4,236.82,241.19,31045625,241.19,3.1599999999999966,1.33,2026-09-14 16:20:12.306099
SPY,2018-03-30,241.19,241.41,239.52,240.57,87936815,240.57,-0.6200000000000045,-0.26,2026-09-14 16:20:12.306099
SPY,2018-04-02,240.57,242.99,239.44,241.29,50219120,241.29,0.7199999999999989,0.3,2026-09-14 16:20:12.306099
SPY,2018-04-03,241.29,242.74,239.32,240.71,10475111,240.71,-0.5799999999999841,-0.24,2026-09-14 16:20:12.306099
SPY,2018-04-04,240.71,241.5,240.1,241.47,10346780,241.47,0.7599999999999909,0.32,2026-09-14 16:20:12.306099
SPY,2018-04-05,241.47,243.73,240.42,242.58,27945028,242.58,1.1100000000000136,0.46,2026-09-14 16:20:12.306099
SPY,2018-04-06,242.58,244.55,240.8,241.51,38131789,241.51,-1.0700000000000216,-0.44,2026-09-14 16:20:12.306099
SPY,2018-04-09,241.51,242.07,240.23,241.05,50719350,241.05,-0.4599999999999795,-0.19,2026-09-14 16:20:12.306099
SPY,2018-04-10,241.05,243.26,239.0,241.29,46259062,241.29,0.2399999999999806,0.1,2026-09-14 16:20:12.306099
SPY,2018-04-11,241.29,243.6,238.37,239.57,99372884,239.57,-1.7199999999999989,-0.71,2026-09-14 16:20:12.306099
SPY,2018-04-12,239.57,240.57,239.02,239.93,24315803,239.93,0.3600000000000136,0.15,2026-09-14 16:20:12.306099
SPY,2018-04-13,239.93,242.02,238.31,241.28,58612253,241.28,1.3499999999999943,0.56,2026-09-14 16:20:12.306099
SPY,2018-04-16,241.28,243.09,238.18,238.33,40458484,238.33,-2.9499999999999886,-1.22,2026-09-14 16:20:12.306099
SPY,2018-04-17,238.33,240.25,236.05,237.74,59446355,237.74,-0.5900000000000034,-0.25,2026-09-14 16:20:12.306099
SPY,2018-04-18,237.74,238.78,234.53,234.67,88348215,234.67,-3.0700000000000216,-1.29,2026-09-14 16:20:12.306099
SPY,2018-04-19,234.67,236.56,232.25,233.16,62969702,233.16,-1.509999999999991,-0.64,2026-09-14 16:20:12.306099
SPY,2018-04-20,233.16,234.12,229.73,230.07,76744321,230.07,-3.0900000000000034,-1.33,2026-09-14 16:20:12.306099
SPY,2018-04-23,230.07,231.82,229.26,231.12,48891350,231.12,1.0500000000000114,0.46,2026-09-14 16:20:12.306099
SPY,2018-04-24,231.12,236.02,229.56,234.42,48131282,234.42,3.299999999999983,1.43,2026-09-14 16:20:12.306099
SPY,2018-04-25,234.42,241.93,233.2,241.59,88935103,241.59,7.170000000000016,3.06,2026-09-14 16:20:12.306099
SPY,2018-04-26,241.59,243.85,237.94,238.31,76321851,238.31,-3.280000000000001,-1.36,2026-09-14 16:20:12.306099
SPY,2018-04-27,238.31,243.27,236.73,241.63,12007744,241.63,3.319999999999993,1.39,2026-09-14 16:20:12.306099
SPY,2018-04-30,241.63,242.84,232.64,233.87,14578537,233.87,-7.759999999999991,-3.21,2026-09-14 16:20:12.306099
SPY,2018-05-01,233.87,238.27,233.13,236.12,45449219,236.12,2.25,0.96,2026-09-14 16:20:12.306099
SPY,2018-05-02,236.12,241.08,234.37,239.56,92913565,239.56,3.4399999999999977,1.46,2026-09-14 16:20:12.306099
SPY,2018-05-03,239.56,240.85,239.39,240.19,33949849,240.19,0.6299999999999955,0.26,2026-09-14 16:20:12.306099
SPY,2018-05-04,240.19,248.72,240.0,246.32,44952979,246.32,6.129999999999996,2.55,2026-09-14 16:20:12.306099
SPY,2018-05-07,246.32,250.22,244.71,248.79,51688762,248.79,2.469999999999999,1.0,2026-09-14 16:20:12.306099
SPY,2018-05-08,248.79,250.77,247.84,249.56,73836777,249.56,0.7700000000000102,0.31,2026-09-14 16:20:12.306099
SPY,2018-05-09,249.56,252.45,247.17,251.2,57861456,251.2,1.6399999999999864,0.66,2026-09-14 16:20:12.306099
SPY,2018-05-10,251.2,258.36,250.59,255.97,77606212,255.97,4.77000000000001,1.9,2026-09-14 16:20:12.306099
SPY,2018-05-11,255.97,258.15,249.5,249.95,45476152,249.95,-6.02000000000001,-2.35,2026-09-14 16:20:12.306099
SPY,2018-05-14,249.95,255.87,249.29,254.4,10056445,254.4,4.450000000000017,1.78,2026-09-14 16:20:12.306099
SPY,2018-05-15,254.4,255.09,252.62,253.96,53640214,253.96,-0.4399999999999977,-0.17,2026-09-14 16:20:12.306099
SPY,2018-05-16,253.96,255.9,249.96,252.3,56060036,252.3,-1.6599999999999966,-0.65,2026-09-14 16:20:12.306099
SPY,2018-05-17,252.3,257.4,251.36,255.95,28973034,255.95,3.649999999999977,1.45,2026-09-14 16:20:12.306099
SPY,2018-05-18,255.95,257.69,252.23,253.05,50165311,253.05,-2.8999999999999773,-1.13,2026-09-14 16:20:12.306099
SPY,2018-05-21,253.05,254.47,247.73,248.62,88801778,248.62,-4.430000000000007,-1.75,2026-09-14 16:20:12.306099
SPY,2018-05-22,248.62,251.16,246.76,250.13,91459116,250.13,1.509999999999991,0.61,2026-09-14 16:20:12.306099
SPY,2018-05-23,250.13,254.09,249.24,252.84,69591640,252.84,2.710000000000008,1.08,2026-09-14 16:20:12.306099
SPY,2018-05-24,252.84,257.66,251.68,255.17,70141612,255.17,2.329999999999984,0.92,2026-09-14 16:20:12.306099
SPY,2018-05-25,255.17,257.44,254.52,257.22,11304112,257.22,2.05000000000004,0.8,2026-09-14 16:20:12.306099
SPY,2018-05-28,257.22,258.18,255.15,256.89,65378263,256.89,-0.3300000000000409,-0.13,2026-09-14 16:20:12.306099
SPY,2018-05-29,256.89,259.49,256.41,257.75,10535782,257.75,0.8600000000000136,0.33,2026-09-14 16:20:12.306099
SPY,2018-05-30,257.75,257.82,250.58,251.44,67376011,251.44,-6.310000000000002,-2.45,2026-09-14 16:20:12.306099
SPY,2018-05-31,251.44,258.28,249.62,257.3,64193854,257.3,5.860000000000014,2.33,2026-09-14 16:20:12.306099
SPY,2018-06-01,257.3,260.4,257.02,258.11,52279078,258.11,0.8100000000000023,0.31,2026-09-14 16:20:12.306099
SPY,2018-06-04,258.11,261.09,255.58,260.99,76062414,260.99,2.8799999999999955,1.12,2026-09-14 16:20:12.306099
SPY,2018-06-05,260.99,265.08,260.4,264.02,71636975,264.02,3.0299999999999727,1.16,2026-09-14 16:20:12.306099
SPY,2018-06-06,264.02,270.92,263.47,268.45,41484356,268.45,4.430000000000007,1.68,2026-09-14 16:20:12.306099
SPY,2018-06-07,268.45,270.82,263.82,264.59,53476180,264.59,-3.8600000000000136,-1.44,2026-09-14 16:20:12.306099
SPY,2018-06-08,264.59,266.8,262.91,265.02,69450271,265.02,0.4300000000000068,0.16,2026-09-14 16:20:12.306099
SPY,2018-06-11,265.02,266.39,262.42,262.9,52545137,262.9,-2.1200000000000045,-0.8,2026-09-14 16:20:12.306099
SPY,2018-06-12,262.9,266.61,262.07,265.31,69969692,265.31,2.410000000000025,0.92,2026-09-14 16:20:12.306099
SPY,2018-06-13,265.31,267.86,262.34,263.26,74573823,263.26,-2.050000000000012,-0.77,2026-09-14 16:20:12.306099
SPY,2018-06-14,263.26,263.47,260.88,262.12,12624736,262.12,-1.1399999999999864,-0.43,2026-09-14 16:20:12.306099
SPY,2018-06-15,262.12,265.24,261.98,263.3,54972524,263.3,1.1800000000000068,0.45,2026-09-14 16:20:12.306099
SPY,2018-06-18,263.3,264.05,258.99,261.35,23598339,261.35,-1.9499999999999889,-0.74,2026-09-14 16:20:12.306099
SPY,2018-06-19,261.35,262.97,260.73,261.58,89130178,261.58,0.2299999999999613,0.09,2026-09-14 16:20:12.306099
SPY,2018-06-20,261.58,263.37,257.33,259.08,71106190,259.08,-2.5,-0.96,2026-09-14 16:20:12.306099
SPY,2018-06-21,259.08,266.18,256.92,264.4,60230992,264.4,5.319999999999993,2.05,2026-09-14 16:20:12.306099
SPY,2018-06-22,264.4,265.64,258.18,259.32,39925567,259.32,-5.079999999999984,-1.92,2026-09-14 16:20:12.306099
SPY,2018-06-25,259.32,260.32,255.69,255.98,84749707,255.98,-3.3400000000000034,-1.29,2026-09-14 16:20:12.306099
SPY,2018-06-26,255.98,257.03,253.56,256.16,95442628,256.16,0.1800000000000352,0.07,2026-09-14 16:20:12.306099
SPY,2018-06-27,256.16,256.24,250.89,251.82,51160291,251.82,-4.340000000000032,-1.69,2026-09-14 16:20:12.306099
SPY,2018-06-28,251.82,259.11,250.12,257.47,79049207,257.47,5.650000000000034,2.24,2026-09-14 16:20:12.306099
SPY,2018-06-29,257.47,261.61,255.15,260.18,83333699,260.18,2.7099999999999795,1.05,2026-09-14 16:20:12.306099
SPY,2018-07-02,260.18,262.29,255.14,255.44,24288366,255.44,-4.740000000000009,-1.82,2026-09-14 16:20:12.306099
SPY,2018-07-03,255.44,256.54,249.39,250.54,95592778,250.54,-4.900000000000006,-1.92,2026-09-14 16:20:12.306099
SPY,2018-07-04,250.54,254.6,250.35,254.0,57035782,254.0,3.460000000000008,1.38,2026-09-14 16:20:12.306099
SPY,2018-07-05,254.0,256.35,251.94,256.18,39573722,256.18,2.180000000000007,0.86,2026-09-14 16:20:12.306099
SPY,2018-07-06,256.18,261.55,254.89,261.28,66865610,261.28,5.099999999999966,1.99,2026-09-14 16:20:12.306099
SPY,2018-07-09,261.28,265.64,260.47,264.75,19844537,264.75,3.470000000000028,1.33,2026-09-14 16:20:12.306099
SPY,2018-07-10,264.75,269.78,264.38,268.45,30110575,268.45,3.6999999999999886,1.4,2026-09-14 16:20:12.306099
SPY,2018-07-11,268.45,272.87,267.24,270.7,59733057,270.7,2.25,0.84,2026-09-14 16:20:12.306099
SPY,2018-07-12,270.7,276.15,269.89,275.06,44420095,275.06,4.360000000000014,1.61,2026-09-14 16:20:12.306099
SPY,2018-07-13,275.06,276.05,273.76,274.13,92231824,274.13,-0.9300000000000068,-0.34,2026-09-14 16:20:12.306099
SPY,2018-07-16,274.13,274.31,267.04,269.48,25341867,269.48,-4.649999999999977,-1.7,2026-09-14 16:20:12.306099
SPY,2018-07-17,269.48,273.77,266.97,273.29,29916484,273.29,3.8100000000000014,1.41,2026-09-14 16:20:12.306099
SPY,2018-07-18,273.29,277.26,271.88,275.49,42903427,275.49,2.1999999999999886,0.81,2026-09-14 16:20:12.306099
SPY,2018-07-19,275.49,277.45,271.98,273.06,58148752,273.06,-2.430000000000007,-0.88,2026-09-14 16:20:12.306099
SPY,2018-07-20,273.06,279.25,271.17,277.1,57637033,277.1,4.0400000000000205,1.48,2026-09-14 16:20:12.306099
SPY,2018-07-23,277.1,278.04,274.03,274.97,16161932,274.97,-2.1299999999999955,-0.77,2026-09-14 16:20:12.306099
SPY,2018-07-24,274.97,278.74,274.97,278.61,12788306,278.61,3.6399999999999855,1.32,2026-09-14 16:20:12.306099
SPY,2018-07-25,278.61,282.73,276.71,281.12,47866454,281.12,2.509999999999991,0.9,2026-09-14 16:20:12.306099
SPY,2018-07-26,281.12,282.75,278.19,279.86,86049782,279.86,-1.259999999999991,-0.45,2026-09-14 16:20:12.306099
SPY,2018-07-27,279.86,285.06,277.5,282.73,89184743,282.73,2.8700000000000045,1.03,2026-09-14 16:20:12.306099
SPY,2018-07-30,282.73,284.42,275.87,277.89,27910680,277.89,-4.840000000000032,-1.71,2026-09-14 16:20:12.306099
SPY,2018-07-31,277.89,280.43,272.04,273.47,14660885,273.47,-4.419999999999959,-1.59,2026-09-14 16:20:12.306099
SPY,2018-08-01,273.47,275.58,272.49,275.14,59047836,275.14,1.669999999999959,0.61,2026-09-14 16:20:12.306099
SPY,2018-08-02,275.14,276.49,274.99,275.04,50059439,275.04,-0.0999999999999659,-0.04,2026-09-14 16:20:12.306099
SPY,2018-08-03,275.04,276.15,271.87,273.64,21331401,273.64,-1.400000000000034,-0.51,2026-09-14 16:20:12.306099
SPY,2018-08-06,273.64,277.04,273.05,275.3,45467890,275.3,1.660000000000025,0.61,2026-09-14 16:20:12.306099
SPY,2018-08-07,275.3,275.36,269.78,272.27,70766564,272.27,-3.0300000000000296,-1.1,2026-09-14 16:20:12.306099
SPY,2018-08-08,272.27,274.69,269.8,272.99,90632693,272.99,0.7200000000000273,0.26,2026-09-14 16:20:12.306099
SPY,2018-08-09,272.99,273.51,269.65,270.72,40698059,270.72,-2.269999999999982,-0.83,2026-09-14 16:20:12.306099
SPY,2018-08-10,270.72,271.45,267.94,270.09,10674446,270.09,-0.6300000000000523,-0.23,2026-09-14 16:20:12.306099
SPY,2018-08-13,270.09,270.1,267.57,269.86,50207904,269.86,-0.2299999999999613,-0.09,2026-09-14 16:20:12.306099
SPY,2018-08-14,269.86,278.87,269.77,276.44,33594584,276.44,6.579999999999984,2.44,2026-09-14 16:20:12.306099
SPY,2018-08-15,276.44,276.72,268.16,270.72,82501244,270.72,-5.71999999999997,-2.07,2026-09-14 16:20:12.306099
SPY,2018-08-16,270.72,272.58,263.77,266.22,29873214,266.22,-4.5,-1.66,2026-09-14 16:20:12.306099
SPY,2018-08-17,266.22,269.84,264.3,267.64,24423154,267.64,1.419999999999959,0.53,2026-09-14 16:20:12.306099
SPY,2018-08-20,267.64,272.68,266.02,272.24,68281295,272.24,4.600000000000023,1.72,2026-09-14 16:20:12.306099
SPY,2018-08-21,272.24,275.66,270.95,273.53,73572212,273.53,1.2899999999999636,0.47,2026-09-14 16:20:12.306099
SPY,2018-08-22,273.53,275.37,272.73,274.13,28387396,274.13,0.6000000000000227,0.22,2026-09-14 16:20:12.306099
SPY,2018-08-23,274.13,275.89,270.91,271.67,97038925,271.67,-2.4599999999999795,-0.9,2026-09-14 16:20:12.306099
SPY,2018-08-24,271.67,274.65,271.23,274.3,58964302,274.3,2.6299999999999955,0.97,2026-09-14 16:20:12.306099
SPY,2018-08-27,274.3,276.94,270.04,271.77,15955663,271.77,-2.5300000000000296,-0.92,2026-09-14 16:20:12.306099
SPY,2018-08-28,271.77,272.38,267.54,268.86,32232294,268.86,-2.909999999999968,-1.07,2026-09-14 16:20:12.306099
SPY,2018-08-29,268.86,270.8,263.38,265.79,27816185,265.79,-3.069999999999993,-1.14,2026-09-14 16:20:12.306099
SPY,2018-08-30,265.79,267.93,264.66,265.66,44117954,265.66,-0.1299999999999954,-0.05,2026-09-14 16:20:12.306099
SPY,2018-08-31,265.66,275.76,263.37,273.65,46627555,273.65,7.989999999999952,3.01,2026-09-14 16:20:12.306099
SPY,2018-09-03,273.65,277.16,272.42,275.92,21492922,275.92,2.2700000000000387,0.83,2026-09-14 16:20:12.306099
SPY,2018-09-04,275.92,280.99,274.31,279.9,87136466,279.9,3.979999999999961,1.44,2026-09-14 16:20:12.306099
SPY,2018-09-05,279.9,280.45,277.4,279.13,54615798,279.13,-0.7699999999999818,-0.28,2026-09-14 16:20:12.306099
SPY,2018-09-06,279.13,279.24,276.62,278.37,80186942,278.37,-0.7599999999999909,-0.27,2026-09-14 16:20:12.306099
SPY,2018-09-07,278.37,282.25,277.26,281.25,24670506,281.25,2.8799999999999955,1.03,2026-09-14 16:20:12.306099
SPY,2018-09-10,281.25,291.25,278.56,288.8,54581242,288.8,7.550000000000011,2.68,2026-09-14 16:20:12.306099
SPY,2018-09-11,288.8,290.45,283.67,284.73,41307798,284.73,-4.069999999999993,-1.41,2026-09-14 16:20:12.306099
SPY,2018-09-12,284.73,287.37,283.65,287.16,93357868,287.16,2.430000000000007,0.85,2026-09-14 16:20:12.306099
SPY,2018-09-13,287.16,293.9,286.49,291.69,76107664,291.69,4.529999999999973,1.58,2026-09-14 16:20:12.306099
SPY,2018-09-14,291.69,291.86,289.35,290.49,21812840,290.49,-1.1999999999999886,-0.41,2026-09-14 16:20:12.306099
SPY,2018-09-17,290.49,294.36,289.66,291.9,65073007,291.9,1.4099999999999682,0.49,2026-09-14 16:20:12.306099
SPY,2018-09-18,291.9,292.35,286.49,288.36,78409597,288.36,-3.539999999999964,-1.21,2026-09-14 16:20:12.306099
SPY,2018-09-19,288.36,289.7,286.88,289.27,12150942,289.27,0.9099999999999682,0.32,2026-09-14 16:20:12.306099
SPY,2018-09-20,289.27,289.5,286.32,286.49,40039241,286.49,-2.7799999999999727,-0.96,2026-09-14 16:20:12.306099
SPY,2018-09-21,286.49,288.49,280.93,281.86,22635622,281.86,-4.629999999999996,-1.62,2026-09-14 16:20:12.306099
SPY,2018-09-24,281.86,286.0,281.51,283.52,42650082,283.52,1.6599999999999682,0.59,2026-09-14 16:20:12.306099
SPY,2018-09-25,283.52,287.58,282.51,284.85,18830568,284.85,1.330000000000041,0.47,2026-09-14 16:20:12.306099
SPY,2018-09-26,284.85,294.2,284.16,292.12,38931566,292.12,7.269999999999982,2.55,2026-09-14 16:20:12.306099
SPY,2018-09-27,292.12,294.49,291.28,293.71,82143135,293.71,1.589999999999975,0.54,2026-09-14 16:20:12.306099
SPY,2018-09-28,293.71,295.74,291.55,293.57,56969373,293.57,-0.1399999999999863,-0.05,2026-09-14 16:20:12.306099
SPY,2018-10-01,293.57,299.64,293.23,297.5,22696345,297.5,3.930000000000007,1.34,2026-09-14 16:20:12.306099
SPY,2018-10-02,297.5,299.74,295.74,297.56,50514434,297.56,0.0600000000000022,0.02,2026-09-14 16:20:12.306099
SPY,2018-10-03,297.56,300.02,296.11,296.47,44491985,296.47,-1.089999999999975,-0.37,2026-09-14 16:20:12.306099
SPY,2018-10-04,296.47,298.42,294.82,296.1,30190708,296.1,-0.3700000000000045,-0.12,2026-09-14 16:20:12.306099
SPY,2018-10-05,296.1,297.31,291.73,294.31,80004743,294.31,-1.7900000000000205,-0.6,2026-09-14 16:20:12.306099
SPY,2018-10-08,294.31,299.42,292.91,299.37,33349044,299.37,5.060000000000002,1.72,2026-09-14 16:20:12.306099
SPY,2018-10-09,299.37,300.17,296.39,297.55,46963415,297.55,-1.8199999999999927,-0.61,2026-09-14 16:20:12.306099
SPY,2018-10-10,297.55,298.82,296.74,297.93,42454738,297.93,0.3799999999999954,0.13,2026-09-14 16:20:12.306099
SPY,2018-10-11,297.93,297.93,295.05,297.27,40507187,297.27,-0.660000000000025,-0.22,2026-09-14 16:20:12.306099
SPY,2018-10-12,297.27,299.53,292.08,293.58,68243612,293.58,-3.6899999999999977,-1.24,2026-09-14 16:20:12.306099
SPY,2018-10-15,293.58,293.67,291.97,292.99,93416874,292.99,-0.589999999999975,-0.2,2026-09-14 16:20:12.306099
SPY,2018-10-16,292.99,296.01,292.32,294.19,39747973,294.19,1.1999999999999886,0.41,2026-09-14 16:20:12.306099
SPY,2018-10-17,294.19,296.25,289.65,290.48,21902095,290.48,-3.70999999999998,-1.26,2026-09-14 16:20:12.306099
SPY,2018-10-18,290.48,293.79,287.68,292.1,46584205,292.1,1.6200000000000043,0.56,2026-09-14 16:20:12.306099
SPY,2018-10-19,292.1,299.5,290.7,298.63,39045667,298.63,6.529999999999973,2.24,2026-09-14 16:20:12.306099
SPY,2018-10-22,298.63,302.56,297.98,301.62,83384649,301.62,2.990000000000009,1.0,2026-09-14 16:20:12.306099
SPY,2018-10-23,301.62,303.0,291.97,293.94,23430418,293.94,-7.680000000000007,-2.55,2026-09-14 16:20:12.306099
SPY,2018-10-24,293.94,296.43,290.42,292.12,53414779,292.12,-1.8199999999999927,-0.62,2026-09-14 16:20:12.306099
SPY,2018-10-25,292.12,294.89,287.47,289.85,46756850,289.85,-2.269999999999982,-0.78,2026-09-14 16:20:12.306099
SPY,2018-10-26,289.85,291.38,283.0,283.86,49178811,283.86,-5.990000000000009,-2.07,2026-09-14 16:20:12.306099
SPY,2018-10-29,283.86,284.72,278.88,281.38,99228638,281.38,-2.480000000000018,-0.87,2026-09-14 16:20:12.306099
SPY,2018-10-30,281.38,281.73,278.26,280.95,25395864,280.95,-0.4300000000000068,-0.15,2026-09-14 16:20:12.306099
SPY,2018-10-31,280.95,281.05,279.36,280.02,33413977,280.02,-0.9300000000000068,-0.33,2026-09-14 16:20:12.306099
SPY,2018-11-01,280.02,284.41,279.53,281.82,25627506,281.82,1.8000000000000114,0.64,2026-09-14 16:20:12.306099
SPY,2018-11-02,281.82,284.5,277.36,278.44,79581579,278.44,-3.3799999999999955,-1.2,2026-09-14 16:20:12.306099
SPY,2018-11-05,278.44,280.74,275.35,277.36,90695408,277.36,-1.079999999999984,-0.39,2026-09-14 16:20:12.306099
SPY,2018-11-06,277.36,280.84,276.28,278.22,75927830,278.22,0.8600000000000136,0.31,2026-09-14 16:20:12.306099
SPY,2018-11-07,278.22,282.62,275.66,281.86,80125911,281.86,3.6399999999999855,1.31,2026-09-14 16:20:12.306099
SPY,2018-11-08,281.86,282.88,273.36,275.68,38347881,275.68,-6.180000000000007,-2.19,2026-09-14 16:20:12.306099
SPY,2018-11-09,275.68,280.04,273.98,279.98,20101556,279.98,4.300000000000011,1.56,2026-09-14 16:20:12.306099
SPY,2018-11-12,279.98,285.58,277.54,284.55,88543225,284.55,4.569999999999993,1.63,2026-09-14 16:20:12.306099
SPY,2018-11-13,284.55,294.2,282.61,291.84,48391023,291.84,7.289999999999964,2.56,2026-09-14 16:20:12.306099
SPY,2018-11-14,291.84,295.64,291.65,295.02,56562343,295.02,3.180000000000007,1.09,2026-09-14 16:20:12.306099
SPY,2018-11-15,295.02,296.33,289.51,292.29,11232110,292.29,-2.7299999999999613,-0.93,2026-09-14 16:20:12.306099
SPY,2018-11-16,292.29,298.1,290.07,295.73,57242378,295.73,3.4399999999999977,1.18,2026-09-14 16:20:12.306099
SPY,2018-11-19,295.73,298.29,289.95,292.13,84953909,292.13,-3.6000000000000227,-1.22,2026-09-14 16:20:12.306099
SPY,2018-11-20,292.13,299.96,290.91,298.31,67570429,298.31,6.180000000000007,2.12,2026-09-14 16:20:12.306099
SPY,2018-11-21,298.31,298.82,297.57,298.09,13924618,298.09,-0.2200000000000272,-0.07,2026-09-14 16:20:12.306099
SPY,2018-11-22,298.09,298.8,296.85,297.07,42012185,297.07,-1.0199999999999818,-0.34,2026-09-14 16:20:12.306099
SPY,2018-11-23,297.07,299.42,294.17,295.2,17544240,295.2,-1.8700000000000043,-0.63,2026-09-14 16:20:12.306099
SPY,2018-11-26,295.2,296.35,294.03,294.77,52362187,294.77,-0.4300000000000068,-0.15,2026-09-14 16:20:12.306099
SPY,2018-11-27,294.77,295.87,287.14,289.92,32785224,289.92,-4.849999999999966,-1.65,2026-09-14 16:20:12.306099
SPY,2018-11-28,289.92,294.5,287.68,294.04,58385180,294.04,4.1200000000000045,1.42,2026-09-14 16:20:12.306099
SPY,2018-11-29,294.04,300.33,292.55,297.45,20531880,297.45,3.409999999999968,1.16,2026-09-14 16:20:12.306099
SPY,2018-11-30,297.45,301.82,295.72,301.19,86894088,301.19,3.740000000000009,1.26,2026-09-14 16:20:12.306099
SPY,2018-12-03,301.19,302.14,291.73,293.42,21425616,293.42,-7.769999999999982,-2.58,2026-09-14 16:20:12.306099
SPY,2018-12-04,293.42,294.9,290.79,291.53,13533230,291.53,-1.8900000000000432,-0.64,2026-09-14 16:20:12.306099
SPY,2018-12-05,291.53,292.7,284.78,285.9,99713151,285.9,-5.629999999999996,-1.93,2026-09-14 16:20:12.306099
SPY,2018-12-06,285.9,286.34,278.7,281.16,21723549,281.16,-4.739999999999952,-1.66,2026-09-14 16:20:12.306099
SPY,2018-12-07,281.16,283.05,277.81,279.29,35056061,279.29,-1.8700000000000043,-0.67,2026-09-14 16:20:12.306099
SPY,2018-12-10,279.29,285.8,279.13,283.46,79169374,283.46,4.169999999999959,1.49,2026-09-14 16:20:12.306099
SPY,2018-12-11,283.46,287.26,283.3,285.25,76838942,285.25,1.7900000000000205,0.63,2026-09-14 16:20:12.306099
SPY,2018-12-12,285.25,285.28,278.45,280.95,21897624,280.95,-4.300000000000011,-1.51,2026-09-14 16:20:12.306099
SPY,2018-12-13,280.95,281.15,276.96,277.62,72121797,277.62,-3.329999999999984,-1.19,2026-09-14 16:20:12.306099
SPY,2018-12-14,277.62,278.77,277.59,278.25,84383206,278.25,0.6299999999999955,0.23,2026-09-14 16:20:12.306099
SPY,2018-12-17,278.25,280.01,275.21,276.82,56011623,276.82,-1.4300000000000068,-0.51,2026-09-14 16:20:12.306099
SPY,2018-12-18,276.82,277.66,274.17,276.83,80682244,276.83,0.0099999999999909,0.0,2026-09-14 16:20:12.306099
SPY,2018-12-19,276.83,280.41,274.53,278.36,96775787,278.36,1.5300000000000296,0.55,2026-09-14 16:20:12.306099
SPY,2018-12-20,278.36,282.76,278.24,280.22,19708492,280.22,1.8600000000000136,0.67,2026-09-14 16:20:12.306099
SPY,2018-12-21,280.22,285.67,278.99,284.38,58347248,284.38,4.159999999999968,1.48,2026-09-14 16:20:12.306099
SPY,2018-12-24,284.38,286.86,282.74,283.72,38461686,283.72,-0.6599999999999682,-0.23,2026-09-14 16:20:12.306099
SPY,2018-12-25,283.72,285.56,276.42,278.73,37835031,278.73,-4.990000000000009,-1.76,2026-09-14 16:20:12.306099
SPY,2018-12-26,278.73,281.64,278.61,279.01,71201164,279.01,0.2799999999999727,0.1,2026-09-14 16:20:12.306099
SPY,2018-12-27,279.01,280.19,271.95,274.25,47762153,274.25,-4.759999999999991,-1.71,2026-09-14 16:20:12.306099
SPY,2018-12-28,274.25,276.86,274.19,274.79,34725968,274.79,0.5400000000000205,0.2,2026-09-14 16:20:12.306099
SPY,2018-12-31,274.79,277.12,273.08,275.92,44321292,275.92,1.1299999999999957,0.41,2026-09-14 16:20:12.306099
SPY,2019-01-01,275.92,276.88,272.85,275.29,11556685,275.29,-0.6299999999999955,-0.23,2026-09-14 16:20:12.306099
SPY,2019-01-02,275.29,277.82,274.28,276.83,75330356,276.83,1.5399999999999636,0.56,2026-09-14 16:20:12.306099
SPY,2019-01-03,276.83,278.53,273.84,276.34,86157824,276.34,-0.4900000000000091,-0.18,2026-09-14 16:20:12.306099
SPY,2019-01-04,276.34,278.32,274.6,275.68,79843974,275.68,-0.6599999999999682,-0.24,2026-09-14 16:20:12.306099
SPY,2019-01-07,275.68,278.19,274.19,278.06,29380481,278.06,2.3799999999999955,0.86,2026-09-14 16:20:12.306099
SPY,2019-01-08,278.06,284.12,278.04,283.83,70813301,283.83,5.769999999999982,2.08,2026-09-14 16:20:12.306099
SPY,2019-01-09,283.83,286.53,283.08,283.78,21093050,283.78,-0.0500000000000113,-0.02,2026-09-14 16:20:12.306099
SPY,2019-01-10,283.78,285.96,283.5,284.69,79807909,284.69,0.910000000000025,0.32,2026-09-14 16:20:12.306099
SPY,2019-01-11,284.69,287.31,280.19,281.71,72673475,281.71,-2.980000000000018,-1.05,2026-09-14 16:20:12.306099
SPY,2019-01-14,281.71,282.14,280.72,281.89,56839108,281.89,0.1800000000000068,0.06,2026-09-14 16:20:12.306099
SPY,2019-01-15,281.89,282.82,277.26,278.02,98326948,278.02,-3.870000000000005,-1.37,2026-09-14 16:20:12.306099
SPY,2019-01-16,278.02,278.4,275.16,276.15,37348418,276.15,-1.8700000000000043,-0.67,2026-09-14 16:20:12.306099
SPY,2019-01-17,276.15,279.79,274.49,278.05,72846089,278.05,1.900000000000034,0.69,2026-09-14 16:20:12.306099
SPY,2019-01-18,278.05,278.18,274.66,276.85,29543737,276.85,-1.1999999999999886,-0.43,2026-09-14 16:20:12.306099
SPY,2019-01-21,276.85,278.11,273.12,275.09,24722598,275.09,-1.7600000000000475,-0.64,2026-09-14 16:20:12.306099
SPY,2019-01-22,275.09,275.97,271.36,274.05,35687130,274.05,-1.0399999999999636,-0.38,2026-09-14 16:20:12.306099
SPY,2019-01-23,274.05,275.09,267.04,269.29,51616593,269.29,-4.759999999999991,-1.74,2026-09-14 16:20:12.306099
SPY,2019-01-24,269.29,276.58,267.71,274.51,32499093,274.51,5.21999999999997,1.94,2026-09-14 16:20:12.306099
SPY,2019-01-25,274.51,277.23,271.35,273.89,22457655,273.89,-0.6200000000000045,-0.23,2026-09-14 16:20:12.306099
SPY,2019-01-28,273.89,278.69,273.33,278.39,36121382,278.39,4.5,1.64,2026-09-14 16:20:12.306099
SPY,2019-01-29,278.39,278.66,272.11,274.54,97473711,274.54,-3.849999999999966,-1.38,2026-09-14 16:20:12.306099
SPY,2019-01-30,274.54,276.8,273.08,275.54,28512039,275.54,1.0,0.36,2026-09-14 16:20:12.306099
SPY,2019-01-31,275.54,277.14,269.07,269.37,90638408,269.37,-6.170000000000016,-2.24,2026-09-14 16:20:12.306099
SPY,2019-02-01,269.37,271.79,266.72,271.37,19261809,271.37,2.0,0.74,2026-09-14 16:20:12.306099
SPY,2019-02-04,271.37,272.95,270.5,272.3,49042239,272.3,0.9300000000000068,0.34,2026-09-14 16:20:12.306099
SPY,2019-02-05,272.3,273.3,265.85,267.35,10523028,267.35,-4.949999999999989,-1.82,2026-09-14 16:20:12.306099
SPY,2019-02-06,267.35,269.88,265.0,267.07,76672051,267.07,-0.2800000000000295,-0.1,2026-09-14 16:20:12.306099
SPY,2019-02-07,267.07,269.53,264.81,268.22,89214010,268.22,1.150000000000034,0.43,2026-09-14 16:20:12.306099
SPY,2019-02-08,268.22,269.45,265.34,265.54,20741797,265.54,-2.680000000000007,-1.0,2026-09-14 16:20:12.306099
SPY,2019-02-11,265.54,266.5,265.48,265.55,49151961,265.55,0.0099999999999909,0.0,2026-09-14 16:20:12.306099
SPY,2019-02-12,265.55,274.11,264.07,272.49,30355377,272.49,6.939999999999998,2.61,2026-09-14 16:20:12.306099
SPY,2019-02-13,272.49,275.16,270.41,271.61,88704251,271.61,-0.8799999999999955,-0.32,2026-09-14 16:20:12.306099
SPY,2019-02-14,271.61,273.31,270.05,271.36,71976022,271.36,-0.25,-0.09,2026-09-14 16:20:12.306099
SPY,2019-02-15,271.36,273.49,269.31,272.29,89428568,272.29,0.9300000000000068,0.34,2026-09-14 16:20:12.306099
SPY,2019-02-18,272.29,272.81,272.29,272.74,89466370,272.74,0.4499999999999886,0.17,2026-09-14 16:20:12.306099
SPY,2019-02-19,272.74,275.36,267.63,268.42,80917142,268.42,-4.319999999999993,-1.58,2026-09-14 16:20:12.306099
SPY,2019-02-20,268.42,270.72,264.56,266.41,22447719,266.41,-2.009999999999991,-0.75,2026-09-14 16:20:12.306099
SPY,2019-02-21,266.41,270.02,265.52,268.39,28775214,268.39,1.979999999999961,0.74,2026-09-14 16:20:12.306099
SPY,2019-02-22,268.39,268.77,267.0,268.13,66051867,268.13,-0.2599999999999909,-0.1,2026-09-14 16:20:12.306099
SPY,2019-02-25,268.13,275.37,267.32,273.53,15459574,273.53,5.399999999999977,2.01,2026-09-14 16:20:12.306099
SPY,2019-02-26,273.53,277.58,271.29,276.77,43892609,276.77,3.240000000000009,1.18,2026-09-14 16:20:12.306099
SPY,2019-02-27,276.77,279.18,273.39,273.44,10270845,273.44,-3.329999999999984,-1.2,2026-09-14 16:20:12.306099
SPY,2019-02-28,273.44,281.44,272.96,281.24,98675612,281.24,7.800000000000011,2.85,2026-09-14 16:20:12.306099
SPY,2019-03-01,281.24,284.7,279.35,282.54,14303390,282.54,1.3000000000000114,0.46,2026-09-14 16:20:12.306099
SPY,2019-03-04,282.54,283.87,275.33,275.6,37067591,275.6,-6.939999999999998,-2.46,2026-09-14 16:20:12.306099
SPY,2019-03-05,275.6,275.64,274.76,275.46,40233126,275.46,-0.1400000000000432,-0.05,2026-09-14 16:20:12.306099
SPY,2019-03-06,275.46,279.46,273.9,279.45,27787033,279.45,3.990000000000009,1.45,2026-09-14 16:20:12.306099
SPY,2019-03-07,279.45,280.12,275.07,276.19,66126717,276.19,-3.259999999999991,-1.17,2026-09-14 16:20:12.306099
SPY,2019-03-08,276.19,276.27,273.37,274.84,83497750,274.84,-1.3500000000000227,-0.49,2026-09-14 16:20:12.306099
SPY,2019-03-11,274.84,279.94,273.61,278.45,86494141,278.45,3.6100000000000136,1.31,2026-09-14 16:20:12.306099
SPY,2019-03-12,278.45,284.2,276.64,281.55,60524489,281.55,3.1000000000000227,1.11,2026-09-14 16:20:12.306099
SPY,2019-03-13,281.55,283.23,279.49,279.85,47461968,279.85,-1.6999999999999886,-0.6,2026-09-14 16:20:12.306099
SPY,2019-03-14,279.85,281.73,275.02,277.14,93576596,277.14,-2.7100000000000364,-0.97,2026-09-14 16:20:12.306099
SPY,2019-03-15,277.14,285.0,274.79,282.5,87618841,282.5,5.360000000000014,1.93,2026-09-14 16:20:12.306099
SPY,2019-03-18,282.5,283.25,274.41,276.84,63959361,276.84,-5.660000000000025,-2.0,2026-09-14 16:20:12.306099
SPY,2019-03-19,276.84,282.05,276.4,281.47,34916647,281.47,4.630000000000052,1.67,2026-09-14 16:20:12.306099
SPY,2019-03-20,281.47,282.64,277.99,280.48,11171665,280.48,-0.9900000000000092,-0.35,2026-09-14 16:20:12.306099
SPY,2019-03-21,280.48,284.63,280.01,283.7,46607555,283.7,3.2199999999999704,1.15,2026-09-14 16:20:12.306099
SPY,2019-03-22,283.7,286.52,279.37,279.93,33937717,279.93,-3.769999999999982,-1.33,2026-09-14 16:20:12.306099
SPY,2019-03-25,279.93,280.98,277.96,280.22,62514014,280.22,0.2900000000000204,0.1,2026-09-14 16:20:12.306099
SPY,2019-03-26,280.22,285.73,277.47,285.64,96782560,285.64,5.419999999999959,1.93,2026-09-14 16:20:12.306099
SPY,2019-03-27,285.64,287.06,284.28,285.43,32874683,285.43,-0.2099999999999795,-0.07,2026-09-14 16:20:12.306099
SPY,2019-03-28,285.43,291.28,284.68,290.77,10740067,290.77,5.339999999999975,1.87,2026-09-14 16:20:12.306099
SPY,2019-03-29,290.77,296.59,288.96,294.05,68644650,294.05,3.2800000000000296,1.13,2026-09-14 16:20:12.306099
SPY,2019-04-01,294.05,296.16,289.8,290.99,52634121,290.99,-3.0600000000000023,-1.04,2026-09-14 16:20:12.306099
SPY,2019-04-02,290.99,300.31,288.81,297.41,71553438,297.41,6.420000000000016,2.21,2026-09-14 16:20:12.306099
SPY,2019-04-03,297.41,299.94,295.81,299.84,69479310,299.84,2.42999999999995,0.82,2026-09-14 16:20:12.306099
SPY,2019-04-04,299.84,301.66,296.96,297.85,29892826,297.85,-1.9899999999999525,-0.66,2026-09-14 16:20:12.306099
SPY,2019-04-05,297.85,299.94,290.6,293.45,57252021,293.45,-4.400000000000034,-1.48,2026-09-14 16:20:12.306099
SPY,2019-04-08,293.45,297.2,292.97,295.16,27262127,295.16,1.7100000000000364,0.58,2026-09-14 16:20:12.306099
SPY,2019-04-09,295.16,302.5,295.11,299.7,58705189,299.7,4.539999999999964,1.54,2026-09-14 16:20:12.306099
SPY,2019-04-10,299.7,301.68,298.96,299.62,96505373,299.62,-0.079999999999984,-0.03,2026-09-14 16:20:12.306099
SPY,2019-04-11,299.62,305.12,297.86,302.32,47301498,302.32,2.6999999999999886,0.9,2026-09-14 16:20:12.306099
SPY,2019-04-12,302.32,310.4,301.9,308.69,73404027,308.69,6.3700000000000045,2.11,2026-09-14 16:20:12.306099
SPY,2019-04-15,308.69,316.62,306.41,314.84,68813216,314.84,6.149999999999977,1.99,2026-09-14 16:20:12.306099
SPY,2019-04-16,314.84,324.57,314.05,323.54,61763088,323.54,8.700000000000045,2.76,2026-09-14 16:20:12.306099
SPY,2019-04-17,323.54,323.93,318.66,321.17,28821901,321.17,-2.3700000000000045,-0.73,2026-09-14 16:20:12.306099
SPY,2019-04-18,321.17,323.9,316.91,319.15,78954126,319.15,-2.0200000000000387,-0.63,2026-09-14 16:20:12.306099
SPY,2019-04-19,319.15,323.29,316.17,321.3,35442753,321.3,2.150000000000034,0.67,2026-09-14 16:20:12.306099
SPY,2019-04-22,321.3,324.57,318.42,324.01,35337797,324.01,2.7099999999999795,0.84,2026-09-14 16:20:12.306099
SPY,2019-04-23,324.01,328.59,320.9,326.84,37133111,326.84,2.829999999999984,0.87,2026-09-14 16:20:12.306099
SPY,2019-04-24,326.84,329.97,324.57,325.22,63809677,325.22,-1.6199999999999477,-0.5,2026-09-14 16:20:12.306099
SPY,2019-04-25,325.22,326.08,323.69,323.91,39713747,323.91,-1.3100000000000025,-0.4,2026-09-14 16:20:12.306099
SPY,2019-04-26,323.91,326.5,320.64,322.14,46450019,322.14,-1.7700000000000389,-0.55,2026-09-14 16:20:12.306099
SPY,2019-04-29,322.14,325.19,320.03,320.99,16007594,320.99,-1.1499999999999773,-0.36,2026-09-14 16:20:12.306099
SPY,2019-04-30,320.99,323.75,313.33,316.01,52782886,316.01,-4.980000000000018,-1.55,2026-09-14 16:20:12.306099
SPY,2019-05-01,316.01,318.77,313.89,317.1,39901284,317.1,1.0900000000000318,0.34,2026-09-14 16:20:12.306099
SPY,2019-05-02,317.1,322.03,314.91,320.99,98053091,320.99,3.8899999999999855,1.23,2026-09-14 16:20:12.306099
SPY,2019-05-03,320.99,323.93,314.22,315.67,69689631,315.67,-5.319999999999993,-1.66,2026-09-14 16:20:12.306099
SPY,2019-05-06,315.67,317.43,307.42,307.61,33920080,307.61,-8.060000000000002,-2.55,2026-09-14 16:20:12.306099
SPY,2019-05-07,307.61,310.28,306.6,308.57,62497155,308.57,0.9599999999999796,0.31,2026-09-14 16:20:12.306099
SPY,2019-05-08,308.57,309.32,305.39,307.94,46006084,307.94,-0.6299999999999955,-0.2,2026-09-14 16:20:12.306099
SPY,2019-05-09,307.94,309.2,304.6,307.43,26270982,307.43,-0.5099999999999909,-0.17,2026-09-14 16:20:12.306099
SPY,2019-05-10,307.43,308.52,304.34,304.52,16742910,304.52,-2.910000000000025,-0.95,2026-09-14 16:20:12.306099
SPY,2019-05-13,304.52,304.97,302.02,303.96,27678352,303.96,-0.5600000000000023,-0.18,2026-09-14 16:20:12.306099
SPY,2019-05-14,303.96,306.2,303.87,304.06,28815302,304.06,0.1000000000000227,0.03,2026-09-14 16:20:12.306099
SPY,2019-05-15,304.06,310.51,302.05,308.67,56444320,308.67,4.610000000000014,1.52,2026-09-14 16:20:12.306099
SPY,2019-05-16,308.67,316.28,308.46,315.82,83454955,315.82,7.149999999999977,2.32,2026-09-14 16:20:12.306099
SPY,2019-05-17,315.82,317.6,315.47,315.48,41342018,315.48,-0.339999999999975,-0.11,2026-09-14 16:20:12.306099
SPY,2019-05-20,315.48,317.2,312.63,314.39,24161157,314.39,-1.0900000000000318,-0.35,2026-09-14 16:20:12.306099
SPY,2019-05-21,314.39,318.3,314.32,316.05,63575497,316.05,1.660000000000025,0.53,2026-09-14 16:20:12.306099
SPY,2019-05-22,316.05,317.14,314.01,315.06,81905249,315.06,-0.9900000000000092,-0.31,2026-09-14 16:20:12.306099
SPY,2019-05-23,315.06,315.51,312.03,315.25,21733233,315.25,0.1899999999999977,0.06,2026-09-14 16:20:12.306099
SPY,2019-05-24,315.25,318.0,314.11,317.95,56366249,317.95,2.6999999999999886,0.86,2026-09-14 16:20:12.306099
SPY,2019-05-27,317.95,320.29,315.04,315.86,58705160,315.86,-2.089999999999975,-0.66,2026-09-14 16:20:12.306099
SPY,2019-05-28,315.86,320.63,314.42,318.75,40250112,318.75,2.8899999999999864,0.91,2026-09-14 16:20:12.306099
SPY,2019-05-29,318.75,321.66,316.4,318.28,66838199,318.28,-0.4700000000000273,-0.15,2026-09-14 16:20:12.306099
SPY,2019-05-30,318.28,322.07,318.14,320.87,25209246,320.87,2.590000000000032,0.81,2026-09-14 16:20:12.306099
SPY,2019-05-31,320.87,323.43,320.73,322.65,59141263,322.65,1.7799999999999727,0.55,2026-09-14 16:20:12.306099
SPY,2019-06-03,322.65,324.01,314.0,316.48,63957506,316.48,-6.169999999999959,-1.91,2026-09-14 16:20:12.306099
SPY,2019-06-04,316.48,318.89,314.87,316.39,56513257,316.39,-0.0900000000000318,-0.03,2026-09-14 16:20:12.306099
SPY,2019-06-05,316.39,316.74,313.84,315.74,35394375,315.74,-0.6499999999999773,-0.21,2026-09-14 16:20:12.306099
SPY,2019-06-06,315.74,318.55,314.84,317.16,10134366,317.16,1.420000000000016,0.45,2026-09-14 16:20:12.306099
SPY,2019-06-07,317.16,318.15,307.88,309.22,11055803,309.22,-7.939999999999998,-2.5,2026-09-14 16:20:12.306099
SPY,2019-06-10,309.22,312.06,307.78,310.59,74523357,310.59,1.3699999999999477,0.44,2026-09-14 16:20:12.306099
SPY,2019-06-11,310.59,310.68,304.48,305.69,87104569,305.69,-4.899999999999977,-1.58,2026-09-14 16:20:12.306099
SPY,2019-06-12,305.69,308.7,303.45,305.63,75182259,305.63,-0.0600000000000022,-0.02,2026-09-14 16:20:12.306099
SPY,2019-06-13,305.63,306.47,301.5,303.27,57015340,303.27,-2.3600000000000136,-0.77,2026-09-14 16:20:12.306099
SPY,2019-06-14,303.27,306.48,302.64,303.47,48555920,303.47,0.2000000000000454,0.07,2026-09-14 16:20:12.306099
SPY,2019-06-17,303.47,308.5,300.99,305.94,65835425,305.94,2.4699999999999704,0.81,2026-09-14 16:20:12.306099
SPY,2019-06-18,305.94,307.46,305.53,307.1,49212273,307.1,1.160000000000025,0.38,2026-09-14 16:20:12.306099
SPY,2019-06-19,307.1,313.62,305.23,312.2,42221944,312.2,5.099999999999966,1.66,2026-09-14 16:20:12.306099
SPY,2019-06-20,312.2,316.21,310.58,315.72,26661657,315.72,3.5200000000000387,1.13,2026-09-14 16:20:12.306099
SPY,2019-06-21,315.72,317.08,306.39,308.25,55859071,308.25,-7.470000000000027,-2.37,2026-09-14 16:20:12.306099
SPY,2019-06-24,308.25,313.45,307.35,310.65,20905912,310.65,2.3999999999999773,0.78,2026-09-14 16:20:12.306099
SPY,2019-06-25,310.65,313.92,309.96,313.3,89981323,313.3,2.650000000000034,0.85,2026-09-14 16:20:12.306099
SPY,2019-06-26,313.3,314.02,309.01,311.37,85218756,311.37,-1.9300000000000068,-0.62,2026-09-14 16:20:12.306099
SPY,2019-06-27,311.37,314.16,308.3,311.45,97101566,311.45,0.079999999999984,0.03,2026-09-14 16:20:12.306099
SPY,2019-06-28,311.45,320.91,310.74,319.72,99358306,319.72,8.270000000000039,2.66,2026-09-14 16:20:12.306099
SPY,2019-07-01,319.72,322.11,318.88,320.7,54650697,320.7,0.9799999999999612,0.31,2026-09-14 16:20:12.306099
SPY,2019-07-02,320.7,327.94,319.08,325.31,47755210,325.31,4.610000000000014,1.44,2026-09-14 16:20:12.306099
SPY,2019-07-03,325.31,327.19,316.07,318.55,91230486,318.55,-6.759999999999991,-2.08,2026-09-14 16:20:12.306099
SPY,2019-07-04,318.55,319.97,308.93,311.52,57575385,311.52,-7.03000000000003,-2.21,2026-09-14 16:20:12.306099
SPY,2019-07-05,311.52,313.85,310.28,311.75,53744781,311.75,0.2300000000000182,0.07,2026-09-14 16:20:12.306099
SPY,2019-07-08,311.75,312.71,306.06,308.36,41869282,308.36,-3.3899999999999864,-1.09,2026-09-14 16:20:12.306099
SPY,2019-07-09,308.36,313.31,308.29,310.71,31630604,310.71,2.349999999999966,0.76,2026-09-14 16:20:12.306099
SPY,2019-07-10,310.71,311.04,307.67,308.3,77418051,308.3,-2.409999999999968,-0.78,2026-09-14 16:20:12.306099
SPY,2019-07-11,308.3,310.85,308.19,308.97,20433132,308.97,0.6700000000000159,0.22,2026-09-14 16:20:12.306099
SPY,2019-07-12,308.97,312.85,307.28,309.86,38100175,309.86,0.8899999999999864,0.29,2026-09-14 16:20:12.306099
SPY,2019-07-15,309.86,313.66,307.94,311.88,34111295,311.88,2.019999999999982,0.65,2026-09-14 16:20:12.306099
SPY,2019-07-16,311.88,317.58,309.87,316.02,83492199,316.02,4.139999999999986,1.33,2026-09-14 16:20:12.306099
SPY,2019-07-17,316.02,318.21,309.84,311.35,61004733,311.35,-4.669999999999959,-1.48,2026-09-14 16:20:12.306099
SPY,2019-07-18,311.35,312.08,307.89,310.8,41080500,310.8,-0.5500000000000114,-0.18,2026-09-14 16:20:12.306099
SPY,2019-07-19,310.8,312.54,302.96,305.57,20224393,305.57,-5.230000000000018,-1.68,2026-09-14 16:20:12.306099
SPY,2019-07-22,305.57,306.24,305.13,305.82,87602934,305.82,0.25,0.08,2026-09-14 16:20:12.306099
SPY,2019-07-23,305.82,308.2,304.4,306.33,94083962,306.33,0.5099999999999909,0.17,2026-09-14 16:20:12.306099
SPY,2019-07-24,306.33,308.97,303.84,307.94,30320964,307.94,1.6100000000000136,0.53,2026-09-14 16:20:12.306099
SPY,2019-07-25,307.94,321.36,305.78,318.96,69101380,318.96,11.019999999999982,3.58,2026-09-14 16:20:12.306099
SPY,2019-07-26,318.96,320.73,310.29,313.2,23032879,313.2,-5.759999999999991,-1.81,2026-09-14 16:20:12.306099
SPY,2019-07-29,313.2,322.66,312.24,320.16,49865419,320.16,6.960000000000036,2.22,2026-09-14 16:20:12.306099
SPY,2019-07-30,320.16,321.88,318.78,319.38,25735468,319.38,-0.7800000000000296,-0.24,2026-09-14 16:20:12.306099
SPY,2019-07-31,319.38,322.71,318.94,321.73,85119459,321.73,2.3500000000000227,0.74,2026-09-14 16:20:12.306099
SPY,2019-08-01,321.73,324.32,317.62,320.74,39876526,320.74,-0.9900000000000092,-0.31,2026-09-14 16:20:12.306099
SPY,2019-08-02,320.74,321.35,312.15,314.19,99206213,314.19,-6.550000000000011,-2.04,2026-09-14 16:20:12.306099
SPY,2019-08-05,314.19,314.91,310.89,311.7,33618754,311.7,-2.490000000000009,-0.79,2026-09-14 16:20:12.306099
SPY,2019-08-06,311.7,312.46,306.94,308.52,41490036,308.52,-3.180000000000007,-1.02,2026-09-14 16:20:12.306099
SPY,2019-08-07,308.52,318.91,307.45,317.61,63993480,317.61,9.090000000000032,2.95,2026-09-14 16:20:12.306099
SPY,2019-08-08,317.61,321.37,316.01,319.96,42056067,319.96,2.349999999999966,0.74,2026-09-14 16:20:12.306099
SPY,2019-08-09,319.96,321.57,318.2,319.83,28886062,319.83,-0.1299999999999954,-0.04,2026-09-14 16:20:12.306099
SPY,2019-08-12,319.83,324.37,317.09,321.76,31712211,321.76,1.9300000000000068,0.6,2026-09-14 16:20:12.306099
SPY,2019-08-13,321.76,330.66,319.56,329.48,26851232,329.48,7.720000000000027,2.4,2026-09-14 16:20:12.306099
SPY,2019-08-14,329.48,335.28,326.28,335.07,16190387,335.07,5.589999999999975,1.7,2026-09-14 16:20:12.306099
SPY,2019-08-15,335.07,339.54,334.2,338.69,99520253,338.69,3.620000000000005,1.08,2026-09-14 16:20:12.306099
SPY,2019-08-16,338.69,342.79,335.36,342.38,31839901,342.38,3.6899999999999977,1.09,2026-09-14 16:20:12.306099
SPY,2019-08-19,342.38,349.81,340.79,349.73,92649913,349.73,7.350000000000023,2.15,2026-09-14 16:20:12.306099
SPY,2019-08-20,349.73,352.27,348.44,349.35,29715441,349.35,-0.3799999999999954,-0.11,2026-09-14 16:20:12.306099
SPY,2019-08-21,349.35,351.96,342.17,344.09,28202989,344.09,-5.260000000000048,-1.51,2026-09-14 16:20:12.306099
SPY,2019-08-22,344.09,346.63,341.44,343.5,48029161,343.5,-0.589999999999975,-0.17,2026-09-14 16:20:12.306099
SPY,2019-08-23,343.5,346.12,337.26,337.5,67843216,337.5,-6.0,-1.75,2026-09-14 16:20:12.306099
SPY,2019-08-26,337.5,338.26,332.1,333.71,56817943,333.71,-3.790000000000021,-1.12,2026-09-14 16:20:12.306099
SPY,2019-08-27,333.71,336.72,322.73,324.5,16058661,324.5,-9.20999999999998,-2.76,2026-09-14 16:20:12.306099
SPY,2019-08-28,324.5,326.54,319.21,320.28,79114620,320.28,-4.220000000000027,-1.3,2026-09-14 16:20:12.306099
SPY,2019-08-29,320.28,320.74,315.58,316.31,88847650,316.31,-3.9699999999999696,-1.24,2026-09-14 16:20:12.306099
SPY,2019-08-30,316.31,324.19,315.36,322.52,92673175,322.52,6.20999999999998,1.96,2026-09-14 16:20:12.306099
SPY,2019-09-02,322.52,324.67,320.09,323.38,92220752,323.38,0.8600000000000136,0.27,2026-09-14 16:20:12.306099
SPY,2019-09-03,323.38,324.44,319.69,321.44,46752992,321.44,-1.9399999999999973,-0.6,2026-09-14 16:20:12.306099
SPY,2019-09-04,321.44,323.84,320.76,322.11,42074854,322.11,0.6700000000000159,0.21,2026-09-14 16:20:12.306099
SPY,2019-09-05,322.11,322.28,318.82,319.91,11448650,319.91,-2.1999999999999886,-0.68,2026-09-14 16:20:12.306099
SPY,2019-09-06,319.91,320.29,315.85,316.1,80793371,316.1,-3.8100000000000014,-1.19,2026-09-14 16:20:12.306099
SPY,2019-09-09,316.1,323.8,314.89,321.6,83952951,321.6,5.5,1.74,2026-09-14 16:20:12.306099
SPY,2019-09-10,321.6,321.87,318.96,319.69,93892153,319.69,-1.910000000000025,-0.59,2026-09-14 16:20:12.306099
SPY,2019-09-11,319.69,327.4,319.03,326.47,24115769,326.47,6.78000000000003,2.12,2026-09-14 16:20:12.306099
SPY,2019-09-12,326.47,334.73,323.57,334.04,11798731,334.04,7.569999999999993,2.32,2026-09-14 16:20:12.306099
SPY,2019-09-13,334.04,334.18,331.22,333.98,48317251,333.98,-0.0600000000000022,-0.02,2026-09-14 16:20:12.306099
SPY,2019-09-16,333.98,336.65,330.99,331.84,89022524,331.84,-2.140000000000043,-0.64,2026-09-14 16:20:12.306099
SPY,2019-09-17,331.84,335.13,329.08,331.87,31686526,331.87,0.0300000000000295,0.01,2026-09-14 16:20:12.306099
SPY,2019-09-18,331.87,334.18,329.08,330.12,59185325,330.12,-1.75,-0.53,2026-09-14 16:20:12.306099
SPY,2019-09-19,330.12,340.87,328.99,338.62,14966023,338.62,8.5,2.57,2026-09-14 16:20:12.306099
SPY,2019-09-20,338.62,341.48,329.46,330.46,21666232,330.46,-8.160000000000025,-2.41,2026-09-14 16:20:12.306099
SPY,2019-09-23,330.46,331.19,320.38,322.34,80117121,322.34,-8.120000000000005,-2.46,2026-09-14 16:20:12.306099
SPY,2019-09-24,322.34,323.25,320.88,321.08,38786334,321.08,-1.259999999999991,-0.39,2026-09-14 16:20:12.306099
SPY,2019-09-25,321.08,321.58,316.64,319.69,75017416,319.69,-1.3899999999999864,-0.43,2026-09-14 16:20:12.306099
SPY,2019-09-26,319.69,324.57,318.44,322.85,44411784,322.85,3.160000000000025,0.99,2026-09-14 16:20:12.306099
SPY,2019-09-27,322.85,324.79,322.16,324.44,23471227,324.44,1.589999999999975,0.49,2026-09-14 16:20:12.306099
SPY,2019-09-30,324.44,326.57,319.51,322.72,68599550,322.72,-1.7199999999999704,-0.53,2026-09-14 16:20:12.306099
SPY,2019-10-01,322.72,328.02,321.81,326.14,88507434,326.14,3.419999999999959,1.06,2026-09-14 16:20:12.306099
SPY,2019-10-02,326.14,327.77,323.04,327.43,68516667,327.43,1.2900000000000205,0.4,2026-09-14 16:20:12.306099
SPY,2019-10-03,327.43,327.87,321.78,324.27,31132940,324.27,-3.160000000000025,-0.97,2026-09-14 16:20:12.306099
SPY,2019-10-04,324.27,327.19,318.71,320.03,70348293,320.03,-4.240000000000009,-1.31,2026-09-14 16:20:12.306099
SPY,2019-10-07,320.03,323.38,320.0,320.59,24239374,320.59,0.5600000000000023,0.17,2026-09-14 16:20:12.306099
SPY,2019-10-08,320.59,325.74,319.05,323.92,15873207,323.92,3.330000000000041,1.04,2026-09-14 16:20:12.306099
SPY,2019-10-09,323.92,328.23,322.38,325.13,80777558,325.13,1.2099999999999795,0.37,2026-09-14 16:20:12.306099
SPY,2019-10-10,325.13,334.29,323.31,333.5,88842325,333.5,8.370000000000005,2.57,2026-09-14 16:20:12.306099
SPY,2019-10-11,333.5,334.6,330.18,332.01,13600501,332.01,-1.490000000000009,-0.45,2026-09-14 16:20:12.306099
SPY,2019-10-14,332.01,333.85,331.76,331.78,67420316,331.78,-0.2300000000000182,-0.07,2026-09-14 16:20:12.306099
SPY,2019-10-15,331.78,337.03,329.12,334.62,85491528,334.62,2.840000000000032,0.86,2026-09-14 16:20:12.306099
SPY,2019-10-16,334.62,336.5,331.58,332.6,48215234,332.6,-2.019999999999982,-0.6,2026-09-14 16:20:12.306099
SPY,2019-10-17,332.6,334.95,327.52,327.6,47209337,327.6,-5.0,-1.5,2026-09-14 16:20:12.306099
SPY,2019-10-18,327.6,329.73,326.4,327.53,49850904,327.53,-0.07000000000005,-0.02,2026-09-14 16:20:12.306099
SPY,2019-10-21,327.53,330.55,319.29,321.45,32899096,321.45,-6.079999999999984,-1.86,2026-09-14 16:20:12.306099
SPY,2019-10-22,321.45,323.33,320.58,323.15,19733660,323.15,1.6999999999999886,0.53,2026-09-14 16:20:12.306099
SPY,2019-10-23,323.15,325.21,317.49,319.18,83013598,319.18,-3.9699999999999696,-1.23,2026-09-14 16:20:12.306099
SPY,2019-10-24,319.18,319.93,312.01,313.69,76194056,313.69,-5.490000000000009,-1.72,2026-09-14 16:20:12.306099
SPY,2019-10-25,313.69,315.08,311.88,313.54,59325235,313.54,-0.1499999999999772,-0.05,2026-09-14 16:20:12.306099
SPY,2019-10-28,313.54,316.22,310.2,310.85,12954890,310.85,-2.6899999999999977,-0.86,2026-09-14 16:20:12.306099
SPY,2019-10-29,310.85,319.26,308.85,316.6,52205062,316.6,5.75,1.85,2026-09-14 16:20:12.306099
SPY,2019-10-30,316.6,325.09,315.31,323.89,63200147,323.89,7.289999999999964,2.3,2026-09-14 16:20:12.306099
SPY,2019-10-31,323.89,329.09,320.76,327.27,31374882,327.27,3.3799999999999955,1.04,2026-09-14 16:20:12.306099
SPY,2019-11-01,327.27,328.66,324.95,326.6,74187692,326.6,-0.6699999999999591,-0.2,2026-09-14 16:20:12.306099
SPY,2019-11-04,326.6,333.98,323.38,331.69,32170482,331.69,5.089999999999975,1.56,2026-09-14 16:20:12.306099
SPY,2019-11-05,331.69,337.51,329.08,336.48,26786325,336.48,4.7900000000000205,1.44,2026-09-14 16:20:12.306099
SPY,2019-11-06,336.48,341.41,335.41,340.01,68183028,340.01,3.5299999999999727,1.05,2026-09-14 16:20:12.306099
SPY,2019-11-07,340.01,341.48,338.15,341.0,17956064,341.0,0.9900000000000092,0.29,2026-09-14 16:20:12.306099
SPY,2019-11-08,341.0,351.23,339.03,350.14,59939109,350.14,9.139999999999986,2.68,2026-09-14 16:20:12.306099
SPY,2019-11-11,350.14,353.01,349.26,349.92,76904422,349.92,-0.2199999999999704,-0.06,2026-09-14 16:20:12.306099
SPY,2019-11-12,349.92,352.45,348.71,352.17,12492941,352.17,2.25,0.64,2026-09-14 16:20:12.306099
SPY,2019-11-13,352.17,353.17,348.36,349.21,91015639,349.21,-2.9600000000000364,-0.84,2026-09-14 16:20:12.306099
SPY,2019-11-14,349.21,351.23,345.71,348.27,99964118,348.27,-0.9399999999999976,-0.27,2026-09-14 16:20:12.306099
SPY,2019-11-15,348.27,353.1,346.0,351.27,92850239,351.27,3.0,0.86,2026-09-14 16:20:12.306099
SPY,2019-11-18,351.27,353.48,348.76,353.25,32674197,353.25,1.9800000000000184,0.56,2026-09-14 16:20:12.306099
SPY,2019-11-19,353.25,355.19,350.62,353.08,24330504,353.08,-0.1700000000000159,-0.05,2026-09-14 16:20:12.306099
SPY,2019-11-20,353.08,355.61,350.56,351.09,86473762,351.09,-1.990000000000009,-0.56,2026-09-14 16:20:12.306099
SPY,2019-11-21,351.09,358.79,350.81,356.7,95905111,356.7,5.610000000000014,1.6,2026-09-14 16:20:12.306099
SPY,2019-11-22,356.7,358.36,354.34,357.68,81380549,357.68,0.9800000000000182,0.27,2026-09-14 16:20:12.306099
SPY,2019-11-25,357.68,362.85,354.63,360.76,55604268,360.76,3.079999999999984,0.86,2026-09-14 16:20:12.306099
SPY,2019-11-26,360.76,364.72,357.45,364.54,97949624,364.54,3.7800000000000296,1.05,2026-09-14 16:20:12.306099
SPY,2019-11-27,364.54,367.24,362.28,365.66,90391445,365.66,1.1200000000000043,0.31,2026-09-14 16:20:12.306099
SPY,2019-11-28,365.66,366.88,359.79,362.68,46900410,362.68,-2.980000000000018,-0.81,2026-09-14 16:20:12.306099
SPY,2019-11-29,362.68,373.69,359.15,371.61,22737810,371.61,8.930000000000007,2.46,2026-09-14 16:20:12.306099
SPY,2019-12-02,371.61,373.7,366.69,370.03,20614792,370.03,-1.580000000000041,-0.43,2026-09-14 16:20:12.306099
SPY,2019-12-03,370.03,374.36,367.12,371.24,10894449,371.24,1.2100000000000364,0.33,2026-09-14 16:20:12.306099
SPY,2019-12-04,371.24,371.67,365.11,365.67,73565893,365.67,-5.569999999999993,-1.5,2026-09-14 16:20:12.306099
SPY,2019-12-05,365.67,370.39,365.29,368.06,31959693,368.06,2.3899999999999864,0.65,2026-09-14 16:20:12.306099
SPY,2019-12-06,368.06,368.52,364.76,367.88,27505466,367.88,-0.1800000000000068,-0.05,2026-09-14 16:20:12.306099
SPY,2019-12-09,367.88,370.55,367.26,367.73,46928750,367.73,-0.1499999999999772,-0.04,2026-09-14 16:20:12.306099
SPY,2019-12-10,367.73,368.69,365.68,368.39,53214760,368.39,0.6599999999999682,0.18,2026-09-14 16:20:12.306099
SPY,2019-12-11,368.39,373.22,367.08,372.4,69368980,372.4,4.009999999999991,1.09,2026-09-14 16:20:12.306099
SPY,2019-12-12,372.4,372.83,369.35,370.4,19572073,370.4,-2.0,-0.54,2026-09-14 16:20:12.306099
SPY,2019-12-13,370.4,374.05,367.38,369.06,58031560,369.06,-1.339999999999975,-0.36,2026-09-14 16:20:12.306099
SPY,2019-12-16,369.06,369.25,366.29,369.22,75137768,369.22,0.160000000000025,0.04,2026-09-14 16:20:12.306099
SPY,2019-12-17,369.22,369.3,364.85,365.36,74092694,365.36,-3.8600000000000136,-1.05,2026-09-14 16:20:12.306099
SPY,2019-12-18,365.36,369.36,364.26,369.12,17894523,369.12,3.759999999999991,1.03,2026-09-14 16:20:12.306099
SPY,2019-12-19,369.12,372.36,359.8,362.11,44703753,362.11,-7.009999999999991,-1.9,2026-09-14 16:20:12.306099
SPY,2019-12-20,362.11,364.75,359.24,362.47,55981661,362.47,0.3600000000000136,0.1,2026-09-14 16:20:12.306099
SPY,2019-12-23,362.47,369.46,360.28,368.39,82724734,368.39,5.919999999999959,1.63,2026-09-14 16:20:12.306099
SPY,2019-12-24,368.39,372.95,366.94,369.46,72940845,369.46,1.0699999999999932,0.29,2026-09-14 16:20:12.306099
SPY,2019-12-25,369.46,374.29,368.78,371.87,47930606,371.87,2.410000000000025,0.65,2026-09-14 16:20:12.306099
SPY,2019-12-26,371.87,374.89,367.52,369.35,23216079,369.35,-2.519999999999982,-0.68,2026-09-14 16:20:12.306099
SPY,2019-12-27,369.35,369.86,368.53,368.79,91586024,368.79,-0.5600000000000023,-0.15,2026-09-14 16:20:12.306099
SPY,2019-12-30,368.79,369.12,362.31,364.93,16676335,364.93,-3.8600000000000136,-1.05,2026-09-14 16:20:12.306099
SPY,2019-12-31,364.93,366.96,364.32,366.12,58019428,366.12,1.1899999999999975,0.33,2026-09-14 16:20:12.306099
SPY,2020-01-01,366.12,367.9,358.69,361.66,92564823,361.66,-4.45999999999998,-1.22,2026-09-14 16:20:12.306099
SPY,2020-01-02,361.66,366.75,358.3,363.27,84926515,363.27,1.6099999999999568,0.45,2026-09-14 16:20:12.306099
SPY,2020-01-03,363.27,363.91,359.72,362.36,86097613,362.36,-0.9099999999999682,-0.25,2026-09-14 16:20:12.306099
SPY,2020-01-06,362.36,364.69,354.94,357.91,73644957,357.91,-4.449999999999989,-1.23,2026-09-14 16:20:12.306099
SPY,2020-01-07,357.91,358.76,356.27,358.59,13046150,358.59,0.67999999999995,0.19,2026-09-14 16:20:12.306099
SPY,2020-01-08,358.59,360.53,351.7,351.87,92189834,351.87,-6.71999999999997,-1.87,2026-09-14 16:20:12.306099
SPY,2020-01-09,351.87,356.62,351.35,354.14,86283572,354.14,2.269999999999982,0.65,2026-09-14 16:20:12.306099
SPY,2020-01-10,354.14,362.04,351.84,360.03,58590842,360.03,5.889999999999986,1.66,2026-09-14 16:20:12.306099
SPY,2020-01-13,360.03,362.71,352.89,355.76,37554945,355.76,-4.269999999999982,-1.19,2026-09-14 16:20:12.306099
SPY,2020-01-14,355.76,357.02,352.28,353.24,38028737,353.24,-2.519999999999982,-0.71,2026-09-14 16:20:12.306099
SPY,2020-01-15,353.24,354.36,347.85,350.81,60503741,350.81,-2.430000000000007,-0.69,2026-09-14 16:20:12.306099
SPY,2020-01-16,350.81,363.32,348.66,363.01,18642186,363.01,12.199999999999989,3.48,2026-09-14 16:20:12.306099
SPY,2020-01-17,363.01,364.4,353.3,355.72,77090033,355.72,-7.289999999999964,-2.01,2026-09-14 16:20:12.306099
SPY,2020-01-20,355.72,356.41,346.18,347.64,31778857,347.64,-8.080000000000041,-2.27,2026-09-14 16:20:12.306099
SPY,2020-01-21,347.64,353.15,344.76,351.34,98314483,351.34,3.6999999999999886,1.06,2026-09-14 16:20:12.306099
SPY,2020-01-22,351.34,354.7,348.6,351.5,23421107,351.5,0.160000000000025,0.05,2026-09-14 16:20:12.306099
SPY,2020-01-23,351.5,353.19,345.87,348.34,73235044,348.34,-3.160000000000025,-0.9,2026-09-14 16:20:12.306099
SPY,2020-01-24,348.34,350.99,344.33,347.19,38882074,347.19,-1.1499999999999773,-0.33,2026-09-14 16:20:12.306099
SPY,2020-01-27,347.19,353.59,344.5,351.26,87299315,351.26,4.069999999999993,1.17,2026-09-14 16:20:12.306099
SPY,2020-01-28,351.26,352.44,344.28,347.18,92978379,347.18,-4.079999999999984,-1.16,2026-09-14 16:20:12.306099
SPY,2020-01-29,347.18,348.85,345.82,346.69,57252474,346.69,-0.4900000000000091,-0.14,2026-09-14 16:20:12.306099
SPY,2020-01-30,346.69,349.76,343.33,345.29,45285971,345.29,-1.3999999999999773,-0.4,2026-09-14 16:20:12.306099
SPY,2020-01-31,345.29,348.51,334.49,336.55,30608146,336.55,-8.740000000000009,-2.53,2026-09-14 16:20:12.306099
SPY,2020-02-03,336.55,338.12,335.5,336.55,76266956,336.55,0.0,0.0,2026-09-14 16:20:12.306099
SPY,2020-02-04,336.55,338.2,333.69,335.17,52017640,335.17,-1.3799999999999957,-0.41,2026-09-14 16:20:12.306099
SPY,2020-02-05,335.17,341.91,334.69,339.59,35949259,339.59,4.419999999999959,1.32,2026-09-14 16:20:12.306099
SPY,2020-02-06,339.59,343.98,339.43,340.88,16602901,340.88,1.2900000000000205,0.38,2026-09-14 16:20:12.306099
SPY,2020-02-07,340.88,341.39,333.72,337.02,84539991,337.02,-3.8600000000000136,-1.13,2026-09-14 16:20:12.306099
SPY,2020-02-10,337.02,339.65,333.72,339.3,32934051,339.3,2.2800000000000296,0.68,2026-09-14 16:20:12.306099
SPY,2020-02-11,339.3,340.1,335.66,337.69,85602568,337.69,-1.6100000000000136,-0.47,2026-09-14 16:20:12.306099
SPY,2020-02-12,337.69,340.84,335.68,340.68,69491497,340.68,2.990000000000009,0.89,2026-09-14 16:20:12.306099
SPY,2020-02-13,340.68,344.74,338.55,342.13,10859245,342.13,1.4499999999999886,0.43,2026-09-14 16:20:12.306099
SPY,2020-02-14,342.13,343.66,339.51,340.3,17757796,340.3,-1.829999999999984,-0.53,2026-09-14 16:20:12.306099
SPY,2020-02-17,340.3,348.15,339.29,347.08,81388102,347.08,6.779999999999973,1.99,2026-09-14 16:20:12.306099
SPY,2020-02-18,347.08,347.54,343.89,346.35,75113380,346.35,-0.7299999999999613,-0.21,2026-09-14 16:20:12.306099
SPY,2020-02-19,346.35,350.0,345.36,346.55,15261007,346.55,0.1999999999999886,0.06,2026-09-14 16:20:12.306099
SPY,2020-02-20,346.55,347.66,344.39,346.11,17040795,346.11,-0.4399999999999977,-0.13,2026-09-14 16:20:12.306099
SPY,2020-02-21,346.11,353.72,343.35,350.56,70522170,350.56,4.449999999999989,1.29,2026-09-14 16:20:12.306099
SPY,2020-02-24,350.56,354.34,348.83,351.77,46161983,351.77,1.2099999999999795,0.35,2026-09-14 16:20:12.306099
SPY,2020-02-25,351.77,354.23,349.79,353.88,52526627,353.88,2.1100000000000136,0.6,2026-09-14 16:20:12.306099
SPY,2020-02-26,353.88,359.18,351.09,358.22,33004364,358.22,4.340000000000032,1.23,2026-09-14 16:20:12.306099
SPY,2020-02-27,358.22,360.81,357.61,360.23,78071114,360.23,2.009999999999991,0.56,2026-09-14 16:20:12.306099
SPY,2020-02-28,360.23,363.02,356.7,361.98,52830362,361.98,1.75,0.49,2026-09-14 16:20:12.306099
SPY,2020-03-02,361.98,364.3,353.56,354.26,43240788,354.26,-7.720000000000027,-2.13,2026-09-14 16:20:12.306099
SPY,2020-03-03,354.26,355.07,352.09,352.91,64708237,352.91,-1.349999999999966,-0.38,2026-09-14 16:20:12.306099
SPY,2020-03-04,352.91,362.24,350.89,361.78,50440426,361.78,8.869999999999948,2.51,2026-09-14 16:20:12.306099
SPY,2020-03-05,361.78,361.87,354.69,357.2,86490067,357.2,-4.579999999999984,-1.27,2026-09-14 16:20:12.306099
SPY,2020-03-06,357.2,360.21,354.0,355.42,17103183,355.42,-1.7799999999999727,-0.5,2026-09-14 16:20:12.306099
SPY,2020-03-09,355.42,357.01,352.23,355.31,40124486,355.31,-0.1100000000000136,-0.03,2026-09-14 16:20:12.306099
SPY,2020-03-10,355.31,360.22,354.42,357.05,67820188,357.05,1.740000000000009,0.49,2026-09-14 16:20:12.306099
SPY,2020-03-11,357.05,365.87,356.37,362.42,75154445,362.42,5.3700000000000045,1.5,2026-09-14 16:20:12.306099
SPY,2020-03-12,362.42,365.96,355.75,359.32,81432829,359.32,-3.1000000000000227,-0.86,2026-09-14 16:20:12.306099
SPY,2020-03-13,359.32,361.01,351.84,354.88,67463496,354.88,-4.439999999999998,-1.24,2026-09-14 16:20:12.306099
SPY,2020-03-16,354.88,357.71,353.58,354.69,27555884,354.69,-0.1899999999999977,-0.05,2026-09-14 16:20:12.306099
SPY,2020-03-17,354.69,357.15,346.45,348.12,13946338,348.12,-6.569999999999993,-1.85,2026-09-14 16:20:12.306099
SPY,2020-03-18,348.12,348.28,339.93,341.32,51605593,341.32,-6.800000000000011,-1.95,2026-09-14 16:20:12.306099
SPY,2020-03-19,341.32,341.8,338.7,341.25,86443500,341.25,-0.0699999999999931,-0.02,2026-09-14 16:20:12.306099
SPY,2020-03-20,341.25,350.42,340.37,347.12,24465708,347.12,5.8700000000000045,1.72,2026-09-14 16:20:12.306099
SPY,2020-03-23,347.12,349.63,344.78,345.34,94436328,345.34,-1.7800000000000296,-0.51,2026-09-14 16:20:12.306099
SPY,2020-03-24,345.34,356.32,343.84,353.47,76136127,353.47,8.130000000000052,2.35,2026-09-14 16:20:12.306099
SPY,2020-03-25,353.47,356.93,350.74,355.01,31433819,355.01,1.5399999999999636,0.44,2026-09-14 16:20:12.306099
SPY,2020-03-26,355.01,357.99,352.36,355.44,31434670,355.44,0.4300000000000068,0.12,2026-09-14 16:20:12.306099
SPY,2020-03-27,355.44,355.7,341.98,344.2,23500214,344.2,-11.240000000000007,-3.16,2026-09-14 16:20:12.306099
SPY,2020-03-30,344.2,347.51,339.4,339.49,75255182,339.49,-4.70999999999998,-1.37,2026-09-14 16:20:12.306099
SPY,2020-03-31,339.49,341.18,338.68,340.02,84749106,340.02,0.5299999999999727,0.16,2026-09-14 16:20:12.306099
SPY,2020-04-01,340.02,341.08,339.11,340.95,50382861,340.95,0.9300000000000068,0.27,2026-09-14 16:20:12.306099
SPY,2020-04-02,340.95,342.29,338.12,341.99,94058190,341.99,1.0400000000000205,0.31,2026-09-14 16:20:12.306099
SPY,2020-04-03,341.99,346.77,339.68,343.83,63256924,343.83,1.839999999999975,0.54,2026-09-14 16:20:12.306099
SPY,2020-04-06,343.83,347.27,341.94,345.64,34719927,345.64,1.8100000000000025,0.53,2026-09-14 16:20:12.306099
SPY,2020-04-07,345.64,352.49,344.79,351.93,53192885,351.93,6.2900000000000205,1.82,2026-09-14 16:20:12.306099
SPY,2020-04-08,351.93,352.98,351.26,352.13,87480745,352.13,0.1999999999999886,0.06,2026-09-14 16:20:12.306099
SPY,2020-04-09,352.13,353.46,345.77,348.72,84264443,348.72,-3.409999999999968,-0.97,2026-09-14 16:20:12.306099
SPY,2020-04-10,348.72,350.7,342.35,343.4,58675138,343.4,-5.32000000000005,-1.53,2026-09-14 16:20:12.306099
SPY,2020-04-13,343.4,343.42,335.9,337.64,36255910,337.64,-5.759999999999991,-1.68,2026-09-14 16:20:12.306099
SPY,2020-04-14,337.64,340.15,334.88,339.78,58930160,339.78,2.1399999999999864,0.63,2026-09-14 16:20:12.306099
SPY,2020-04-15,339.78,346.21,339.65,343.56,63354105,343.56,3.7800000000000296,1.11,2026-09-14 16:20:12.306099
SPY,2020-04-16,343.56,343.7,342.59,343.45,16942639,343.45,-0.1100000000000136,-0.03,2026-09-14 16:20:12.306099
SPY,2020-04-17,343.45,345.87,338.73,339.04,19828646,339.04,-4.409999999999968,-1.28,2026-09-14 16:20:12.306099
SPY,2020-04-20,339.04,339.72,337.69,338.72,71585214,338.72,-0.3199999999999932,-0.09,2026-09-14 16:20:12.306099
SPY,2020-04-21,338.72,343.35,338.64,340.12,86422826,340.12,1.3999999999999773,0.41,2026-09-14 16:20:12.306099
SPY,2020-04-22,340.12,345.33,338.84,344.81,97555739,344.81,4.689999999999998,1.38,2026-09-14 16:20:12.306099
SPY,2020-04-23,344.81,345.01,340.34,343.57,22920539,343.57,-1.240000000000009,-0.36,2026-09-14 16:20:12.306099
SPY,2020-04-24,343.57,343.73,338.54,341.36,23771728,341.36,-2.2099999999999795,-0.64,2026-09-14 16:20:12.306099
SPY,2020-04-27,341.36,344.59,337.26,339.33,35687724,339.33,-2.0300000000000296,-0.59,2026-09-14 16:20:12.306099
SPY,2020-04-28,339.33,342.54,337.66,341.71,40116020,341.71,2.3799999999999955,0.7,2026-09-14 16:20:12.306099
SPY,2020-04-29,341.71,344.31,329.33,330.49,22952172,330.49,-11.21999999999997,-3.28,2026-09-14 16:20:12.306099
SPY,2020-04-30,330.49,332.99,326.26,328.85,80699586,328.85,-1.6399999999999864,-0.5,2026-09-14 16:20:12.306099
SPY,2020-05-01,328.85,331.56,320.13,323.27,66411314,323.27,-5.580000000000041,-1.7,2026-09-14 16:20:12.306099
SPY,2020-05-04,323.27,331.19,322.63,329.19,17679362,329.19,5.920000000000016,1.83,2026-09-14 16:20:12.306099
SPY,2020-05-05,329.19,330.39,325.82,328.14,42676904,328.14,-1.0500000000000114,-0.32,2026-09-14 16:20:12.306099
SPY,2020-05-06,328.14,331.15,326.07,328.0,28968226,328.0,-0.1399999999999863,-0.04,2026-09-14 16:20:12.306099
SPY,2020-05-07,328.0,328.41,324.87,327.84,30718772,327.84,-0.160000000000025,-0.05,2026-09-14 16:20:12.306099
SPY,2020-05-08,327.84,328.71,322.34,324.93,10940693,324.93,-2.909999999999968,-0.89,2026-09-14 16:20:12.306099
SPY,2020-05-11,324.93,333.44,323.85,332.22,99294066,332.22,7.29000000000002,2.24,2026-09-14 16:20:12.306099
SPY,2020-05-12,332.22,340.11,329.72,339.24,21661189,339.24,7.019999999999982,2.11,2026-09-14 16:20:12.306099
SPY,2020-05-13,339.24,340.69,335.97,336.61,34553843,336.61,-2.6299999999999955,-0.78,2026-09-14 16:20:12.306099
SPY,2020-05-14,336.61,339.75,333.35,334.38,22856579,334.38,-2.230000000000018,-0.66,2026-09-14 16:20:12.306099
SPY,2020-05-15,334.38,338.76,334.06,338.04,70155542,338.04,3.660000000000025,1.09,2026-09-14 16:20:12.306099
SPY,2020-05-18,338.04,341.44,336.14,338.62,32213657,338.62,0.5799999999999841,0.17,2026-09-14 16:20:12.306099
SPY,2020-05-19,338.62,339.51,332.43,334.21,61447970,334.21,-4.410000000000025,-1.3,2026-09-14 16:20:12.306099
SPY,2020-05-20,334.21,336.03,331.59,334.48,16231930,334.48,0.2700000000000386,0.08,2026-09-14 16:20:12.306099
SPY,2020-05-21,334.48,335.1,330.46,333.25,54516860,333.25,-1.2300000000000182,-0.37,2026-09-14 16:20:12.306099
SPY,2020-05-22,333.25,334.45,328.19,331.24,85124255,331.24,-2.009999999999991,-0.6,2026-09-14 16:20:12.306099
SPY,2020-05-25,331.24,341.26,329.28,339.97,30890977,339.97,8.730000000000018,2.64,2026-09-14 16:20:12.306099
SPY,2020-05-26,339.97,342.5,337.15,341.61,73404840,341.61,1.6399999999999864,0.48,2026-09-14 16:20:12.306099
SPY,2020-05-27,341.61,343.86,340.34,341.45,24008765,341.45,-0.160000000000025,-0.05,2026-09-14 16:20:12.306099
SPY,2020-05-28,341.45,347.28,340.68,346.34,71052040,346.34,4.889999999999986,1.43,2026-09-14 16:20:12.306099
SPY,2020-05-29,346.34,347.93,339.42,342.81,90191854,342.81,-3.5299999999999727,-1.02,2026-09-14 16:20:12.306099
SPY,2020-06-01,342.81,350.78,339.69,349.18,29823778,349.18,6.3700000000000045,1.86,2026-09-14 16:20:12.306099
SPY,2020-06-02,349.18,352.48,346.36,349.07,84909250,349.07,-0.1100000000000136,-0.03,2026-09-14 16:20:12.306099
SPY,2020-06-03,349.07,349.96,346.63,349.36,82252116,349.36,0.2900000000000204,0.08,2026-09-14 16:20:12.306099
SPY,2020-06-04,349.36,356.13,348.73,355.98,76726258,355.98,6.6200000000000045,1.89,2026-09-14 16:20:12.306099
SPY,2020-06-05,355.98,359.15,352.35,353.47,65956965,353.47,-2.509999999999991,-0.71,2026-09-14 16:20:12.306099
SPY,2020-06-08,353.47,358.3,351.51,354.98,77354681,354.98,1.509999999999991,0.43,2026-09-14 16:20:12.306099
SPY,2020-06-09,354.98,356.0,354.76,355.71,83319435,355.71,0.7299999999999613,0.21,2026-09-14 16:20:12.306099
SPY,2020-06-10,355.71,358.64,352.68,353.62,58714484,353.62,-2.089999999999975,-0.59,2026-09-14 16:20:12.306099
SPY,2020-06-11,353.62,353.8,350.86,352.78,43040836,352.78,-0.8400000000000318,-0.24,2026-09-14 16:20:12.306099
SPY,2020-06-12,352.78,354.9,349.7,350.8,60742488,350.8,-1.979999999999961,-0.56,2026-09-14 16:20:12.306099
SPY,2020-06-15,350.8,351.11,349.04,350.26,18095256,350.26,-0.5400000000000205,-0.15,2026-09-14 16:20:12.306099
SPY,2020-06-16,350.26,350.44,347.96,350.03,17587474,350.03,-0.2300000000000182,-0.07,2026-09-14 16:20:12.306099
SPY,2020-06-17,350.03,362.36,350.0,359.63,61592067,359.63,9.600000000000025,2.74,2026-09-14 16:20:12.306099
SPY,2020-06-18,359.63,360.79,356.08,360.39,51132087,360.39,0.7599999999999909,0.21,2026-09-14 16:20:12.306099
SPY,2020-06-19,360.39,365.19,357.09,362.11,59354509,362.11,1.7200000000000273,0.48,2026-09-14 16:20:12.306099
SPY,2020-06-22,362.11,369.58,359.45,366.72,54506990,366.72,4.610000000000014,1.27,2026-09-14 16:20:12.306099
SPY,2020-06-23,366.72,368.65,362.09,363.03,10366040,363.03,-3.690000000000055,-1.01,2026-09-14 16:20:12.306099
SPY,2020-06-24,363.03,363.33,357.99,358.21,52230180,358.21,-4.819999999999993,-1.33,2026-09-14 16:20:12.306099
SPY,2020-06-25,358.21,358.59,351.03,351.99,84707034,351.99,-6.21999999999997,-1.74,2026-09-14 16:20:12.306099
SPY,2020-06-26,351.99,354.67,347.8,349.7,64353818,349.7,-2.2900000000000205,-0.65,2026-09-14 16:20:12.306099
SPY,2020-06-29,349.7,351.53,347.53,350.29,12409137,350.29,0.5900000000000318,0.17,2026-09-14 16:20:12.306099
SPY,2020-06-30,350.29,351.65,344.94,347.28,55862990,347.28,-3.010000000000048,-0.86,2026-09-14 16:20:12.306099
SPY,2020-07-01,347.28,353.64,347.17,351.09,91154117,351.09,3.8100000000000014,1.1,2026-09-14 16:20:12.306099
SPY,2020-07-02,351.09,356.69,349.39,355.72,37733495,355.72,4.630000000000052,1.32,2026-09-14 16:20:12.306099
SPY,2020-07-03,355.72,357.09,353.42,354.82,92072083,354.82,-0.9000000000000341,-0.25,2026-09-14 16:20:12.306099
SPY,2020-07-06,354.82,363.88,352.6,363.38,81500296,363.38,8.560000000000002,2.41,2026-09-14 16:20:12.306099
SPY,2020-07-07,363.38,365.29,356.75,359.0,55937504,359.0,-4.379999999999996,-1.21,2026-09-14 16:20:12.306099
SPY,2020-07-08,359.0,367.99,356.69,366.13,81423049,366.13,7.129999999999996,1.99,2026-09-14 16:20:12.306099
SPY,2020-07-09,366.13,366.29,361.82,365.38,75903323,365.38,-0.75,-0.2,2026-09-14 16:20:12.306099
SPY,2020-07-10,365.38,365.98,364.77,365.91,10877301,365.91,0.5300000000000296,0.15,2026-09-14 16:20:12.306099
SPY,2020-07-13,365.91,368.87,365.33,366.83,67587157,366.83,0.9199999999999592,0.25,2026-09-14 16:20:12.306099
SPY,2020-07-14,366.83,370.47,359.32,362.34,49949551,362.34,-4.490000000000009,-1.22,2026-09-14 16:20:12.306099
SPY,2020-07-15,362.34,366.49,361.77,364.66,86897275,364.66,2.32000000000005,0.64,2026-09-14 16:20:12.306099
SPY,2020-07-16,364.66,366.99,359.43,360.23,23784336,360.23,-4.430000000000007,-1.21,2026-09-14 16:20:12.306099
SPY,2020-07-17,360.23,360.87,354.2,354.46,66304468,354.46,-5.770000000000039,-1.6,2026-09-14 16:20:12.306099
SPY,2020-07-20,354.46,354.89,351.23,351.96,80988741,351.96,-2.5,-0.71,2026-09-14 16:20:12.306099
SPY,2020-07-21,351.96,353.64,346.3,349.06,38746010,349.06,-2.8999999999999773,-0.82,2026-09-14 16:20:12.306099
SPY,2020-07-22,349.06,354.03,346.12,352.07,79831098,352.07,3.009999999999991,0.86,2026-09-14 16:20:12.306099
SPY,2020-07-23,352.07,352.6,346.92,349.75,12951331,349.75,-2.319999999999993,-0.66,2026-09-14 16:20:12.306099
SPY,2020-07-24,349.75,353.5,349.48,351.83,71970509,351.83,2.079999999999984,0.59,2026-09-14 16:20:12.306099
SPY,2020-07-27,351.83,363.83,351.09,360.73,10206961,360.73,8.900000000000034,2.53,2026-09-14 16:20:12.306099
SPY,2020-07-28,360.73,361.94,358.38,360.97,42637890,360.97,0.2400000000000091,0.07,2026-09-14 16:20:12.306099
SPY,2020-07-29,360.97,371.21,360.58,367.6,41960830,367.6,6.629999999999996,1.84,2026-09-14 16:20:12.306099
SPY,2020-07-30,367.6,370.0,366.39,367.56,97331210,367.56,-0.0400000000000204,-0.01,2026-09-14 16:20:12.306099
SPY,2020-07-31,367.56,367.59,367.49,367.51,94690839,367.51,-0.0500000000000113,-0.01,2026-09-14 16:20:12.306099
SPY,2020-08-03,367.51,372.49,367.35,369.49,23222539,369.49,1.9800000000000184,0.54,2026-09-14 16:20:12.306099
SPY,2020-08-04,369.49,385.2,369.29,381.41,25087327,381.41,11.920000000000016,3.23,2026-09-14 16:20:12.306099
SPY,2020-08-05,381.41,392.69,379.86,390.62,27502078,390.62,9.20999999999998,2.41,2026-09-14 16:20:12.306099
SPY,2020-08-06,390.62,391.29,384.64,385.66,39186831,385.66,-4.95999999999998,-1.27,2026-09-14 16:20:12.306099
SPY,2020-08-07,385.66,388.81,384.34,386.74,64706275,386.74,1.079999999999984,0.28,2026-09-14 16:20:12.306099
SPY,2020-08-10,386.74,387.19,377.4,380.72,55868686,380.72,-6.019999999999982,-1.56,2026-09-14 16:20:12.306099
SPY,2020-08-11,380.72,385.2,378.45,385.14,80425389,385.14,4.419999999999959,1.16,2026-09-14 16:20:12.306099
SPY,2020-08-12,385.14,390.08,384.54,387.03,97453268,387.03,1.8899999999999864,0.49,2026-09-14 16:20:12.306099
SPY,2020-08-13,387.03,388.06,377.54,379.49,10467597,379.49,-7.539999999999964,-1.95,2026-09-14 16:20:12.306099
SPY,2020-08-14,379.49,380.23,374.85,377.68,78197804,377.68,-1.8100000000000025,-0.48,2026-09-14 16:20:12.306099
SPY,2020-08-17,377.68,390.36,376.5,388.72,84471577,388.72,11.04000000000002,2.92,2026-09-14 16:20:12.306099
SPY,2020-08-18,388.72,391.17,388.28,389.23,29654474,389.23,0.5099999999999909,0.13,2026-09-14 16:20:12.306099
SPY,2020-08-19,389.23,393.65,385.94,390.92,99357424,390.92,1.6899999999999975,0.43,2026-09-14 16:20:12.306099
SPY,2020-08-20,390.92,395.17,387.92,393.38,38910427,393.38,2.4599999999999795,0.63,2026-09-14 16:20:12.306099
SPY,2020-08-21,393.38,396.86,392.45,394.19,35163095,394.19,0.8100000000000023,0.21,2026-09-14 16:20:12.306099
SPY,2020-08-24,394.19,405.02,393.13,402.69,28735100,402.69,8.5,2.16,2026-09-14 16:20:12.306099
SPY,2020-08-25,402.69,408.42,399.12,405.14,91424975,405.14,2.4499999999999886,0.61,2026-09-14 16:20:12.306099
SPY,2020-08-26,405.14,411.25,404.75,410.68,54924789,410.68,5.5400000000000205,1.37,2026-09-14 16:20:12.306099
SPY,2020-08-27,410.68,415.59,409.77,412.56,93785470,412.56,1.879999999999996,0.46,2026-09-14 16:20:12.306099
SPY,2020-08-28,412.56,414.95,405.61,409.14,57110329,409.14,-3.420000000000016,-0.83,2026-09-14 16:20:12.306099
SPY,2020-08-31,409.14,412.67,405.91,409.61,82994343,409.61,0.4700000000000273,0.11,2026-09-14 16:20:12.306099
SPY,2020-09-01,409.61,411.74,406.31,410.25,62173935,410.25,0.6399999999999864,0.16,2026-09-14 16:20:12.306099
SPY,2020-09-02,410.25,411.94,405.04,405.86,51123751,405.86,-4.389999999999986,-1.07,2026-09-14 16:20:12.306099
SPY,2020-09-03,405.86,407.04,396.83,397.91,21770575,397.91,-7.949999999999989,-1.96,2026-09-14 16:20:12.306099
SPY,2020-09-04,397.91,399.06,387.34,390.02,22161212,390.02,-7.890000000000043,-1.98,2026-09-14 16:20:12.306099
SPY,2020-09-07,390.02,390.26,381.11,381.27,83272912,381.27,-8.75,-2.24,2026-09-14 16:20:12.306099
SPY,2020-09-08,381.27,386.61,377.97,383.68,17793653,383.68,2.410000000000025,0.63,2026-09-14 16:20:12.306099
SPY,2020-09-09,383.68,386.75,380.73,384.95,65418155,384.95,1.2699999999999818,0.33,2026-09-14 16:20:12.306099
SPY,2020-09-10,384.95,385.97,381.35,381.8,47138599,381.8,-3.1499999999999773,-0.82,2026-09-14 16:20:12.306099
SPY,2020-09-11,381.8,392.35,381.66,388.53,63113424,388.53,6.729999999999961,1.76,2026-09-14 16:20:12.306099
SPY,2020-09-14,388.53,388.62,384.05,385.32,48063468,385.32,-3.2099999999999795,-0.83,2026-09-14 16:20:12.306099
SPY,2020-09-15,385.32,389.86,385.18,388.95,36445880,388.95,3.629999999999996,0.94,2026-09-14 16:20:12.306099
SPY,2020-09-16,388.95,392.1,382.07,382.76,68167014,382.76,-6.189999999999998,-1.59,2026-09-14 16:20:12.306099
SPY,2020-09-17,382.76,388.54,382.27,387.87,11993164,387.87,5.110000000000014,1.34,2026-09-14 16:20:12.306099
SPY,2020-09-18,387.87,392.4,384.71,389.23,58640686,389.23,1.3600000000000136,0.35,2026-09-14 16:20:12.306099
SPY,2020-09-21,389.23,398.21,388.47,395.02,22586859,395.02,5.789999999999964,1.49,2026-09-14 16:20:12.306099
SPY,2020-09-22,395.02,400.78,392.2,397.39,66212765,397.39,2.3700000000000045,0.6,2026-09-14 16:20:12.306099
SPY,2020-09-23,397.39,405.68,395.86,405.1,83270370,405.1,7.710000000000036,1.94,2026-09-14 16:20:12.306099
SPY,2020-09-24,405.1,409.58,404.6,407.49,98066559,407.49,2.3899999999999864,0.59,2026-09-14 16:20:12.306099
SPY,2020-09-25,407.49,408.79,404.8,405.28,11136665,405.28,-2.2100000000000364,-0.54,2026-09-14 16:20:12.306099
SPY,2020-09-28,405.28,407.76,401.67,402.62,24578808,402.62,-2.659999999999968,-0.66,2026-09-14 16:20:12.306099
SPY,2020-09-29,402.62,406.91,401.39,405.15,29640957,405.15,2.5299999999999727,0.63,2026-09-14 16:20:12.306099
SPY,2020-09-30,405.15,422.37,403.71,418.26,72831770,418.26,13.110000000000014,3.24,2026-09-14 16:20:12.306099
SPY,2020-10-01,418.26,429.49,414.46,429.37,54923409,429.37,11.110000000000014,2.66,2026-09-14 16:20:12.306099
SPY,2020-10-02,429.37,431.69,423.37,424.4,80401729,424.4,-4.970000000000027,-1.16,2026-09-14 16:20:12.306099
SPY,2020-10-05,424.4,424.81,411.97,414.3,96132358,414.3,-10.099999999999966,-2.38,2026-09-14 16:20:12.306099
SPY,2020-10-06,414.3,422.21,413.47,419.58,41250081,419.58,5.279999999999973,1.27,2026-09-14 16:20:12.306099
SPY,2020-10-07,419.58,423.03,415.28,418.54,91932247,418.54,-1.0399999999999636,-0.25,2026-09-14 16:20:12.306099
SPY,2020-10-08,418.54,422.58,406.12,410.08,70696881,410.08,-8.460000000000036,-2.02,2026-09-14 16:20:12.306099
SPY,2020-10-09,410.08,412.27,408.8,410.47,23893161,410.47,0.3900000000000432,0.1,2026-09-14 16:20:12.306099
SPY,2020-10-12,410.47,411.6,407.63,411.43,40291719,411.43,0.9599999999999796,0.23,2026-09-14 16:20:12.306099
SPY,2020-10-13,411.43,411.89,405.32,408.03,94481219,408.03,-3.400000000000034,-0.83,2026-09-14 16:20:12.306099
SPY,2020-10-14,408.03,414.2,404.06,411.0,73746936,411.0,2.970000000000028,0.73,2026-09-14 16:20:12.306099
SPY,2020-10-15,411.0,413.53,397.44,401.36,36982543,401.36,-9.639999999999986,-2.35,2026-09-14 16:20:12.306099
SPY,2020-10-16,401.36,404.43,400.74,402.76,76543513,402.76,1.3999999999999773,0.35,2026-09-14 16:20:12.306099
SPY,2020-10-19,402.76,406.24,395.01,398.69,77042043,398.69,-4.069999999999993,-1.01,2026-09-14 16:20:12.306099
SPY,2020-10-20,398.69,402.43,395.1,395.93,16957878,395.93,-2.759999999999991,-0.69,2026-09-14 16:20:12.306099
SPY,2020-10-21,395.93,403.1,393.24,400.76,83387977,400.76,4.829999999999984,1.22,2026-09-14 16:20:12.306099
SPY,2020-10-22,400.76,404.69,398.36,401.47,95765293,401.47,0.7100000000000364,0.18,2026-09-14 16:20:12.306099
SPY,2020-10-23,401.47,406.29,398.39,403.8,56475587,403.8,2.329999999999984,0.58,2026-09-14 16:20:12.306099
SPY,2020-10-26,403.8,407.28,403.35,407.07,54541412,407.07,3.269999999999982,0.81,2026-09-14 16:20:12.306099
SPY,2020-10-27,407.07,409.4,403.85,406.75,13509517,406.75,-0.3199999999999932,-0.08,2026-09-14 16:20:12.306099
SPY,2020-10-28,406.75,410.62,403.57,407.52,73206445,407.52,0.7699999999999818,0.19,2026-09-14 16:20:12.306099
SPY,2020-10-29,407.52,411.45,396.54,400.32,68003365,400.32,-7.199999999999989,-1.77,2026-09-14 16:20:12.306099
SPY,2020-10-30,400.32,406.36,397.79,406.31,48817346,406.31,5.990000000000009,1.5,2026-09-14 16:20:12.306099
SPY,2020-11-02,406.31,407.18,400.88,404.67,15960028,404.67,-1.6399999999999864,-0.4,2026-09-14 16:20:12.306099
SPY,2020-11-03,404.67,408.32,399.65,402.42,15520747,402.42,-2.25,-0.56,2026-09-14 16:20:12.306099
SPY,2020-11-04,402.42,415.23,401.3,412.54,66668984,412.54,10.120000000000005,2.51,2026-09-14 16:20:12.306099
SPY,2020-11-05,412.54,415.46,408.25,411.97,56951313,411.97,-0.5699999999999932,-0.14,2026-09-14 16:20:12.306099
SPY,2020-11-06,411.97,413.78,402.69,406.17,79628357,406.17,-5.800000000000011,-1.41,2026-09-14 16:20:12.306099
SPY,2020-11-09,406.17,415.53,402.47,411.77,41627427,411.77,5.599999999999966,1.38,2026-09-14 16:20:12.306099
SPY,2020-11-10,411.77,412.7,409.47,409.6,28714341,409.6,-2.169999999999959,-0.53,2026-09-14 16:20:12.306099
SPY,2020-11-11,409.6,409.83,404.86,405.51,95539419,405.51,-4.090000000000032,-1.0,2026-09-14 16:20:12.306099
SPY,2020-11-12,405.51,408.85,399.05,399.88,17966952,399.88,-5.629999999999996,-1.39,2026-09-14 16:20:12.306099
SPY,2020-11-13,399.88,401.27,395.77,397.59,99291612,397.59,-2.2900000000000205,-0.57,2026-09-14 16:20:12.306099
SPY,2020-11-16,397.59,399.48,390.53,393.03,18016190,393.03,-4.560000000000002,-1.15,2026-09-14 16:20:12.306099
SPY,2020-11-17,393.03,398.55,392.34,396.76,48748767,396.76,3.730000000000018,0.95,2026-09-14 16:20:12.306099
SPY,2020-11-18,396.76,402.97,393.04,400.4,78855902,400.4,3.6399999999999855,0.92,2026-09-14 16:20:12.306099
SPY,2020-11-19,400.4,404.29,396.97,400.13,12515662,400.13,-0.2699999999999818,-0.07,2026-09-14 16:20:12.306099
SPY,2020-11-20,400.13,401.01,396.45,396.78,53688449,396.78,-3.3500000000000227,-0.84,2026-09-14 16:20:12.306099
SPY,2020-11-23,396.78,400.64,390.02,391.87,29093937,391.87,-4.909999999999968,-1.24,2026-09-14 16:20:12.306099
SPY,2020-11-24,391.87,399.03,391.58,396.99,17278715,396.99,5.1200000000000045,1.31,2026-09-14 16:20:12.306099
SPY,2020-11-25,396.99,398.95,391.49,393.95,86469400,393.95,-3.0400000000000205,-0.77,2026-09-14 16:20:12.306099
SPY,2020-11-26,393.95,400.19,391.03,396.77,70695977,396.77,2.819999999999993,0.72,2026-09-14 16:20:12.306099
SPY,2020-11-27,396.77,399.11,395.05,397.19,58662581,397.19,0.4200000000000159,0.11,2026-09-14 16:20:12.306099
SPY,2020-11-30,397.19,399.66,394.45,396.0,60185609,396.0,-1.1899999999999975,-0.3,2026-09-14 16:20:12.306099
SPY,2020-12-01,396.0,399.97,394.52,396.4,75783925,396.4,0.3999999999999772,0.1,2026-09-14 16:20:12.306099
SPY,2020-12-02,396.4,397.93,383.75,386.88,93481045,386.88,-9.519999999999982,-2.4,2026-09-14 16:20:12.306099
SPY,2020-12-03,386.88,391.42,385.19,387.74,92236605,387.74,0.8600000000000136,0.22,2026-09-14 16:20:12.306099
SPY,2020-12-04,387.74,390.79,384.5,387.83,75712027,387.83,0.0899999999999749,0.02,2026-09-14 16:20:12.306099
SPY,2020-12-07,387.83,389.98,385.65,387.27,69786341,387.27,-0.5600000000000023,-0.14,2026-09-14 16:20:12.306099
SPY,2020-12-08,387.27,393.62,385.31,390.73,41786912,390.73,3.4600000000000364,0.89,2026-09-14 16:20:12.306099
SPY,2020-12-09,390.73,391.73,387.26,389.76,43286437,389.76,-0.9700000000000272,-0.25,2026-09-14 16:20:12.306099
SPY,2020-12-10,389.76,395.34,388.33,394.04,31087079,394.04,4.28000000000003,1.1,2026-09-14 16:20:12.306099
SPY,2020-12-11,394.04,398.67,391.1,395.88,96300906,395.88,1.839999999999975,0.47,2026-09-14 16:20:12.306099
SPY,2020-12-14,395.88,408.77,395.57,407.5,65197336,407.5,11.620000000000005,2.94,2026-09-14 16:20:12.306099
SPY,2020-12-15,407.5,408.34,403.96,406.34,42286478,406.34,-1.160000000000025,-0.28,2026-09-14 16:20:12.306099
SPY,2020-12-16,406.34,410.59,402.93,407.98,45358769,407.98,1.6400000000000432,0.4,2026-09-14 16:20:12.306099
SPY,2020-12-17,407.98,410.18,407.27,407.55,13772280,407.55,-0.4300000000000068,-0.11,2026-09-14 16:20:12.306099
SPY,2020-12-18,407.55,413.07,407.52,412.17,71143341,412.17,4.6200000000000045,1.13,2026-09-14 16:20:12.306099
SPY,2020-12-21,412.17,416.97,409.85,416.35,98558645,416.35,4.180000000000007,1.01,2026-09-14 16:20:12.306099
SPY,2020-12-22,416.35,419.4,414.74,415.41,93888368,415.41,-0.9399999999999976,-0.23,2026-09-14 16:20:12.306099
SPY,2020-12-23,415.41,416.64,411.32,415.38,70362121,415.38,-0.0300000000000295,-0.01,2026-09-14 16:20:12.306099
SPY,2020-12-24,415.38,422.92,411.65,419.6,53854405,419.6,4.220000000000027,1.02,2026-09-14 16:20:12.306099
SPY,2020-12-25,419.6,421.59,415.64,420.5,24499251,420.5,0.8999999999999773,0.21,2026-09-14 16:20:12.306099
SPY,2020-12-28,420.5,425.51,420.06,424.89,56982255,424.89,4.389999999999986,1.04,2026-09-14 16:20:12.306099
SPY,2020-12-29,424.89,426.09,424.27,425.89,13389254,425.89,1.0,0.24,2026-09-14 16:20:12.306099
SPY,2020-12-30,425.89,426.65,421.08,424.24,11329297,424.24,-1.6499999999999773,-0.39,2026-09-14 16:20:12.306099
SPY,2020-12-31,424.24,426.63,417.32,420.44,71010270,420.44,-3.8000000000000114,-0.9,2026-09-14 16:20:12.306099
SPY,2021-01-01,420.44,432.33,420.44,431.15,13439734,431.15,10.70999999999998,2.55,2026-09-14 16:20:12.306099
SPY,2021-01-04,431.15,437.99,428.69,433.76,81943168,433.76,2.6100000000000136,0.61,2026-09-14 16:20:12.306099
SPY,2021-01-05,433.76,437.42,422.1,423.82,88829329,423.82,-9.939999999999998,-2.29,2026-09-14 16:20:12.306099
SPY,2021-01-06,423.82,424.31,418.84,421.15,92417260,421.15,-2.670000000000016,-0.63,2026-09-14 16:20:12.306099
SPY,2021-01-07,421.15,422.84,415.8,419.38,51776424,419.38,-1.7699999999999818,-0.42,2026-09-14 16:20:12.306099
SPY,2021-01-08,419.38,426.25,418.57,424.83,38212336,424.83,5.449999999999989,1.3,2026-09-14 16:20:12.306099
SPY,2021-01-11,424.83,429.05,423.71,424.85,24882707,424.85,0.0200000000000386,0.0,2026-09-14 16:20:12.306099
SPY,2021-01-12,424.85,435.39,422.61,432.13,60049018,432.13,7.279999999999973,1.71,2026-09-14 16:20:12.306099
SPY,2021-01-13,432.13,434.82,428.18,434.47,61905774,434.47,2.340000000000032,0.54,2026-09-14 16:20:12.306099
SPY,2021-01-14,434.47,438.02,433.42,437.12,15738210,437.12,2.6499999999999773,0.61,2026-09-14 16:20:12.306099
SPY,2021-01-15,437.12,440.26,432.98,434.12,44601849,434.12,-3.0,-0.69,2026-09-14 16:20:12.306099
SPY,2021-01-18,434.12,437.45,432.04,436.05,87850958,436.05,1.9300000000000068,0.44,2026-09-14 16:20:12.306099
SPY,2021-01-19,436.05,439.5,429.02,430.15,26825284,430.15,-5.900000000000034,-1.35,2026-09-14 16:20:12.306099
SPY,2021-01-20,430.15,433.1,420.45,422.18,79338422,422.18,-7.96999999999997,-1.85,2026-09-14 16:20:12.306099
SPY,2021-01-21,422.18,424.91,422.13,422.36,31044698,422.36,0.1800000000000068,0.04,2026-09-14 16:20:12.306099
SPY,2021-01-22,422.36,431.18,420.77,430.94,60549653,430.94,8.579999999999984,2.03,2026-09-14 16:20:12.306099
SPY,2021-01-25,430.94,437.03,430.3,433.96,16765331,433.96,3.019999999999982,0.7,2026-09-14 16:20:12.306099
SPY,2021-01-26,433.96,435.01,432.54,433.86,40823618,433.86,-0.0999999999999659,-0.02,2026-09-14 16:20:12.306099
SPY,2021-01-27,433.86,436.97,433.82,434.71,36820212,434.71,0.8499999999999659,0.2,2026-09-14 16:20:12.306099
SPY,2021-01-28,434.71,435.74,430.2,433.61,32616819,433.61,-1.099999999999966,-0.25,2026-09-14 16:20:12.306099
SPY,2021-01-29,433.61,437.31,429.07,430.72,26563059,430.72,-2.8899999999999864,-0.67,2026-09-14 16:20:12.306099
SPY,2021-02-01,430.72,433.59,426.65,430.75,89001602,430.75,0.0299999999999727,0.01,2026-09-14 16:20:12.306099
SPY,2021-02-02,430.75,431.45,421.56,423.61,20690982,423.61,-7.139999999999986,-1.66,2026-09-14 16:20:12.306099
SPY,2021-02-03,423.61,427.49,417.98,418.0,88841331,418.0,-5.610000000000014,-1.32,2026-09-14 16:20:12.306099
SPY,2021-02-04,418.0,420.55,414.42,419.91,58320671,419.91,1.910000000000025,0.46,2026-09-14 16:20:12.306099
SPY,2021-02-05,419.91,422.01,413.64,414.25,20146435,414.25,-5.660000000000025,-1.35,2026-09-14 16:20:12.306099
SPY,2021-02-08,414.25,420.97,411.37,417.29,85670667,417.29,3.0400000000000205,0.73,2026-09-14 16:20:12.306099
SPY,2021-02-09,417.29,417.43,407.85,411.02,79488331,411.02,-6.270000000000039,-1.5,2026-09-14 16:20:12.306099
SPY,2021-02-10,411.02,412.7,399.72,402.72,98789926,402.72,-8.299999999999955,-2.02,2026-09-14 16:20:12.306099
SPY,2021-02-11,402.72,410.33,399.54,408.39,51945534,408.39,5.669999999999959,1.41,2026-09-14 16:20:12.306099
SPY,2021-02-12,408.39,411.05,400.59,404.38,99751614,404.38,-4.009999999999991,-0.98,2026-09-14 16:20:12.306099
SPY,2021-02-15,404.38,413.56,401.58,409.55,31427758,409.55,5.170000000000016,1.28,2026-09-14 16:20:12.306099
SPY,2021-02-16,409.55,412.35,408.38,409.29,30824075,409.29,-0.2599999999999909,-0.06,2026-09-14 16:20:12.306099
SPY,2021-02-17,409.29,409.41,403.6,405.28,81943612,405.28,-4.010000000000048,-0.98,2026-09-14 16:20:12.306099
SPY,2021-02-18,405.28,408.69,404.64,406.16,87655543,406.16,0.8800000000000523,0.22,2026-09-14 16:20:12.306099
SPY,2021-02-19,406.16,409.46,402.49,405.43,89005161,405.43,-0.7300000000000182,-0.18,2026-09-14 16:20:12.306099
SPY,2021-02-22,405.43,407.4,404.17,404.32,58043267,404.32,-1.1100000000000136,-0.27,2026-09-14 16:20:12.306099
SPY,2021-02-23,404.32,406.77,400.96,401.49,58597111,401.49,-2.829999999999984,-0.7,2026-09-14 16:20:12.306099
SPY,2021-02-24,401.49,403.88,389.68,392.27,42528106,392.27,-9.220000000000027,-2.3,2026-09-14 16:20:12.306099
SPY,2021-02-25,392.27,394.02,389.26,392.47,81678132,392.47,0.2000000000000454,0.05,2026-09-14 16:20:12.306099
SPY,2021-02-26,392.47,393.49,387.07,389.72,79661458,389.72,-2.75,-0.7,2026-09-14 16:20:12.306099
SPY,2021-03-01,389.72,391.74,388.52,390.07,78986840,390.07,0.3499999999999659,0.09,2026-09-14 16:20:12.306099
SPY,2021-03-02,390.07,394.43,387.49,391.39,85863661,391.39,1.3199999999999932,0.34,2026-09-14 16:20:12.306099
SPY,2021-03-03,391.39,395.72,388.65,393.84,73896484,393.84,2.4499999999999886,0.63,2026-09-14 16:20:12.306099
SPY,2021-03-04,393.84,395.88,386.47,386.89,98142665,386.89,-6.949999999999989,-1.76,2026-09-14 16:20:12.306099
SPY,2021-03-05,386.89,390.61,380.86,381.83,54323552,381.83,-5.060000000000002,-1.31,2026-09-14 16:20:12.306099
SPY,2021-03-08,381.83,384.41,378.08,380.31,39330357,380.31,-1.5199999999999818,-0.4,2026-09-14 16:20:12.306099
SPY,2021-03-09,380.31,383.0,378.08,382.88,48709113,382.88,2.569999999999993,0.68,2026-09-14 16:20:12.306099
SPY,2021-03-10,382.88,391.41,379.27,389.91,86356010,389.91,7.03000000000003,1.84,2026-09-14 16:20:12.306099
SPY,2021-03-11,389.91,393.74,386.02,387.82,41422769,387.82,-2.090000000000032,-0.54,2026-09-14 16:20:12.306099
SPY,2021-03-12,387.82,391.92,386.78,388.52,29989248,388.52,0.6999999999999886,0.18,2026-09-14 16:20:12.306099
SPY,2021-03-15,388.52,391.38,377.29,380.19,76626135,380.19,-8.329999999999984,-2.14,2026-09-14 16:20:12.306099
SPY,2021-03-16,380.19,384.27,377.33,383.91,32402971,383.91,3.7200000000000273,0.98,2026-09-14 16:20:12.306099
SPY,2021-03-17,383.91,387.69,383.2,383.31,12847248,383.31,-0.6000000000000227,-0.16,2026-09-14 16:20:12.306099
SPY,2021-03-18,383.31,386.54,375.78,379.49,20667495,379.49,-3.819999999999993,-1.0,2026-09-14 16:20:12.306099
SPY,2021-03-19,379.49,382.28,375.25,377.68,31003901,377.68,-1.8100000000000025,-0.48,2026-09-14 16:20:12.306099
SPY,2021-03-22,377.68,379.93,371.57,371.7,78240607,371.7,-5.980000000000018,-1.58,2026-09-14 16:20:12.306099
SPY,2021-03-23,371.7,376.72,369.16,373.63,68087306,373.63,1.9300000000000068,0.52,2026-09-14 16:20:12.306099
SPY,2021-03-24,373.63,373.91,370.9,371.87,56956372,371.87,-1.759999999999991,-0.47,2026-09-14 16:20:12.306099
SPY,2021-03-25,371.87,376.78,370.45,373.61,81428288,373.61,1.740000000000009,0.47,2026-09-14 16:20:12.306099
SPY,2021-03-26,373.61,382.64,372.69,382.32,91283334,382.32,8.70999999999998,2.33,2026-09-14 16:20:12.306099
SPY,2021-03-29,382.32,384.16,376.75,379.57,10908363,379.57,-2.75,-0.72,2026-09-14 16:20:12.306099
SPY,2021-03-30,379.57,379.95,370.92,371.37,50810532,371.37,-8.199999999999989,-2.16,2026-09-14 16:20:12.306099
SPY,2021-03-31,371.37,374.29,366.76,369.87,93244541,369.87,-1.5,-0.4,2026-09-14 16:20:12.306099
SPY,2021-04-01,369.87,373.96,369.68,372.09,31591731,372.09,2.2199999999999704,0.6,2026-09-14 16:20:12.306099
SPY,2021-04-02,372.09,373.66,364.19,366.72,85530464,366.72,-5.369999999999948,-1.44,2026-09-14 16:20:12.306099
SPY,2021-04-05,366.72,370.16,361.78,361.93,98350185,361.93,-4.7900000000000205,-1.31,2026-09-14 16:20:12.306099
SPY,2021-04-06,361.93,362.88,360.51,362.72,33238761,362.72,0.7900000000000205,0.22,2026-09-14 16:20:12.306099
SPY,2021-04-07,362.72,367.23,359.72,366.4,38110726,366.4,3.67999999999995,1.01,2026-09-14 16:20:12.306099
SPY,2021-04-08,366.4,367.39,356.56,359.02,82017438,359.02,-7.3799999999999955,-2.01,2026-09-14 16:20:12.306099
SPY,2021-04-09,359.02,367.6,357.04,367.32,70937115,367.32,8.300000000000011,2.31,2026-09-14 16:20:12.306099
SPY,2021-04-12,367.32,368.33,362.07,365.25,92418998,365.25,-2.069999999999993,-0.56,2026-09-14 16:20:12.306099
SPY,2021-04-13,365.25,365.28,362.88,363.2,99796361,363.2,-2.050000000000012,-0.56,2026-09-14 16:20:12.306099
SPY,2021-04-14,363.2,372.32,359.92,370.0,13567731,370.0,6.800000000000011,1.87,2026-09-14 16:20:12.306099
SPY,2021-04-15,370.0,372.43,366.46,369.59,80011381,369.59,-0.410000000000025,-0.11,2026-09-14 16:20:12.306099
SPY,2021-04-16,369.59,369.86,357.09,360.36,78715202,360.36,-9.22999999999996,-2.5,2026-09-14 16:20:12.306099
SPY,2021-04-19,360.36,369.17,359.24,365.57,43350455,365.57,5.20999999999998,1.45,2026-09-14 16:20:12.306099
SPY,2021-04-20,365.57,368.01,351.66,354.78,89897873,354.78,-10.79000000000002,-2.95,2026-09-14 16:20:12.306099
SPY,2021-04-21,354.78,358.05,351.78,357.1,55169881,357.1,2.32000000000005,0.65,2026-09-14 16:20:12.306099
SPY,2021-04-22,357.1,361.43,357.06,359.48,14128219,359.48,2.3799999999999955,0.67,2026-09-14 16:20:12.306099
SPY,2021-04-23,359.48,374.59,357.84,371.64,27136746,371.64,12.159999999999968,3.38,2026-09-14 16:20:12.306099
SPY,2021-04-26,371.64,375.35,371.24,372.49,60417899,372.49,0.8500000000000227,0.23,2026-09-14 16:20:12.306099
SPY,2021-04-27,372.49,374.04,366.98,369.2,89512925,369.2,-3.2900000000000205,-0.88,2026-09-14 16:20:12.306099
SPY,2021-04-28,369.2,375.9,368.98,375.39,75359176,375.39,6.189999999999998,1.68,2026-09-14 16:20:12.306099
SPY,2021-04-29,375.39,377.98,370.04,373.69,73729966,373.69,-1.6999999999999886,-0.45,2026-09-14 16:20:12.306099
SPY,2021-04-30,373.69,374.65,368.64,371.11,70823050,371.11,-2.579999999999984,-0.69,2026-09-14 16:20:12.306099
SPY,2021-05-03,371.11,373.92,369.56,371.96,41492892,371.96,0.8499999999999659,0.23,2026-09-14 16:20:12.306099
SPY,2021-05-04,371.96,375.03,368.93,372.24,37705313,372.24,0.2800000000000295,0.08,2026-09-14 16:20:12.306099
SPY,2021-05-05,372.24,373.37,368.1,369.23,82540206,369.23,-3.009999999999991,-0.81,2026-09-14 16:20:12.306099
SPY,2021-05-06,369.23,380.03,368.82,376.52,35962895,376.52,7.289999999999964,1.97,2026-09-14 16:20:12.306099
SPY,2021-05-07,376.52,379.55,374.01,375.91,11449250,375.91,-0.6099999999999568,-0.16,2026-09-14 16:20:12.306099
SPY,2021-05-10,375.91,376.14,374.85,376.03,69117404,376.03,0.1199999999999477,0.03,2026-09-14 16:20:12.306099
SPY,2021-05-11,376.03,378.71,372.98,375.31,48672479,375.31,-0.7199999999999704,-0.19,2026-09-14 16:20:12.306099
SPY,2021-05-12,375.31,378.74,367.04,369.08,90000958,369.08,-6.230000000000018,-1.66,2026-09-14 16:20:12.306099
SPY,2021-05-13,369.08,371.28,362.64,366.13,21167739,366.13,-2.9499999999999886,-0.8,2026-09-14 16:20:12.306099
SPY,2021-05-14,366.13,369.49,363.88,365.42,34483184,365.42,-0.7099999999999795,-0.19,2026-09-14 16:20:12.306099
SPY,2021-05-17,365.42,365.79,359.67,361.88,80926708,361.88,-3.5400000000000205,-0.97,2026-09-14 16:20:12.306099
SPY,2021-05-18,361.88,364.31,361.72,362.71,85692438,362.71,0.8299999999999841,0.23,2026-09-14 16:20:12.306099
SPY,2021-05-19,362.71,366.88,361.47,366.01,56133309,366.01,3.300000000000012,0.91,2026-09-14 16:20:12.306099
SPY,2021-05-20,366.01,369.01,357.66,360.99,37737489,360.99,-5.019999999999982,-1.37,2026-09-14 16:20:12.306099
SPY,2021-05-21,360.99,363.88,354.21,356.81,97223834,356.81,-4.180000000000007,-1.16,2026-09-14 16:20:12.306099
SPY,2021-05-24,356.81,364.72,356.46,361.41,53021273,361.41,4.600000000000023,1.29,2026-09-14 16:20:12.306099
SPY,2021-05-25,361.41,361.85,356.65,359.3,52766106,359.3,-2.1100000000000136,-0.58,2026-09-14 16:20:12.306099
SPY,2021-05-26,359.3,361.39,352.48,352.95,28002264,352.95,-6.350000000000023,-1.77,2026-09-14 16:20:12.306099
SPY,2021-05-27,352.95,356.31,348.62,351.34,57627727,351.34,-1.6100000000000136,-0.46,2026-09-14 16:20:12.306099
SPY,2021-05-28,351.34,354.6,350.42,352.31,17794705,352.31,0.9700000000000272,0.28,2026-09-14 16:20:12.306099
SPY,2021-05-31,352.31,356.77,349.23,355.83,31244773,355.83,3.519999999999982,1.0,2026-09-14 16:20:12.306099
SPY,2021-06-01,355.83,363.28,353.19,361.76,95567159,361.76,5.930000000000007,1.67,2026-09-14 16:20:12.306099
SPY,2021-06-02,361.76,361.92,356.32,358.69,21626638,358.69,-3.069999999999993,-0.85,2026-09-14 16:20:12.306099
SPY,2021-06-03,358.69,364.61,358.32,362.22,21589941,362.22,3.5300000000000296,0.98,2026-09-14 16:20:12.306099
SPY,2021-06-04,362.22,363.85,355.23,358.5,34852079,358.5,-3.7200000000000273,-1.03,2026-09-14 16:20:12.306099
SPY,2021-06-07,358.5,361.93,355.54,359.39,41420833,359.39,0.8899999999999864,0.25,2026-09-14 16:20:12.306099
SPY,2021-06-08,359.39,361.76,358.3,359.52,20675907,359.52,0.1299999999999954,0.04,2026-09-14 16:20:12.306099
SPY,2021-06-09,359.52,362.52,358.37,361.55,61511965,361.55,2.0300000000000296,0.56,2026-09-14 16:20:12.306099
SPY,2021-06-10,361.55,364.2,359.94,363.32,89063495,363.32,1.7699999999999818,0.49,2026-09-14 16:20:12.306099
SPY,2021-06-11,363.32,365.35,362.22,364.19,98861042,364.19,0.8700000000000045,0.24,2026-09-14 16:20:12.306099
SPY,2021-06-14,364.19,368.18,363.99,365.68,19447528,365.68,1.490000000000009,0.41,2026-09-14 16:20:12.306099
SPY,2021-06-15,365.68,372.44,362.35,369.33,27192641,369.33,3.649999999999977,1.0,2026-09-14 16:20:12.306099
SPY,2021-06-16,369.33,372.56,360.92,364.12,51292653,364.12,-5.20999999999998,-1.41,2026-09-14 16:20:12.306099
SPY,2021-06-17,364.12,368.04,363.12,364.56,32742555,364.56,0.4399999999999977,0.12,2026-09-14 16:20:12.306099
SPY,2021-06-18,364.56,366.5,359.84,360.22,61361890,360.22,-4.339999999999975,-1.19,2026-09-14 16:20:12.306099
SPY,2021-06-21,360.22,362.04,351.72,355.15,91513310,355.15,-5.07000000000005,-1.41,2026-09-14 16:20:12.306099
SPY,2021-06-22,355.15,359.07,352.03,356.9,59948541,356.9,1.75,0.49,2026-09-14 16:20:12.306099
SPY,2021-06-23,356.9,364.24,355.11,360.9,91697326,360.9,4.0,1.12,2026-09-14 16:20:12.306099
SPY,2021-06-24,360.9,362.11,357.78,360.55,67100091,360.55,-0.3499999999999659,-0.1,2026-09-14 16:20:12.306099
SPY,2021-06-25,360.55,366.17,358.68,362.98,11151201,362.98,2.430000000000007,0.67,2026-09-14 16:20:12.306099
SPY,2021-06-28,362.98,363.21,359.44,361.18,27287157,361.18,-1.8000000000000114,-0.5,2026-09-14 16:20:12.306099
SPY,2021-06-29,361.18,364.72,358.7,359.11,78193648,359.11,-2.069999999999993,-0.57,2026-09-14 16:20:12.306099
SPY,2021-06-30,359.11,360.25,355.75,359.55,28127480,359.55,0.4399999999999977,0.12,2026-09-14 16:20:12.306099
SPY,2021-07-01,359.55,364.03,356.8,361.18,38773720,361.18,1.6299999999999957,0.45,2026-09-14 16:20:12.306099
SPY,2021-07-02,361.18,364.65,351.13,352.8,68708376,352.8,-8.379999999999995,-2.32,2026-09-14 16:20:12.306099
SPY,2021-07-05,352.8,363.5,351.14,362.21,27741978,362.21,9.409999999999968,2.67,2026-09-14 16:20:12.306099
SPY,2021-07-06,362.21,366.57,362.19,365.96,49552849,365.96,3.75,1.04,2026-09-14 16:20:12.306099
SPY,2021-07-07,365.96,368.02,361.38,363.27,22353795,363.27,-2.6899999999999977,-0.74,2026-09-14 16:20:12.306099
SPY,2021-07-08,363.27,363.36,349.65,351.74,36357957,351.74,-11.529999999999973,-3.17,2026-09-14 16:20:12.306099
SPY,2021-07-09,351.74,357.72,350.42,355.48,11955085,355.48,3.740000000000009,1.06,2026-09-14 16:20:12.306099
SPY,2021-07-12,355.48,356.63,351.49,352.66,95809909,352.66,-2.819999999999993,-0.79,2026-09-14 16:20:12.306099
SPY,2021-07-13,352.66,353.62,348.04,350.96,93264177,350.96,-1.7000000000000457,-0.48,2026-09-14 16:20:12.306099
SPY,2021-07-14,350.96,352.85,344.55,344.73,82723458,344.73,-6.229999999999961,-1.78,2026-09-14 16:20:12.306099
SPY,2021-07-15,344.73,346.39,334.98,336.0,49939388,336.0,-8.730000000000018,-2.53,2026-09-14 16:20:12.306099
SPY,2021-07-16,336.0,336.27,326.51,328.17,13117425,328.17,-7.829999999999984,-2.33,2026-09-14 16:20:12.306099
SPY,2021-07-19,328.17,328.86,324.04,327.0,52848512,327.0,-1.170000000000016,-0.36,2026-09-14 16:20:12.306099
SPY,2021-07-20,327.0,328.18,320.27,321.93,40422511,321.93,-5.069999999999993,-1.55,2026-09-14 16:20:12.306099
SPY,2021-07-21,321.93,328.23,320.82,327.59,83054358,327.59,5.659999999999968,1.76,2026-09-14 16:20:12.306099
SPY,2021-07-22,327.59,341.87,324.77,339.08,69970095,339.08,11.490000000000007,3.51,2026-09-14 16:20:12.306099
SPY,2021-07-23,339.08,342.55,336.26,340.64,42920500,340.64,1.5600000000000025,0.46,2026-09-14 16:20:12.306099
SPY,2021-07-26,340.64,344.27,339.2,343.16,16315225,343.16,2.5200000000000387,0.74,2026-09-14 16:20:12.306099
SPY,2021-07-27,343.16,345.38,335.46,337.05,32260720,337.05,-6.110000000000014,-1.78,2026-09-14 16:20:12.306099
SPY,2021-07-28,337.05,343.64,336.62,342.63,27941352,342.63,5.579999999999984,1.66,2026-09-14 16:20:12.306099
SPY,2021-07-29,342.63,344.42,337.84,338.07,86944786,338.07,-4.560000000000002,-1.33,2026-09-14 16:20:12.306099
SPY,2021-07-30,338.07,339.14,335.31,337.93,63972345,337.93,-0.1399999999999863,-0.04,2026-09-14 16:20:12.306099
SPY,2021-08-02,337.93,345.07,335.86,344.11,16542532,344.11,6.180000000000007,1.83,2026-09-14 16:20:12.306099
SPY,2021-08-03,344.11,347.12,342.45,343.46,50086968,343.46,-0.6500000000000341,-0.19,2026-09-14 16:20:12.306099
SPY,2021-08-04,343.46,346.47,336.9,338.2,26120687,338.2,-5.259999999999991,-1.53,2026-09-14 16:20:12.306099
SPY,2021-08-05,338.2,344.08,337.32,343.37,70551554,343.37,5.170000000000016,1.53,2026-09-14 16:20:12.306099
SPY,2021-08-06,343.37,348.65,342.94,346.04,38130149,346.04,2.670000000000016,0.78,2026-09-14 16:20:12.306099
SPY,2021-08-09,346.04,349.51,343.48,348.55,52461319,348.55,2.509999999999991,0.73,2026-09-14 16:20:12.306099
SPY,2021-08-10,348.55,350.45,345.3,349.19,46669121,349.19,0.6399999999999864,0.18,2026-09-14 16:20:12.306099
SPY,2021-08-11,349.19,352.84,347.34,352.15,37912151,352.15,2.9599999999999795,0.85,2026-09-14 16:20:12.306099
SPY,2021-08-12,352.15,354.29,351.55,352.75,96272672,352.75,0.6000000000000227,0.17,2026-09-14 16:20:12.306099
SPY,2021-08-13,352.75,357.78,351.15,355.15,33319434,355.15,2.3999999999999773,0.68,2026-09-14 16:20:12.306099
SPY,2021-08-16,355.15,359.84,353.19,359.11,83014875,359.11,3.960000000000037,1.12,2026-09-14 16:20:12.306099
SPY,2021-08-17,359.11,359.13,355.2,355.65,51483893,355.65,-3.4600000000000364,-0.96,2026-09-14 16:20:12.306099
SPY,2021-08-18,355.65,357.08,353.2,353.6,19698977,353.6,-2.0499999999999545,-0.58,2026-09-14 16:20:12.306099
SPY,2021-08-19,353.6,357.13,349.17,349.85,30663020,349.85,-3.75,-1.06,2026-09-14 16:20:12.306099
SPY,2021-08-20,349.85,352.6,346.27,348.03,61360931,348.03,-1.82000000000005,-0.52,2026-09-14 16:20:12.306099
SPY,2021-08-23,348.03,351.74,347.91,348.47,24212404,348.47,0.4400000000000545,0.13,2026-09-14 16:20:12.306099
SPY,2021-08-24,348.47,350.51,348.08,348.8,90385269,348.8,0.3299999999999841,0.09,2026-09-14 16:20:12.306099
SPY,2021-08-25,348.8,352.06,342.56,345.82,56127974,345.82,-2.980000000000018,-0.85,2026-09-14 16:20:12.306099
SPY,2021-08-26,345.82,355.72,344.57,353.12,69161435,353.12,7.300000000000011,2.11,2026-09-14 16:20:12.306099
SPY,2021-08-27,353.12,359.89,350.61,357.16,29968434,357.16,4.0400000000000205,1.14,2026-09-14 16:20:12.306099
SPY,2021-08-30,357.16,358.55,349.09,351.28,70995439,351.28,-5.880000000000052,-1.65,2026-09-14 16:20:12.306099
SPY,2021-08-31,351.28,351.86,348.35,350.8,32251809,350.8,-0.4799999999999613,-0.14,2026-09-14 16:20:12.306099
SPY,2021-09-01,350.8,351.93,348.62,351.48,20566516,351.48,0.6800000000000068,0.19,2026-09-14 16:20:12.306099
SPY,2021-09-02,351.48,354.61,348.4,349.99,90505424,349.99,-1.490000000000009,-0.42,2026-09-14 16:20:12.306099
SPY,2021-09-03,349.99,354.84,347.33,354.21,41810269,354.21,4.21999999999997,1.21,2026-09-14 16:20:12.306099
SPY,2021-09-06,354.21,355.14,346.56,349.43,54447431,349.43,-4.779999999999973,-1.35,2026-09-14 16:20:12.306099
SPY,2021-09-07,349.43,350.07,344.24,346.44,20186709,346.44,-2.990000000000009,-0.86,2026-09-14 16:20:12.306099
SPY,2021-09-08,346.44,349.53,344.95,348.71,69037791,348.71,2.269999999999982,0.66,2026-09-14 16:20:12.306099
SPY,2021-09-09,348.71,353.57,346.31,350.84,21736517,350.84,2.1299999999999955,0.61,2026-09-14 16:20:12.306099
SPY,2021-09-10,350.84,352.33,346.9,348.98,29491587,348.98,-1.8599999999999568,-0.53,2026-09-14 16:20:12.306099
SPY,2021-09-13,348.98,354.93,345.75,352.05,94482625,352.05,3.069999999999993,0.88,2026-09-14 16:20:12.306099
SPY,2021-09-14,352.05,352.33,347.38,348.92,27376406,348.92,-3.1299999999999955,-0.89,2026-09-14 16:20:12.306099
SPY,2021-09-15,348.92,353.19,345.51,352.62,27508211,352.62,3.6999999999999886,1.06,2026-09-14 16:20:12.306099
SPY,2021-09-16,352.62,357.91,351.91,354.92,12161147,354.92,2.300000000000012,0.65,2026-09-14 16:20:12.306099
SPY,2021-09-17,354.92,358.36,352.38,353.33,46785068,353.33,-1.5900000000000318,-0.45,2026-09-14 16:20:12.306099
SPY,2021-09-20,353.33,360.09,352.19,358.1,63222717,358.1,4.770000000000039,1.35,2026-09-14 16:20:12.306099
SPY,2021-09-21,358.1,361.42,352.2,354.57,71433465,354.57,-3.5300000000000296,-0.99,2026-09-14 16:20:12.306099
SPY,2021-09-22,354.57,355.65,345.58,346.67,55359235,346.67,-7.899999999999977,-2.23,2026-09-14 16:20:12.306099
SPY,2021-09-23,346.67,352.47,345.38,352.0,21742791,352.0,5.329999999999984,1.54,2026-09-14 16:20:12.306099
SPY,2021-09-24,352.0,358.16,349.22,356.25,30229442,356.25,4.25,1.21,2026-09-14 16:20:12.306099
SPY,2021-09-27,356.25,356.31,349.26,352.77,56524505,352.77,-3.480000000000018,-0.98,2026-09-14 16:20:12.306099
SPY,2021-09-28,352.77,355.07,349.82,351.49,46722005,351.49,-1.2799999999999727,-0.36,2026-09-14 16:20:12.306099
SPY,2021-09-29,351.49,362.16,348.46,358.65,55216952,358.65,7.159999999999968,2.04,2026-09-14 16:20:12.306099
SPY,2021-09-30,358.65,359.19,355.25,357.14,50515410,357.14,-1.509999999999991,-0.42,2026-09-14 16:20:12.306099
SPY,2021-10-01,357.14,363.96,354.16,360.65,91637735,360.65,3.509999999999991,0.98,2026-09-14 16:20:12.306099
SPY,2021-10-04,360.65,362.0,357.01,359.73,19771027,359.73,-0.9199999999999592,-0.26,2026-09-14 16:20:12.306099
SPY,2021-10-05,359.73,359.84,351.27,354.17,73354645,354.17,-5.560000000000002,-1.55,2026-09-14 16:20:12.306099
SPY,2021-10-06,354.17,354.69,350.19,351.78,36988740,351.78,-2.390000000000043,-0.67,2026-09-14 16:20:12.306099
SPY,2021-10-07,351.78,358.69,350.32,358.0,33442392,358.0,6.220000000000027,1.77,2026-09-14 16:20:12.306099
SPY,2021-10-08,358.0,358.93,354.7,357.78,74395012,357.78,-0.2200000000000272,-0.06,2026-09-14 16:20:12.306099
SPY,2021-10-11,357.78,363.1,356.92,361.63,12368578,361.63,3.850000000000023,1.08,2026-09-14 16:20:12.306099
SPY,2021-10-12,361.63,361.77,354.6,354.62,64423732,354.62,-7.009999999999991,-1.94,2026-09-14 16:20:12.306099
SPY,2021-10-13,354.62,356.6,350.42,352.44,75145524,352.44,-2.180000000000007,-0.61,2026-09-14 16:20:12.306099
SPY,2021-10-14,352.44,355.22,351.15,352.73,18800838,352.73,0.2900000000000204,0.08,2026-09-14 16:20:12.306099
SPY,2021-10-15,352.73,352.76,346.72,348.33,76628005,348.33,-4.400000000000034,-1.25,2026-09-14 16:20:12.306099
SPY,2021-10-18,348.33,353.01,347.96,352.19,26688706,352.19,3.8600000000000136,1.11,2026-09-14 16:20:12.306099
SPY,2021-10-19,352.19,358.9,350.68,357.78,16806390,357.78,5.589999999999975,1.59,2026-09-14 16:20:12.306099
SPY,2021-10-20,357.78,359.39,355.91,356.22,52564773,356.22,-1.5599999999999454,-0.44,2026-09-14 16:20:12.306099
SPY,2021-10-21,356.22,357.91,348.42,351.83,88449737,351.83,-4.390000000000043,-1.23,2026-09-14 16:20:12.306099
SPY,2021-10-22,351.83,355.14,347.62,350.46,43144300,350.46,-1.3700000000000043,-0.39,2026-09-14 16:20:12.306099
SPY,2021-10-25,350.46,353.54,348.58,351.76,56855891,351.76,1.3000000000000114,0.37,2026-09-14 16:20:12.306099
SPY,2021-10-26,351.76,358.5,350.64,355.24,67772896,355.24,3.480000000000018,0.99,2026-09-14 16:20:12.306099
SPY,2021-10-27,355.24,358.39,353.42,355.01,27114447,355.01,-0.2300000000000182,-0.06,2026-09-14 16:20:12.306099
SPY,2021-10-28,355.01,355.19,349.63,349.99,37109761,349.99,-5.019999999999982,-1.41,2026-09-14 16:20:12.306099
SPY,2021-10-29,349.99,357.48,348.72,354.4,43162059,354.4,4.409999999999968,1.26,2026-09-14 16:20:12.306099
SPY,2021-11-01,354.4,355.96,351.86,354.89,84018070,354.89,0.4900000000000091,0.14,2026-09-14 16:20:12.306099
SPY,2021-11-02,354.89,360.28,353.75,358.57,48084779,358.57,3.680000000000007,1.04,2026-09-14 16:20:12.306099
SPY,2021-11-03,358.57,365.96,356.9,364.68,54660132,364.68,6.110000000000014,1.7,2026-09-14 16:20:12.306099
SPY,2021-11-04,364.68,366.99,362.71,366.39,10238559,366.39,1.7099999999999795,0.47,2026-09-14 16:20:12.306099
SPY,2021-11-05,366.39,369.71,359.9,362.64,38273608,362.64,-3.75,-1.02,2026-09-14 16:20:12.306099
SPY,2021-11-08,362.64,371.96,360.17,369.56,97974720,369.56,6.920000000000016,1.91,2026-09-14 16:20:12.306099
SPY,2021-11-09,369.56,378.03,368.22,377.09,93019866,377.09,7.529999999999973,2.04,2026-09-14 16:20:12.306099
SPY,2021-11-10,377.09,380.62,374.36,377.36,96888731,377.36,0.2700000000000386,0.07,2026-09-14 16:20:12.306099
SPY,2021-11-11,377.36,381.08,374.02,377.49,85878501,377.49,0.1299999999999954,0.03,2026-09-14 16:20:12.306099
SPY,2021-11-12,377.49,384.39,374.69,382.38,59980219,382.38,4.889999999999986,1.3,2026-09-14 16:20:12.306099
SPY,2021-11-15,382.38,385.77,379.48,382.85,48560422,382.85,0.4700000000000273,0.12,2026-09-14 16:20:12.306099
SPY,2021-11-16,382.85,386.21,377.98,380.4,50918764,380.4,-2.450000000000045,-0.64,2026-09-14 16:20:12.306099
SPY,2021-11-17,380.4,391.85,378.61,388.83,62188214,388.83,8.430000000000007,2.22,2026-09-14 16:20:12.306099
SPY,2021-11-18,388.83,391.5,383.68,384.88,36342250,384.88,-3.9499999999999886,-1.02,2026-09-14 16:20:12.306099
SPY,2021-11-19,384.88,388.48,383.11,384.65,92203920,384.65,-0.2300000000000182,-0.06,2026-09-14 16:20:12.306099
SPY,2021-11-22,384.65,386.49,381.84,385.84,14129658,385.84,1.1899999999999975,0.31,2026-09-14 16:20:12.306099
SPY,2021-11-23,385.84,402.88,383.84,399.12,33973873,399.12,13.28000000000003,3.44,2026-09-14 16:20:12.306099
SPY,2021-11-24,399.12,410.28,396.57,407.92,41340008,407.92,8.800000000000011,2.2,2026-09-14 16:20:12.306099
SPY,2021-11-25,407.92,410.16,404.49,407.04,92922081,407.04,-0.8799999999999955,-0.22,2026-09-14 16:20:12.306099
SPY,2021-11-26,407.04,410.6,401.49,405.52,40510314,405.52,-1.5200000000000389,-0.37,2026-09-14 16:20:12.306099
SPY,2021-11-29,405.52,409.94,401.85,407.48,14805007,407.48,1.9600000000000364,0.48,2026-09-14 16:20:12.306099
SPY,2021-11-30,407.48,416.65,404.18,413.85,17797620,413.85,6.3700000000000045,1.56,2026-09-14 16:20:12.306099
SPY,2021-12-01,413.85,414.84,398.78,402.67,71422194,402.67,-11.180000000000009,-2.7,2026-09-14 16:20:12.306099
SPY,2021-12-02,402.67,406.14,394.61,396.75,92020070,396.75,-5.920000000000016,-1.47,2026-09-14 16:20:12.306099
SPY,2021-12-03,396.75,396.85,392.6,394.29,28384951,394.29,-2.4599999999999795,-0.62,2026-09-14 16:20:12.306099
SPY,2021-12-06,394.29,400.52,393.15,398.4,79621650,398.4,4.109999999999957,1.04,2026-09-14 16:20:12.306099
SPY,2021-12-07,398.4,400.4,396.06,396.78,99569371,396.78,-1.6200000000000043,-0.41,2026-09-14 16:20:12.306099
SPY,2021-12-08,396.78,402.59,393.77,399.17,55264047,399.17,2.390000000000043,0.6,2026-09-14 16:20:12.306099
SPY,2021-12-09,399.17,401.83,398.37,398.77,96531853,398.77,-0.4000000000000341,-0.1,2026-09-14 16:20:12.306099
SPY,2021-12-10,398.77,405.69,396.77,403.47,68963314,403.47,4.7000000000000455,1.18,2026-09-14 16:20:12.306099
SPY,2021-12-13,403.47,407.98,399.8,404.91,52292482,404.91,1.4399999999999975,0.36,2026-09-14 16:20:12.306099
SPY,2021-12-14,404.91,408.45,401.44,402.57,32132816,402.57,-2.340000000000032,-0.58,2026-09-14 16:20:12.306099
SPY,2021-12-15,402.57,405.55,399.08,401.85,34904828,401.85,-0.7199999999999704,-0.18,2026-09-14 16:20:12.306099
SPY,2021-12-16,401.85,402.02,399.64,401.6,27413405,401.6,-0.25,-0.06,2026-09-14 16:20:12.306099
SPY,2021-12-17,401.6,407.36,398.48,403.52,86643585,403.52,1.919999999999959,0.48,2026-09-14 16:20:12.306099
SPY,2021-12-20,403.52,406.51,397.6,399.87,82901010,399.87,-3.649999999999977,-0.9,2026-09-14 16:20:12.306099
SPY,2021-12-21,399.87,405.15,399.74,403.4,67868235,403.4,3.5299999999999727,0.88,2026-09-14 16:20:12.306099
SPY,2021-12-22,403.4,406.2,400.71,402.33,65520945,402.33,-1.0699999999999932,-0.27,2026-09-14 16:20:12.306099
SPY,2021-12-23,402.33,405.41,394.52,396.47,42550925,396.47,-5.859999999999957,-1.46,2026-09-14 16:20:12.306099
SPY,2021-12-24,396.47,400.07,394.21,394.88,87668163,394.88,-1.5900000000000318,-0.4,2026-09-14 16:20:12.306099
SPY,2021-12-27,394.88,406.18,393.11,402.24,76008741,402.24,7.360000000000014,1.86,2026-09-14 16:20:12.306099
SPY,2021-12-28,402.24,411.66,399.06,408.51,13516725,408.51,6.269999999999982,1.56,2026-09-14 16:20:12.306099
SPY,2021-12-29,408.51,410.33,405.65,409.39,71498570,409.39,0.8799999999999955,0.22,2026-09-14 16:20:12.306099
SPY,2021-12-30,409.39,415.21,408.11,411.94,40864169,411.94,2.550000000000012,0.62,2026-09-14 16:20:12.306099
SPY,2021-12-31,411.94,415.01,410.67,410.72,91581872,410.72,-1.2199999999999704,-0.3,2026-09-14 16:20:12.306099
SPY,2022-01-03,410.72,413.13,406.85,407.82,80696198,407.82,-2.900000000000034,-0.71,2026-09-14 16:20:12.306099
SPY,2022-01-04,407.82,421.44,406.63,419.34,44249802,419.34,11.519999999999982,2.82,2026-09-14 16:20:12.306099
SPY,2022-01-05,419.34,422.35,416.35,421.06,40795687,421.06,1.7200000000000273,0.41,2026-09-14 16:20:12.306099
SPY,2022-01-06,421.06,427.35,418.41,425.38,95315708,425.38,4.319999999999993,1.03,2026-09-14 16:20:12.306099
SPY,2022-01-07,425.38,435.07,423.04,434.33,54700797,434.33,8.949999999999989,2.1,2026-09-14 16:20:12.306099
SPY,2022-01-10,434.33,442.03,431.23,438.26,97430923,438.26,3.930000000000007,0.9,2026-09-14 16:20:12.306099
SPY,2022-01-11,438.26,439.31,435.65,436.92,70381656,436.92,-1.339999999999975,-0.31,2026-09-14 16:20:12.306099
SPY,2022-01-12,436.92,437.31,430.82,435.08,38314968,435.08,-1.840000000000032,-0.42,2026-09-14 16:20:12.306099
SPY,2022-01-13,435.08,442.71,434.39,441.13,13219103,441.13,6.050000000000011,1.39,2026-09-14 16:20:12.306099
SPY,2022-01-14,441.13,447.26,437.55,445.75,49207308,445.75,4.6200000000000045,1.05,2026-09-14 16:20:12.306099
SPY,2022-01-17,445.75,449.03,434.99,438.44,92665799,438.44,-7.310000000000002,-1.64,2026-09-14 16:20:12.306099
SPY,2022-01-18,438.44,447.73,438.28,447.27,26821858,447.27,8.829999999999984,2.01,2026-09-14 16:20:12.306099
SPY,2022-01-19,447.27,454.93,446.64,452.33,21937261,452.33,5.060000000000002,1.13,2026-09-14 16:20:12.306099
SPY,2022-01-20,452.33,454.68,450.95,451.73,90707285,451.73,-0.5999999999999659,-0.13,2026-09-14 16:20:12.306099
SPY,2022-01-21,451.73,453.89,447.44,449.53,70538661,449.53,-2.200000000000045,-0.49,2026-09-14 16:20:12.306099
SPY,2022-01-24,449.53,464.25,446.0,459.65,67686386,459.65,10.120000000000005,2.25,2026-09-14 16:20:12.306099
SPY,2022-01-25,459.65,464.23,457.3,457.35,12054220,457.35,-2.2999999999999545,-0.5,2026-09-14 16:20:12.306099
SPY,2022-01-26,457.35,458.31,452.89,456.01,55300639,456.01,-1.3400000000000318,-0.29,2026-09-14 16:20:12.306099
SPY,2022-01-27,456.01,461.13,452.47,460.06,25388372,460.06,4.050000000000011,0.89,2026-09-14 16:20:12.306099
SPY,2022-01-28,460.06,462.09,457.02,457.57,67736066,457.57,-2.490000000000009,-0.54,2026-09-14 16:20:12.306099
SPY,2022-01-31,457.57,467.22,454.81,463.76,45517464,463.76,6.189999999999998,1.35,2026-09-14 16:20:12.306099
SPY,2022-02-01,463.76,467.84,447.84,451.55,30700601,451.55,-12.20999999999998,-2.63,2026-09-14 16:20:12.306099
SPY,2022-02-02,451.55,452.35,440.73,441.87,17352894,441.87,-9.680000000000009,-2.14,2026-09-14 16:20:12.306099
SPY,2022-02-03,441.87,443.6,440.87,442.78,89934252,442.78,0.9099999999999682,0.21,2026-09-14 16:20:12.306099
SPY,2022-02-04,442.78,443.76,435.06,436.34,82009260,436.34,-6.439999999999998,-1.45,2026-09-14 16:20:12.306099
SPY,2022-02-07,436.34,439.18,427.96,429.86,70712158,429.86,-6.479999999999961,-1.49,2026-09-14 16:20:12.306099
SPY,2022-02-08,429.86,430.34,425.73,427.59,87157185,427.59,-2.2700000000000387,-0.53,2026-09-14 16:20:12.306099
SPY,2022-02-09,427.59,434.85,424.36,434.19,70069700,434.19,6.600000000000023,1.54,2026-09-14 16:20:12.306099
SPY,2022-02-10,434.19,436.93,432.82,435.44,99392368,435.44,1.25,0.29,2026-09-14 16:20:12.306099
SPY,2022-02-11,435.44,439.05,428.01,430.3,89246951,430.3,-5.139999999999986,-1.18,2026-09-14 16:20:12.306099
SPY,2022-02-14,430.3,442.38,426.62,438.17,47221499,438.17,7.870000000000003,1.83,2026-09-14 16:20:12.306099
SPY,2022-02-15,438.17,439.57,434.3,437.15,40767450,437.15,-1.0200000000000389,-0.23,2026-09-14 16:20:12.306099
SPY,2022-02-16,437.15,437.5,430.62,433.97,20032242,433.97,-3.17999999999995,-0.73,2026-09-14 16:20:12.306099
SPY,2022-02-17,433.97,439.57,431.66,436.99,90381750,436.99,3.019999999999982,0.7,2026-09-14 16:20:12.306099
SPY,2022-02-18,436.99,444.38,435.67,440.9,21903160,440.9,3.909999999999968,0.89,2026-09-14 16:20:12.306099
SPY,2022-02-21,440.9,444.59,437.22,443.91,94871569,443.91,3.010000000000048,0.68,2026-09-14 16:20:12.306099
SPY,2022-02-22,443.91,447.29,441.44,443.38,36909761,443.38,-0.5300000000000296,-0.12,2026-09-14 16:20:12.306099
SPY,2022-02-23,443.38,449.31,439.0,446.42,37003936,446.42,3.0400000000000205,0.69,2026-09-14 16:20:12.306099
SPY,2022-02-24,446.42,451.99,445.3,450.48,66865792,450.48,4.060000000000002,0.91,2026-09-14 16:20:12.306099
SPY,2022-02-25,450.48,453.71,445.26,449.49,19663225,449.49,-0.9900000000000092,-0.22,2026-09-14 16:20:12.306099
SPY,2022-02-28,449.49,450.8,443.82,447.48,15582389,447.48,-2.009999999999991,-0.45,2026-09-14 16:20:12.306099
SPY,2022-03-01,447.48,450.94,442.89,444.47,71362010,444.47,-3.009999999999991,-0.67,2026-09-14 16:20:12.306099
SPY,2022-03-02,444.47,455.19,442.1,453.1,97779525,453.1,8.629999999999995,1.94,2026-09-14 16:20:12.306099
SPY,2022-03-03,453.1,453.99,442.08,445.67,56427257,445.67,-7.430000000000007,-1.64,2026-09-14 16:20:12.306099
SPY,2022-03-04,445.67,453.52,444.65,450.82,83299562,450.82,5.149999999999977,1.16,2026-09-14 16:20:12.306099
SPY,2022-03-07,450.82,454.83,446.97,450.66,97312599,450.66,-0.1599999999999681,-0.04,2026-09-14 16:20:12.306099
SPY,2022-03-08,450.66,452.63,447.81,448.57,43659058,448.57,-2.090000000000032,-0.46,2026-09-14 16:20:12.306099
SPY,2022-03-09,448.57,452.13,444.24,450.16,34999639,450.16,1.5900000000000318,0.35,2026-09-14 16:20:12.306099
SPY,2022-03-10,450.16,457.77,448.92,454.58,75142998,454.58,4.419999999999959,0.98,2026-09-14 16:20:12.306099
SPY,2022-03-11,454.58,464.19,451.51,460.91,83571431,460.91,6.330000000000041,1.39,2026-09-14 16:20:12.306099
SPY,2022-03-14,460.91,474.91,458.62,474.65,83177283,474.65,13.739999999999952,2.98,2026-09-14 16:20:12.306099
SPY,2022-03-15,474.65,477.24,471.51,474.65,27256840,474.65,0.0,0.0,2026-09-14 16:20:12.306099
SPY,2022-03-16,474.65,480.21,474.33,476.45,22138005,476.45,1.8000000000000114,0.38,2026-09-14 16:20:12.306099
SPY,2022-03-17,476.45,480.31,469.32,472.11,47456798,472.11,-4.339999999999975,-0.91,2026-09-14 16:20:12.306099
SPY,2022-03-18,472.11,480.11,470.97,476.25,92187177,476.25,4.139999999999986,0.88,2026-09-14 16:20:12.306099
SPY,2022-03-21,476.25,476.63,472.0,475.02,92856340,475.02,-1.2300000000000182,-0.26,2026-09-14 16:20:12.306099
SPY,2022-03-22,475.02,478.23,474.21,475.32,71221764,475.32,0.3000000000000113,0.06,2026-09-14 16:20:12.306099
SPY,2022-03-23,475.32,482.05,474.05,479.23,91026714,479.23,3.910000000000025,0.82,2026-09-14 16:20:12.306099
SPY,2022-03-24,479.23,480.84,478.0,479.42,35291604,479.42,0.1899999999999977,0.04,2026-09-14 16:20:12.306099
SPY,2022-03-25,479.42,480.52,471.76,474.21,27282114,474.21,-5.210000000000036,-1.09,2026-09-14 16:20:12.306099
SPY,2022-03-28,474.21,477.05,472.51,476.48,46537270,476.48,2.2700000000000387,0.48,2026-09-14 16:20:12.306099
SPY,2022-03-29,476.48,482.85,474.18,479.37,72370477,479.37,2.8899999999999864,0.61,2026-09-14 16:20:12.306099
SPY,2022-03-30,479.37,481.46,475.14,475.57,51589180,475.57,-3.8000000000000114,-0.79,2026-09-14 16:20:12.306099
SPY,2022-03-31,475.57,479.36,456.49,459.01,44155204,459.01,-16.560000000000002,-3.48,2026-09-14 16:20:12.306099
SPY,2022-04-01,459.01,463.41,456.68,457.59,13817472,457.59,-1.420000000000016,-0.31,2026-09-14 16:20:12.306099
SPY,2022-04-04,457.59,462.15,453.37,457.52,38823208,457.52,-0.0699999999999931,-0.02,2026-09-14 16:20:12.306099
SPY,2022-04-05,457.52,461.03,455.98,457.36,11993439,457.36,-0.1599999999999681,-0.03,2026-09-14 16:20:12.306099
SPY,2022-04-06,457.36,462.88,455.7,460.92,68803065,460.92,3.5600000000000023,0.78,2026-09-14 16:20:12.306099
SPY,2022-04-07,460.92,467.3,460.86,464.7,12017438,464.7,3.7799999999999727,0.82,2026-09-14 16:20:12.306099
SPY,2022-04-08,464.7,466.74,462.85,465.88,19317456,465.88,1.1800000000000068,0.25,2026-09-14 16:20:12.306099
SPY,2022-04-11,465.88,468.14,459.64,460.73,69317438,460.73,-5.149999999999977,-1.11,2026-09-14 16:20:12.306099
SPY,2022-04-12,460.73,464.36,451.39,454.12,32856855,454.12,-6.610000000000014,-1.43,2026-09-14 16:20:12.306099
SPY,2022-04-13,454.12,463.71,453.58,459.42,70269713,459.42,5.300000000000011,1.17,2026-09-14 16:20:12.306099
SPY,2022-04-14,459.42,462.67,459.28,459.59,12531327,459.59,0.169999999999959,0.04,2026-09-14 16:20:12.306099
SPY,2022-04-15,459.59,459.96,453.44,455.1,88517863,455.1,-4.489999999999952,-0.98,2026-09-14 16:20:12.306099
SPY,2022-04-18,455.1,464.59,453.88,462.77,47944288,462.77,7.669999999999959,1.69,2026-09-14 16:20:12.306099
SPY,2022-04-19,462.77,466.62,458.25,460.19,45717450,460.19,-2.579999999999984,-0.56,2026-09-14 16:20:12.306099
SPY,2022-04-20,460.19,464.68,453.46,454.87,40837837,454.87,-5.319999999999993,-1.16,2026-09-14 16:20:12.306099
SPY,2022-04-21,454.87,455.24,449.55,451.03,93752623,451.03,-3.840000000000032,-0.84,2026-09-14 16:20:12.306099
SPY,2022-04-22,451.03,452.11,441.58,442.54,31156257,442.54,-8.489999999999952,-1.88,2026-09-14 16:20:12.306099
SPY,2022-04-25,442.54,445.68,434.46,438.49,87184952,438.49,-4.050000000000011,-0.92,2026-09-14 16:20:12.306099
SPY,2022-04-26,438.49,441.52,435.06,438.13,63951175,438.13,-0.3600000000000136,-0.08,2026-09-14 16:20:12.306099
SPY,2022-04-27,438.13,441.09,431.38,432.06,59638031,432.06,-6.069999999999993,-1.39,2026-09-14 16:20:12.306099
SPY,2022-04-28,432.06,434.37,428.55,430.75,77523702,430.75,-1.3100000000000025,-0.3,2026-09-14 16:20:12.306099
SPY,2022-04-29,430.75,432.73,429.24,431.3,11483743,431.3,0.5500000000000114,0.13,2026-09-14 16:20:12.306099
SPY,2022-05-02,431.3,432.44,421.76,425.01,81810041,425.01,-6.2900000000000205,-1.46,2026-09-14 16:20:12.306099
SPY,2022-05-03,425.01,428.41,423.01,424.99,74134050,424.99,-0.0199999999999818,-0.0,2026-09-14 16:20:12.306099
SPY,2022-05-04,424.99,425.29,415.92,416.98,72738017,416.98,-8.009999999999991,-1.88,2026-09-14 16:20:12.306099
SPY,2022-05-05,416.98,422.07,413.78,419.44,11271106,419.44,2.4599999999999795,0.59,2026-09-14 16:20:12.306099
SPY,2022-05-06,419.44,422.94,417.19,418.92,54450220,418.92,-0.5199999999999818,-0.12,2026-09-14 16:20:12.306099
SPY,2022-05-09,418.92,419.65,415.31,415.54,75823150,415.54,-3.3799999999999955,-0.81,2026-09-14 16:20:12.306099
SPY,2022-05-10,415.54,415.99,409.6,413.41,85557399,413.41,-2.1299999999999955,-0.51,2026-09-14 16:20:12.306099
SPY,2022-05-11,413.41,425.13,409.76,421.01,30037760,421.01,7.599999999999966,1.84,2026-09-14 16:20:12.306099
SPY,2022-05-12,421.01,427.54,420.36,425.66,28008078,425.66,4.650000000000034,1.1,2026-09-14 16:20:12.306099
SPY,2022-05-13,425.66,434.65,423.76,430.4,61582125,430.4,4.739999999999952,1.11,2026-09-14 16:20:12.306099
SPY,2022-05-16,430.4,434.04,426.08,426.57,62402261,426.57,-3.829999999999984,-0.89,2026-09-14 16:20:12.306099
SPY,2022-05-17,426.57,434.64,422.56,434.64,97690814,434.64,8.069999999999993,1.89,2026-09-14 16:20:12.306099
SPY,2022-05-18,434.64,443.65,430.95,440.46,20503448,440.46,5.819999999999993,1.34,2026-09-14 16:20:12.306099
SPY,2022-05-19,440.46,448.61,437.99,445.54,71145430,445.54,5.080000000000041,1.15,2026-09-14 16:20:12.306099
SPY,2022-05-20,445.54,451.27,444.85,448.02,29405632,448.02,2.4799999999999613,0.56,2026-09-14 16:20:12.306099
SPY,2022-05-23,448.02,449.88,435.67,439.01,84825713,439.01,-9.009999999999993,-2.01,2026-09-14 16:20:12.306099
SPY,2022-05-24,439.01,442.61,437.71,439.97,52819921,439.97,0.9600000000000364,0.22,2026-09-14 16:20:12.306099
SPY,2022-05-25,439.97,441.15,431.86,435.29,13797479,435.29,-4.680000000000007,-1.06,2026-09-14 16:20:12.306099
SPY,2022-05-26,435.29,439.5,431.91,436.62,63296669,436.62,1.329999999999984,0.31,2026-09-14 16:20:12.306099
SPY,2022-05-27,436.62,440.21,425.1,427.74,41331069,427.74,-8.879999999999995,-2.03,2026-09-14 16:20:12.306099
SPY,2022-05-30,427.74,440.55,424.94,437.86,45512808,437.86,10.120000000000005,2.37,2026-09-14 16:20:12.306099
SPY,2022-05-31,437.86,440.75,437.86,439.98,51534237,439.98,2.1200000000000045,0.48,2026-09-14 16:20:12.306099
SPY,2022-06-01,439.98,443.35,429.31,433.62,70246520,433.62,-6.360000000000014,-1.45,2026-09-14 16:20:12.306099
SPY,2022-06-02,433.62,436.56,417.48,420.97,67689730,420.97,-12.649999999999975,-2.92,2026-09-14 16:20:12.306099
SPY,2022-06-03,420.97,432.88,420.86,430.22,33860125,430.22,9.25,2.2,2026-09-14 16:20:12.306099
SPY,2022-06-06,430.22,432.0,424.59,428.41,26915452,428.41,-1.8100000000000025,-0.42,2026-09-14 16:20:12.306099
SPY,2022-06-07,428.41,434.97,424.7,431.61,57825533,431.61,3.1999999999999886,0.75,2026-09-14 16:20:12.306099
SPY,2022-06-08,431.61,433.58,428.77,431.72,84812633,431.72,0.1100000000000136,0.03,2026-09-14 16:20:12.306099
SPY,2022-06-09,431.72,435.62,424.25,427.06,76446149,427.06,-4.660000000000025,-1.08,2026-09-14 16:20:12.306099
SPY,2022-06-10,427.06,433.87,424.8,429.92,42589640,429.92,2.8600000000000136,0.67,2026-09-14 16:20:12.306099
SPY,2022-06-13,429.92,432.4,429.22,431.13,13119299,431.13,1.2099999999999795,0.28,2026-09-14 16:20:12.306099
SPY,2022-06-14,431.13,433.28,427.29,430.15,76001185,430.15,-0.9800000000000182,-0.23,2026-09-14 16:20:12.306099
SPY,2022-06-15,430.15,438.31,428.3,437.8,70066504,437.8,7.650000000000034,1.78,2026-09-14 16:20:12.306099
SPY,2022-06-16,437.8,444.97,433.73,443.53,81584337,443.53,5.729999999999961,1.31,2026-09-14 16:20:12.306099
SPY,2022-06-17,443.53,453.33,441.7,450.33,94075166,450.33,6.800000000000011,1.53,2026-09-14 16:20:12.306099
SPY,2022-06-20,450.33,455.39,446.32,451.65,92494972,451.65,1.3199999999999932,0.29,2026-09-14 16:20:12.306099
SPY,2022-06-21,451.65,461.8,449.22,460.88,65439457,460.88,9.230000000000018,2.04,2026-09-14 16:20:12.306099
SPY,2022-06-22,460.88,465.07,458.52,462.78,99600851,462.78,1.8999999999999773,0.41,2026-09-14 16:20:12.306099
SPY,2022-06-23,462.78,463.38,454.98,458.23,42628749,458.23,-4.5499999999999545,-0.98,2026-09-14 16:20:12.306099
SPY,2022-06-24,458.23,459.66,451.95,453.64,51894103,453.64,-4.590000000000032,-1.0,2026-09-14 16:20:12.306099
SPY,2022-06-27,453.64,464.94,451.71,463.1,73081485,463.1,9.460000000000036,2.09,2026-09-14 16:20:12.306099
SPY,2022-06-28,463.1,470.65,460.39,469.17,81496376,469.17,6.069999999999993,1.31,2026-09-14 16:20:12.306099
SPY,2022-06-29,469.17,473.01,463.95,465.6,19992063,465.6,-3.569999999999993,-0.76,2026-09-14 16:20:12.306099
SPY,2022-06-30,465.6,465.75,459.91,463.6,70744476,463.6,-2.0,-0.43,2026-09-14 16:20:12.306099
SPY,2022-07-01,463.6,467.1,459.11,460.87,93971669,460.87,-2.730000000000018,-0.59,2026-09-14 16:20:12.306099
SPY,2022-07-04,460.87,462.47,457.17,460.73,83769236,460.73,-0.1399999999999863,-0.03,2026-09-14 16:20:12.306099
SPY,2022-07-05,460.73,462.27,454.5,459.04,74434183,459.04,-1.6899999999999975,-0.37,2026-09-14 16:20:12.306099
SPY,2022-07-06,459.04,464.84,458.11,460.64,97156362,460.64,1.599999999999966,0.35,2026-09-14 16:20:12.306099
SPY,2022-07-07,460.64,464.07,458.02,459.48,39646623,459.48,-1.1599999999999682,-0.25,2026-09-14 16:20:12.306099
SPY,2022-07-08,459.48,466.02,459.19,464.41,37861688,464.41,4.930000000000007,1.07,2026-09-14 16:20:12.306099
SPY,2022-07-11,464.41,470.95,464.21,466.74,11496551,466.74,2.329999999999984,0.5,2026-09-14 16:20:12.306099
SPY,2022-07-12,466.74,470.01,454.85,457.63,97573900,457.63,-9.110000000000014,-1.95,2026-09-14 16:20:12.306099
SPY,2022-07-13,457.63,459.83,446.28,450.41,65574754,450.41,-7.21999999999997,-1.58,2026-09-14 16:20:12.306099
SPY,2022-07-14,450.41,454.61,440.47,441.97,24145824,441.97,-8.439999999999998,-1.87,2026-09-14 16:20:12.306099
SPY,2022-07-15,441.97,445.99,438.18,442.35,31049050,442.35,0.3799999999999954,0.09,2026-09-14 16:20:12.306099
SPY,2022-07-18,442.35,444.94,436.58,437.19,86392955,437.19,-5.160000000000025,-1.17,2026-09-14 16:20:12.306099
SPY,2022-07-19,437.19,440.96,433.34,436.66,36545884,436.66,-0.5299999999999727,-0.12,2026-09-14 16:20:12.306099
SPY,2022-07-20,436.66,443.08,435.3,439.83,32836203,439.83,3.169999999999959,0.73,2026-09-14 16:20:12.306099
SPY,2022-07-21,439.83,448.77,436.57,445.75,38174972,445.75,5.920000000000016,1.35,2026-09-14 16:20:12.306099
SPY,2022-07-22,445.75,448.94,433.44,434.89,34341404,434.89,-10.860000000000014,-2.44,2026-09-14 16:20:12.306099
SPY,2022-07-25,434.89,438.11,428.68,429.51,88683616,429.51,-5.379999999999996,-1.24,2026-09-14 16:20:12.306099
SPY,2022-07-26,429.51,433.58,428.84,429.97,76549662,429.97,0.4600000000000364,0.11,2026-09-14 16:20:12.306099
SPY,2022-07-27,429.97,438.64,425.78,435.76,14730209,435.76,5.789999999999964,1.35,2026-09-14 16:20:12.306099
SPY,2022-07-28,435.76,436.1,431.69,433.94,82252651,433.94,-1.8199999999999927,-0.42,2026-09-14 16:20:12.306099
SPY,2022-07-29,433.94,439.88,432.06,436.48,94728578,436.48,2.5400000000000205,0.59,2026-09-14 16:20:12.306099
SPY,2022-08-01,436.48,441.19,434.05,436.89,99099385,436.89,0.4099999999999681,0.09,2026-09-14 16:20:12.306099
SPY,2022-08-02,436.89,438.4,433.06,436.57,53826411,436.57,-0.3199999999999932,-0.07,2026-09-14 16:20:12.306099
SPY,2022-08-03,436.57,438.65,427.81,431.57,75907664,431.57,-5.0,-1.15,2026-09-14 16:20:12.306099
SPY,2022-08-04,431.57,440.04,429.71,436.38,17458164,436.38,4.810000000000002,1.11,2026-09-14 16:20:12.306099
SPY,2022-08-05,436.38,436.67,431.36,434.3,33180826,434.3,-2.079999999999984,-0.48,2026-09-14 16:20:12.306099
SPY,2022-08-08,434.3,441.75,430.53,440.14,66585525,440.14,5.839999999999975,1.34,2026-09-14 16:20:12.306099
SPY,2022-08-09,440.14,443.37,431.21,431.54,89449453,431.54,-8.599999999999966,-1.95,2026-09-14 16:20:12.306099
SPY,2022-08-10,431.54,434.65,429.97,434.55,15260260,434.55,3.009999999999991,0.7,2026-09-14 16:20:12.306099
SPY,2022-08-11,434.55,437.77,431.74,433.5,10620895,433.5,-1.0500000000000114,-0.24,2026-09-14 16:20:12.306099
SPY,2022-08-12,433.5,437.84,429.59,434.77,23914234,434.77,1.2699999999999818,0.29,2026-09-14 16:20:12.306099
SPY,2022-08-15,434.77,437.85,422.48,424.87,33559298,424.87,-9.899999999999975,-2.28,2026-09-14 16:20:12.306099
SPY,2022-08-16,424.87,425.72,417.98,421.0,73323081,421.0,-3.870000000000005,-0.91,2026-09-14 16:20:12.306099
SPY,2022-08-17,421.0,428.09,417.2,427.01,52451637,427.01,6.009999999999991,1.43,2026-09-14 16:20:12.306099
SPY,2022-08-18,427.01,435.22,426.12,431.08,66441719,431.08,4.069999999999993,0.95,2026-09-14 16:20:12.306099
SPY,2022-08-19,431.08,432.46,428.03,429.36,90713737,429.36,-1.7199999999999704,-0.4,2026-09-14 16:20:12.306099
SPY,2022-08-22,429.36,430.03,424.23,425.98,81855187,425.98,-3.3799999999999955,-0.79,2026-09-14 16:20:12.306099
SPY,2022-08-23,425.98,427.13,419.95,421.72,50091439,421.72,-4.259999999999991,-1.0,2026-09-14 16:20:12.306099
SPY,2022-08-24,421.72,431.14,420.37,427.43,73768564,427.43,5.70999999999998,1.35,2026-09-14 16:20:12.306099
SPY,2022-08-25,427.43,430.71,421.22,423.65,11322864,423.65,-3.7800000000000296,-0.88,2026-09-14 16:20:12.306099
SPY,2022-08-26,423.65,426.25,418.05,420.63,35316872,420.63,-3.019999999999982,-0.71,2026-09-14 16:20:12.306099
SPY,2022-08-29,420.63,425.88,419.72,425.08,25624855,425.08,4.449999999999989,1.06,2026-09-14 16:20:12.306099
SPY,2022-08-30,425.08,426.22,418.86,423.08,56024310,423.08,-2.0,-0.47,2026-09-14 16:20:12.306099
SPY,2022-08-31,423.08,426.13,412.01,413.95,12654816,413.95,-9.129999999999995,-2.16,2026-09-14 16:20:12.306099
SPY,2022-09-01,413.95,415.21,407.16,409.5,25589621,409.5,-4.449999999999989,-1.08,2026-09-14 16:20:12.306099
SPY,2022-09-02,409.5,410.29,400.32,401.52,71844826,401.52,-7.980000000000018,-1.95,2026-09-14 16:20:12.306099
SPY,2022-09-05,401.52,409.43,401.23,407.73,71844602,407.73,6.210000000000036,1.55,2026-09-14 16:20:12.306099
SPY,2022-09-06,407.73,413.02,405.55,409.68,99479238,409.68,1.9499999999999889,0.48,2026-09-14 16:20:12.306099
SPY,2022-09-07,409.68,412.72,400.93,402.67,43836806,402.67,-7.009999999999991,-1.71,2026-09-14 16:20:12.306099
SPY,2022-09-08,402.67,412.23,399.63,408.33,39711047,408.33,5.659999999999968,1.41,2026-09-14 16:20:12.306099
SPY,2022-09-09,408.33,410.25,405.8,409.36,46232839,409.36,1.0300000000000296,0.25,2026-09-14 16:20:12.306099
SPY,2022-09-12,409.36,409.45,399.05,402.77,17093874,402.77,-6.590000000000032,-1.61,2026-09-14 16:20:12.306099
SPY,2022-09-13,402.77,408.03,400.78,407.26,27545036,407.26,4.490000000000009,1.11,2026-09-14 16:20:12.306099
SPY,2022-09-14,407.26,408.17,398.49,399.23,29519669,399.23,-8.029999999999973,-1.97,2026-09-14 16:20:12.306099
SPY,2022-09-15,399.23,401.79,395.26,396.09,72716525,396.09,-3.140000000000043,-0.79,2026-09-14 16:20:12.306099
SPY,2022-09-16,396.09,396.87,392.19,393.13,57460043,393.13,-2.9599999999999795,-0.75,2026-09-14 16:20:12.306099
SPY,2022-09-19,393.13,395.32,389.94,393.3,14124823,393.3,0.1700000000000159,0.04,2026-09-14 16:20:12.306099
SPY,2022-09-20,393.3,394.93,391.04,392.02,49769128,392.02,-1.2800000000000296,-0.33,2026-09-14 16:20:12.306099
SPY,2022-09-21,392.02,394.31,387.47,390.08,16909198,390.08,-1.9399999999999973,-0.49,2026-09-14 16:20:12.306099
SPY,2022-09-22,390.08,399.92,388.31,396.91,69083743,396.91,6.830000000000041,1.75,2026-09-14 16:20:12.306099
SPY,2022-09-23,396.91,398.76,391.84,392.15,66990249,392.15,-4.760000000000048,-1.2,2026-09-14 16:20:12.306099
SPY,2022-09-26,392.15,393.54,391.34,393.52,15525961,393.52,1.3700000000000043,0.35,2026-09-14 16:20:12.306099
SPY,2022-09-27,393.52,396.88,390.2,396.82,95270859,396.82,3.300000000000012,0.84,2026-09-14 16:20:12.306099
SPY,2022-09-28,396.82,405.13,394.86,404.21,90205189,404.21,7.389999999999986,1.86,2026-09-14 16:20:12.306099
SPY,2022-09-29,404.21,405.42,396.17,399.51,61654257,399.51,-4.699999999999989,-1.16,2026-09-14 16:20:12.306099
SPY,2022-09-30,399.51,410.66,395.52,406.72,55433958,406.72,7.210000000000036,1.8,2026-09-14 16:20:12.306099
SPY,2022-10-03,406.72,412.79,404.1,410.25,61493040,410.25,3.5299999999999727,0.87,2026-09-14 16:20:12.306099
SPY,2022-10-04,410.25,412.63,404.65,406.83,95022336,406.83,-3.420000000000016,-0.83,2026-09-14 16:20:12.306099
SPY,2022-10-05,406.83,408.43,398.43,400.72,60944760,400.72,-6.109999999999957,-1.5,2026-09-14 16:20:12.306099
SPY,2022-10-06,400.72,400.96,397.09,399.94,75814354,399.94,-0.7800000000000296,-0.19,2026-09-14 16:20:12.306099
SPY,2022-10-07,399.94,403.55,392.8,396.71,83162151,396.71,-3.230000000000018,-0.81,2026-09-14 16:20:12.306099
SPY,2022-10-10,396.71,400.89,393.08,398.94,94152412,398.94,2.230000000000018,0.56,2026-09-14 16:20:12.306099
SPY,2022-10-11,398.94,408.6,398.34,407.99,52507525,407.99,9.050000000000011,2.27,2026-09-14 16:20:12.306099
SPY,2022-10-12,407.99,410.03,399.11,402.33,79280958,402.33,-5.660000000000025,-1.39,2026-09-14 16:20:12.306099
SPY,2022-10-13,402.33,402.86,392.4,395.19,38834240,395.19,-7.139999999999986,-1.77,2026-09-14 16:20:12.306099
SPY,2022-10-14,395.19,402.91,393.4,399.44,62245524,399.44,4.25,1.08,2026-09-14 16:20:12.306099
SPY,2022-10-17,399.44,402.92,388.11,390.28,97472183,390.28,-9.160000000000023,-2.29,2026-09-14 16:20:12.306099
SPY,2022-10-18,390.28,391.8,388.09,391.64,79930621,391.64,1.3600000000000136,0.35,2026-09-14 16:20:12.306099
SPY,2022-10-19,391.64,392.05,379.58,381.26,62798488,381.26,-10.379999999999995,-2.65,2026-09-14 16:20:12.306099
SPY,2022-10-20,381.26,383.99,380.13,381.01,87345026,381.01,-0.25,-0.07,2026-09-14 16:20:12.306099
SPY,2022-10-21,381.01,384.42,372.26,375.4,21633623,375.4,-5.610000000000014,-1.47,2026-09-14 16:20:12.306099
SPY,2022-10-24,375.4,380.7,371.71,378.97,26830642,378.97,3.57000000000005,0.95,2026-09-14 16:20:12.306099
SPY,2022-10-25,378.97,380.13,377.52,377.69,99463638,377.69,-1.2800000000000296,-0.34,2026-09-14 16:20:12.306099
SPY,2022-10-26,377.69,378.0,371.12,374.34,48881826,374.34,-3.3500000000000227,-0.89,2026-09-14 16:20:12.306099
SPY,2022-10-27,374.34,383.17,372.54,379.44,16038866,379.44,5.100000000000023,1.36,2026-09-14 16:20:12.306099
SPY,2022-10-28,379.44,386.86,378.7,384.13,59087072,384.13,4.689999999999998,1.24,2026-09-14 16:20:12.306099
SPY,2022-10-31,384.13,384.32,370.41,371.57,91857934,371.57,-12.560000000000002,-3.27,2026-09-14 16:20:12.306099
SPY,2022-11-01,371.57,375.77,368.07,374.93,44409413,374.93,3.3600000000000136,0.9,2026-09-14 16:20:12.306099
SPY,2022-11-02,374.93,378.23,371.46,373.22,44646549,373.22,-1.7099999999999795,-0.46,2026-09-14 16:20:12.306099
SPY,2022-11-03,373.22,373.93,371.05,371.92,52331850,371.92,-1.3000000000000114,-0.35,2026-09-14 16:20:12.306099
SPY,2022-11-04,371.92,373.02,356.34,357.86,21043668,357.86,-14.060000000000002,-3.78,2026-09-14 16:20:12.306099
SPY,2022-11-07,357.86,361.69,355.33,358.88,46199832,358.88,1.0199999999999818,0.29,2026-09-14 16:20:12.306099
SPY,2022-11-08,358.88,365.07,355.66,363.4,45522167,363.4,4.519999999999982,1.26,2026-09-14 16:20:12.306099
SPY,2022-11-09,363.4,364.2,358.25,359.82,57639827,359.82,-3.579999999999984,-0.99,2026-09-14 16:20:12.306099
SPY,2022-11-10,359.82,372.19,357.75,370.02,24287760,370.02,10.199999999999989,2.83,2026-09-14 16:20:12.306099
SPY,2022-11-11,370.02,381.32,366.71,380.97,54236408,380.97,10.950000000000044,2.96,2026-09-14 16:20:12.306099
SPY,2022-11-14,380.97,384.39,378.31,383.95,77900537,383.95,2.9799999999999613,0.78,2026-09-14 16:20:12.306099
SPY,2022-11-15,383.95,385.57,379.65,380.3,81058411,380.3,-3.649999999999977,-0.95,2026-09-14 16:20:12.306099
SPY,2022-11-16,380.3,388.59,377.1,387.07,67204021,387.07,6.769999999999982,1.78,2026-09-14 16:20:12.306099
SPY,2022-11-17,387.07,389.43,385.91,386.33,21285911,386.33,-0.7400000000000091,-0.19,2026-09-14 16:20:12.306099
SPY,2022-11-18,386.33,390.08,373.89,375.8,14860063,375.8,-10.529999999999973,-2.73,2026-09-14 16:20:12.306099
SPY,2022-11-21,375.8,381.78,373.33,380.0,23938899,380.0,4.199999999999989,1.12,2026-09-14 16:20:12.306099
SPY,2022-11-22,380.0,386.69,379.45,383.89,49436198,383.89,3.8899999999999855,1.02,2026-09-14 16:20:12.306099
SPY,2022-11-23,383.89,397.05,382.19,396.55,20030961,396.55,12.660000000000023,3.3,2026-09-14 16:20:12.306099
SPY,2022-11-24,396.55,409.58,393.83,405.87,12078382,405.87,9.319999999999991,2.35,2026-09-14 16:20:12.306099
SPY,2022-11-25,405.87,407.48,402.24,406.29,77237770,406.29,0.4200000000000159,0.1,2026-09-14 16:20:12.306099
SPY,2022-11-28,406.29,418.05,402.51,417.41,82731623,417.41,11.120000000000005,2.74,2026-09-14 16:20:12.306099
SPY,2022-11-29,417.41,432.6,415.62,430.86,62875573,430.86,13.449999999999989,3.22,2026-09-14 16:20:12.306099
SPY,2022-11-30,430.86,445.23,427.94,442.28,49814698,442.28,11.41999999999996,2.65,2026-09-14 16:20:12.306099
SPY,2022-12-01,442.28,447.3,440.26,447.08,82035842,447.08,4.800000000000011,1.09,2026-09-14 16:20:12.306099
SPY,2022-12-02,447.08,459.69,443.87,455.5,79987334,455.5,8.420000000000016,1.88,2026-09-14 16:20:12.306099
SPY,2022-12-05,455.5,456.29,449.58,453.72,69327683,453.72,-1.7799999999999727,-0.39,2026-09-14 16:20:12.306099
SPY,2022-12-06,453.72,456.52,449.19,451.24,22126521,451.24,-2.480000000000018,-0.55,2026-09-14 16:20:12.306099
SPY,2022-12-07,451.24,455.15,447.04,452.44,84637682,452.44,1.1999999999999886,0.27,2026-09-14 16:20:12.306099
SPY,2022-12-08,452.44,454.47,451.64,451.79,41606956,451.79,-0.6499999999999773,-0.14,2026-09-14 16:20:12.306099
SPY,2022-12-09,451.79,455.14,438.36,440.67,87606961,440.67,-11.120000000000005,-2.46,2026-09-14 16:20:12.306099
SPY,2022-12-12,440.67,444.89,434.82,437.89,11198273,437.89,-2.7800000000000296,-0.63,2026-09-14 16:20:12.306099
SPY,2022-12-13,437.89,438.25,429.38,432.15,37079707,432.15,-5.740000000000009,-1.31,2026-09-14 16:20:12.306099
SPY,2022-12-14,432.15,437.21,430.27,434.48,15807071,434.48,2.330000000000041,0.54,2026-09-14 16:20:12.306099
SPY,2022-12-15,434.48,439.13,431.8,437.97,64842458,437.97,3.490000000000009,0.8,2026-09-14 16:20:12.306099
SPY,2022-12-16,437.97,442.34,433.83,435.78,28482097,435.78,-2.1900000000000546,-0.5,2026-09-14 16:20:12.306099
SPY,2022-12-19,435.78,438.41,431.16,431.17,37012020,431.17,-4.609999999999957,-1.06,2026-09-14 16:20:12.306099
SPY,2022-12-20,431.17,435.4,429.82,432.39,46351868,432.39,1.2199999999999704,0.28,2026-09-14 16:20:12.306099
SPY,2022-12-21,432.39,441.89,429.42,440.6,40353567,440.6,8.210000000000036,1.9,2026-09-14 16:20:12.306099
SPY,2022-12-22,440.6,443.37,437.9,442.05,60473511,442.05,1.4499999999999886,0.33,2026-09-14 16:20:12.306099
SPY,2022-12-23,442.05,448.69,439.2,445.87,11179860,445.87,3.819999999999993,0.86,2026-09-14 16:20:12.306099
SPY,2022-12-26,445.87,446.96,437.64,441.3,34789248,441.3,-4.569999999999993,-1.02,2026-09-14 16:20:12.306099
SPY,2022-12-27,441.3,449.46,438.89,447.05,82987615,447.05,5.75,1.3,2026-09-14 16:20:12.306099
SPY,2022-12-28,447.05,448.31,443.37,446.09,75545293,446.09,-0.9600000000000364,-0.21,2026-09-14 16:20:12.306099
SPY,2022-12-29,446.09,456.25,443.9,453.45,21976121,453.45,7.360000000000014,1.65,2026-09-14 16:20:12.306099
SPY,2022-12-30,453.45,456.55,445.13,445.87,51370956,445.87,-7.579999999999984,-1.67,2026-09-14 16:20:12.306099
SPY,2023-01-02,445.87,450.53,442.6,449.55,68530380,449.55,3.680000000000007,0.83,2026-09-14 16:20:12.306099
SPY,2023-01-03,449.55,469.28,445.29,464.69,33896899,464.69,15.139999999999986,3.37,2026-09-14 16:20:12.306099
SPY,2023-01-04,464.69,471.93,462.8,467.75,95933846,467.75,3.0600000000000023,0.66,2026-09-14 16:20:12.306099
SPY,2023-01-05,467.75,471.13,461.91,464.7,41156644,464.7,-3.050000000000012,-0.65,2026-09-14 16:20:12.306099
SPY,2023-01-06,464.7,470.91,463.62,470.8,33516597,470.8,6.100000000000023,1.31,2026-09-14 16:20:12.306099
SPY,2023-01-09,470.8,470.96,460.62,462.25,29644719,462.25,-8.550000000000011,-1.82,2026-09-14 16:20:12.306099
SPY,2023-01-10,462.25,462.98,457.92,461.74,18541258,461.74,-0.5099999999999909,-0.11,2026-09-14 16:20:12.306099
SPY,2023-01-11,461.74,465.73,461.55,465.47,49801873,465.47,3.730000000000018,0.81,2026-09-14 16:20:12.306099
SPY,2023-01-12,465.47,468.46,462.2,465.91,37882964,465.91,0.4399999999999977,0.09,2026-09-14 16:20:12.306099
SPY,2023-01-13,465.91,469.74,460.51,461.27,81860746,461.27,-4.640000000000043,-1.0,2026-09-14 16:20:12.306099
SPY,2023-01-16,461.27,474.54,459.82,473.17,43356651,473.17,11.900000000000034,2.58,2026-09-14 16:20:12.306099
SPY,2023-01-17,473.17,483.86,471.67,479.16,94768112,479.16,5.990000000000009,1.27,2026-09-14 16:20:12.306099
SPY,2023-01-18,479.16,484.53,476.61,483.98,97883278,483.98,4.819999999999993,1.01,2026-09-14 16:20:12.306099
SPY,2023-01-19,483.98,487.85,465.31,467.52,86500163,467.52,-16.460000000000036,-3.4,2026-09-14 16:20:12.306099
SPY,2023-01-20,467.52,470.73,458.21,461.05,56632854,461.05,-6.46999999999997,-1.38,2026-09-14 16:20:12.306099
SPY,2023-01-23,461.05,464.84,459.5,462.27,89399537,462.27,1.2199999999999704,0.26,2026-09-14 16:20:12.306099
SPY,2023-01-24,462.27,466.3,459.11,463.71,41398490,463.71,1.4399999999999975,0.31,2026-09-14 16:20:12.306099
SPY,2023-01-25,463.71,464.62,457.5,461.44,69903286,461.44,-2.269999999999982,-0.49,2026-09-14 16:20:12.306099
SPY,2023-01-26,461.44,472.22,456.85,470.73,42148915,470.73,9.29000000000002,2.01,2026-09-14 16:20:12.306099
SPY,2023-01-27,470.73,475.25,463.28,466.34,94009809,466.34,-4.390000000000043,-0.93,2026-09-14 16:20:12.306099
SPY,2023-01-30,466.34,476.82,464.52,475.65,87302113,475.65,9.310000000000002,2.0,2026-09-14 16:20:12.306099
SPY,2023-01-31,475.65,489.73,474.85,486.28,45979174,486.28,10.629999999999995,2.23,2026-09-14 16:20:12.306099
SPY,2023-02-01,486.28,490.86,480.05,481.61,25531553,481.61,-4.669999999999959,-0.96,2026-09-14 16:20:12.306099
SPY,2023-02-02,481.61,484.73,477.59,484.11,51011555,484.11,2.5,0.52,2026-09-14 16:20:12.306099
SPY,2023-02-03,484.11,491.35,480.27,487.57,42594441,487.57,3.4599999999999795,0.71,2026-09-14 16:20:12.306099
SPY,2023-02-06,487.57,489.82,483.41,484.68,90978030,484.68,-2.8899999999999864,-0.59,2026-09-14 16:20:12.306099
SPY,2023-02-07,484.68,490.34,481.71,485.5,92381271,485.5,0.8199999999999932,0.17,2026-09-14 16:20:12.306099
SPY,2023-02-08,485.5,489.81,481.26,487.92,85339079,487.92,2.420000000000016,0.5,2026-09-14 16:20:12.306099
SPY,2023-02-09,487.92,498.35,484.9,496.95,45063867,496.95,9.029999999999973,1.85,2026-09-14 16:20:12.306099
SPY,2023-02-10,496.95,501.58,493.4,498.98,56666604,498.98,2.0300000000000296,0.41,2026-09-14 16:20:12.306099
SPY,2023-02-13,498.98,515.71,494.1,511.58,42659076,511.58,12.599999999999966,2.53,2026-09-14 16:20:12.306099
SPY,2023-02-14,511.58,525.48,510.25,520.98,73477641,520.98,9.400000000000034,1.84,2026-09-14 16:20:12.306099
SPY,2023-02-15,520.98,524.84,513.81,513.97,64406730,513.97,-7.009999999999991,-1.35,2026-09-14 16:20:12.306099
SPY,2023-02-16,513.97,517.14,511.76,511.9,20815217,511.9,-2.07000000000005,-0.4,2026-09-14 16:20:12.306099
SPY,2023-02-17,511.9,514.4,503.51,508.38,47348343,508.38,-3.519999999999982,-0.69,2026-09-14 16:20:12.306099
SPY,2023-02-20,508.38,515.59,504.11,515.41,87315193,515.41,7.029999999999973,1.38,2026-09-14 16:20:12.306099
SPY,2023-02-21,515.41,517.0,501.83,506.44,79993425,506.44,-8.96999999999997,-1.74,2026-09-14 16:20:12.306099
SPY,2023-02-22,506.44,515.22,501.82,512.98,77249988,512.98,6.5400000000000205,1.29,2026-09-14 16:20:12.306099
SPY,2023-02-23,512.98,517.32,512.48,514.76,82967049,514.76,1.7799999999999727,0.35,2026-09-14 16:20:12.306099
SPY,2023-02-24,514.76,516.59,502.67,504.23,32701073,504.23,-10.529999999999973,-2.05,2026-09-14 16:20:12.306099
SPY,2023-02-27,504.23,513.85,500.4,509.03,49006495,509.03,4.7999999999999545,0.95,2026-09-14 16:20:12.306099
SPY,2023-02-28,509.03,509.74,502.12,505.7,28277293,505.7,-3.329999999999984,-0.65,2026-09-14 16:20:12.306099
SPY,2023-03-01,505.7,519.4,502.77,514.48,82751254,514.48,8.78000000000003,1.74,2026-09-14 16:20:12.306099
SPY,2023-03-02,514.48,516.18,501.82,506.35,82941677,506.35,-8.129999999999995,-1.58,2026-09-14 16:20:12.306099
SPY,2023-03-03,506.35,518.29,504.99,515.26,62693249,515.26,8.909999999999968,1.76,2026-09-14 16:20:12.306099
SPY,2023-03-06,515.26,520.72,512.59,519.67,10177959,519.67,4.409999999999968,0.86,2026-09-14 16:20:12.306099
SPY,2023-03-07,519.67,532.31,517.87,531.5,87251788,531.5,11.83000000000004,2.28,2026-09-14 16:20:12.306099
SPY,2023-03-08,531.5,537.01,530.27,536.13,86218953,536.13,4.629999999999996,0.87,2026-09-14 16:20:12.306099
SPY,2023-03-09,536.13,540.1,529.94,530.39,68347459,530.39,-5.740000000000009,-1.07,2026-09-14 16:20:12.306099
SPY,2023-03-10,530.39,534.37,526.55,529.3,26100551,529.3,-1.0900000000000318,-0.21,2026-09-14 16:20:12.306099
SPY,2023-03-13,529.3,534.59,524.03,531.85,53232615,531.85,2.550000000000068,0.48,2026-09-14 16:20:12.306099
SPY,2023-03-14,531.85,536.45,530.68,533.48,89160906,533.48,1.6299999999999957,0.31,2026-09-14 16:20:12.306099
SPY,2023-03-15,533.48,534.17,525.78,528.9,72685650,528.9,-4.580000000000041,-0.86,2026-09-14 16:20:12.306099
SPY,2023-03-16,528.9,532.32,526.45,529.01,53387082,529.01,0.1100000000000136,0.02,2026-09-14 16:20:12.306099
SPY,2023-03-17,529.01,539.19,525.26,536.13,50718507,536.13,7.1200000000000045,1.35,2026-09-14 16:20:12.306099
SPY,2023-03-20,536.13,544.42,532.58,541.78,33679892,541.78,5.649999999999977,1.05,2026-09-14 16:20:12.306099
SPY,2023-03-21,541.78,548.5,540.15,545.95,15608080,545.95,4.170000000000073,0.77,2026-09-14 16:20:12.306099
SPY,2023-03-22,545.95,546.0,543.26,545.38,43358941,545.38,-0.57000000000005,-0.1,2026-09-14 16:20:12.306099
SPY,2023-03-23,545.38,551.77,540.7,546.38,97757543,546.38,1.0,0.18,2026-09-14 16:20:12.306099
SPY,2023-03-24,546.38,552.66,544.84,552.25,36728882,552.25,5.8700000000000045,1.07,2026-09-14 16:20:12.306099
SPY,2023-03-27,552.25,561.71,547.31,556.99,64447659,556.99,4.740000000000009,0.86,2026-09-14 16:20:12.306099
SPY,2023-03-28,556.99,560.97,553.46,555.91,23487795,555.91,-1.080000000000041,-0.19,2026-09-14 16:20:12.306099
SPY,2023-03-29,555.91,559.76,550.15,552.1,21574023,552.1,-3.8099999999999454,-0.69,2026-09-14 16:20:12.306099
SPY,2023-03-30,552.1,556.53,545.05,548.03,99996138,548.03,-4.07000000000005,-0.74,2026-09-14 16:20:12.306099
SPY,2023-03-31,548.03,553.19,543.23,546.67,76278014,546.67,-1.3600000000000136,-0.25,2026-09-14 16:20:12.306099
SPY,2023-04-03,546.67,551.22,542.28,543.85,88051125,543.85,-2.8199999999999363,-0.52,2026-09-14 16:20:12.306099
SPY,2023-04-04,543.85,547.02,540.18,546.78,54972788,546.78,2.92999999999995,0.54,2026-09-14 16:20:12.306099
SPY,2023-04-05,546.78,554.69,546.43,552.42,26219201,552.42,5.639999999999986,1.03,2026-09-14 16:20:12.306099
SPY,2023-04-06,552.42,554.09,548.95,552.79,58767423,552.79,0.3700000000000045,0.07,2026-09-14 16:20:12.306099
SPY,2023-04-07,552.79,564.06,550.67,562.49,89216775,562.49,9.700000000000044,1.75,2026-09-14 16:20:12.306099
SPY,2023-04-10,562.49,571.53,562.23,569.33,64080853,569.33,6.840000000000032,1.22,2026-09-14 16:20:12.306099
SPY,2023-04-11,569.33,572.13,563.47,565.98,68911620,565.98,-3.3500000000000227,-0.59,2026-09-14 16:20:12.306099
SPY,2023-04-12,565.98,571.03,560.59,562.96,40749527,562.96,-3.019999999999982,-0.53,2026-09-14 16:20:12.306099
SPY,2023-04-13,562.96,568.59,562.49,566.56,23980245,566.56,3.599999999999909,0.64,2026-09-14 16:20:12.306099
SPY,2023-04-14,566.56,569.74,554.3,557.27,17379199,557.27,-9.289999999999964,-1.64,2026-09-14 16:20:12.306099
SPY,2023-04-17,557.27,559.48,553.15,555.64,43892394,555.64,-1.6299999999999957,-0.29,2026-09-14 16:20:12.306099
SPY,2023-04-18,555.64,560.01,552.11,555.94,65015689,555.94,0.3000000000000682,0.05,2026-09-14 16:20:12.306099
SPY,2023-04-19,555.94,560.1,552.57,558.98,24261047,558.98,3.039999999999964,0.55,2026-09-14 16:20:12.306099
SPY,2023-04-20,558.98,561.51,548.94,552.15,87651513,552.15,-6.830000000000041,-1.22,2026-09-14 16:20:12.306099
SPY,2023-04-21,552.15,552.7,541.52,546.39,42848540,546.39,-5.759999999999991,-1.04,2026-09-14 16:20:12.306099
SPY,2023-04-24,546.39,548.01,543.05,545.34,56887368,545.34,-1.0499999999999543,-0.19,2026-09-14 16:20:12.306099
SPY,2023-04-25,545.34,558.8,542.55,554.81,78746212,554.81,9.469999999999914,1.74,2026-09-14 16:20:12.306099
SPY,2023-04-26,554.81,555.13,547.96,551.22,13894133,551.22,-3.589999999999918,-0.65,2026-09-14 16:20:12.306099
SPY,2023-04-27,551.22,559.97,546.86,555.74,89544448,555.74,4.519999999999982,0.82,2026-09-14 16:20:12.306099
SPY,2023-04-28,555.74,565.16,555.03,564.69,31987852,564.69,8.950000000000045,1.61,2026-09-14 16:20:12.306099
SPY,2023-05-01,564.69,586.04,561.04,582.97,24625315,582.97,18.279999999999973,3.24,2026-09-14 16:20:12.306099
SPY,2023-05-02,582.97,583.98,572.23,576.59,37187906,576.59,-6.379999999999996,-1.09,2026-09-14 16:20:12.306099
SPY,2023-05-03,576.59,579.07,571.19,572.6,43236915,572.6,-3.990000000000009,-0.69,2026-09-14 16:20:12.306099
SPY,2023-05-04,572.6,581.01,571.6,579.07,30920740,579.07,6.470000000000027,1.13,2026-09-14 16:20:12.306099
SPY,2023-05-05,579.07,584.29,569.85,573.85,51702489,573.85,-5.220000000000027,-0.9,2026-09-14 16:20:12.306099
SPY,2023-05-08,573.85,575.31,564.83,567.12,38785205,567.12,-6.730000000000018,-1.17,2026-09-14 16:20:12.306099
SPY,2023-05-09,567.12,577.56,565.51,573.3,78602304,573.3,6.17999999999995,1.09,2026-09-14 16:20:12.306099
SPY,2023-05-10,573.3,586.87,572.69,585.68,31442169,585.68,12.379999999999995,2.16,2026-09-14 16:20:12.306099
SPY,2023-05-11,585.68,596.72,583.77,591.39,41969617,591.39,5.710000000000036,0.97,2026-09-14 16:20:12.306099
SPY,2023-05-12,591.39,591.78,581.3,582.58,22109152,582.58,-8.809999999999945,-1.49,2026-09-14 16:20:12.306099
SPY,2023-05-15,582.58,596.06,581.54,594.95,68278301,594.95,12.370000000000005,2.12,2026-09-14 16:20:12.306099
SPY,2023-05-16,594.95,601.31,590.76,601.23,69327790,601.23,6.279999999999973,1.06,2026-09-14 16:20:12.306099
SPY,2023-05-17,601.23,605.4,590.34,593.36,93422596,593.36,-7.870000000000003,-1.31,2026-09-14 16:20:12.306099
SPY,2023-05-18,593.36,601.14,589.49,598.3,91782887,598.3,4.939999999999941,0.83,2026-09-14 16:20:12.306099
SPY,2023-05-19,598.3,604.15,584.48,588.34,72929128,588.34,-9.959999999999924,-1.66,2026-09-14 16:20:12.306099
SPY,2023-05-22,588.34,592.66,581.24,584.3,79535536,584.3,-4.040000000000077,-0.69,2026-09-14 16:20:12.306099
SPY,2023-05-23,584.3,589.75,577.48,582.27,67389505,582.27,-2.0299999999999727,-0.35,2026-09-14 16:20:12.306099
SPY,2023-05-24,582.27,583.99,576.98,578.44,33132248,578.44,-3.8299999999999272,-0.66,2026-09-14 16:20:12.306099
SPY,2023-05-25,578.44,590.88,574.5,585.74,44988376,585.74,7.299999999999954,1.26,2026-09-14 16:20:12.306099
SPY,2023-05-26,585.74,600.75,581.73,595.61,45771908,595.61,9.870000000000005,1.69,2026-09-14 16:20:12.306099
SPY,2023-05-29,595.61,603.39,594.69,600.94,65695123,600.94,5.330000000000041,0.89,2026-09-14 16:20:12.306099
SPY,2023-05-30,600.94,603.04,588.36,593.88,86883360,593.88,-7.060000000000059,-1.17,2026-09-14 16:20:12.306099
SPY,2023-05-31,593.88,599.13,593.77,598.77,67589765,598.77,4.889999999999986,0.82,2026-09-14 16:20:12.306099
SPY,2023-06-01,598.77,601.76,593.44,593.58,23034599,593.58,-5.189999999999941,-0.87,2026-09-14 16:20:12.306099
SPY,2023-06-02,593.58,597.3,580.69,583.53,19198611,583.53,-10.050000000000068,-1.69,2026-09-14 16:20:12.306099
SPY,2023-06-05,583.53,588.77,580.97,583.69,23478615,583.69,0.1600000000000818,0.03,2026-09-14 16:20:12.306099
SPY,2023-06-06,583.69,589.12,572.87,573.53,24076697,573.53,-10.160000000000082,-1.74,2026-09-14 16:20:12.306099
SPY,2023-06-07,573.53,575.48,557.97,563.02,74148750,563.02,-10.509999999999993,-1.83,2026-09-14 16:20:12.306099
SPY,2023-06-08,563.02,567.92,557.41,561.01,54427090,561.01,-2.009999999999991,-0.36,2026-09-14 16:20:12.306099
SPY,2023-06-09,561.01,564.65,555.49,560.52,13462863,560.52,-0.4900000000000091,-0.09,2026-09-14 16:20:12.306099
SPY,2023-06-12,560.52,565.77,558.36,560.5,13228327,560.5,-0.0199999999999818,-0.0,2026-09-14 16:20:12.306099
SPY,2023-06-13,560.5,568.55,556.58,564.65,20354053,564.65,4.149999999999977,0.74,2026-09-14 16:20:12.306099
SPY,2023-06-14,564.65,567.84,554.28,558.12,24111122,558.12,-6.529999999999973,-1.16,2026-09-14 16:20:12.306099
SPY,2023-06-15,558.12,567.48,557.84,564.31,30138084,564.31,6.189999999999941,1.11,2026-09-14 16:20:12.306099
SPY,2023-06-16,564.31,571.53,562.49,566.54,88117937,566.54,2.230000000000018,0.4,2026-09-14 16:20:12.306099
SPY,2023-06-19,566.54,572.46,561.07,566.9,65524401,566.9,0.3600000000000136,0.06,2026-09-14 16:20:12.306099
SPY,2023-06-20,566.9,567.71,557.22,560.19,45846880,560.19,-6.709999999999923,-1.18,2026-09-14 16:20:12.306099
SPY,2023-06-21,560.19,560.69,553.52,558.18,97040304,558.18,-2.0100000000001046,-0.36,2026-09-14 16:20:12.306099
SPY,2023-06-22,558.18,561.71,548.09,552.52,59896835,552.52,-5.659999999999968,-1.01,2026-09-14 16:20:12.306099
SPY,2023-06-23,552.52,561.64,551.02,558.78,52444017,558.78,6.259999999999991,1.13,2026-09-14 16:20:12.306099
SPY,2023-06-26,558.78,560.2,535.86,540.11,65597195,540.11,-18.66999999999996,-3.34,2026-09-14 16:20:12.306099
SPY,2023-06-27,540.11,542.39,527.38,529.35,50310868,529.35,-10.759999999999993,-1.99,2026-09-14 16:20:12.306099
SPY,2023-06-28,529.35,531.1,523.73,528.05,93553041,528.05,-1.3000000000000682,-0.25,2026-09-14 16:20:12.306099
SPY,2023-06-29,528.05,536.06,523.14,532.27,27274556,532.27,4.220000000000027,0.8,2026-09-14 16:20:12.306099
SPY,2023-06-30,532.27,532.66,528.69,531.03,39803271,531.03,-1.240000000000009,-0.23,2026-09-14 16:20:12.306099
SPY,2023-07-03,531.03,540.05,530.02,537.62,45206228,537.62,6.590000000000032,1.24,2026-09-14 16:20:12.306099
SPY,2023-07-04,537.62,542.47,536.16,539.57,20112295,539.57,1.9500000000000453,0.36,2026-09-14 16:20:12.306099
SPY,2023-07-05,539.57,543.42,529.87,531.18,69291727,531.18,-8.3900000000001,-1.55,2026-09-14 16:20:12.306099
SPY,2023-07-06,531.18,537.39,530.47,534.72,65309308,534.72,3.5400000000000773,0.67,2026-09-14 16:20:12.306099
SPY,2023-07-07,534.72,545.72,530.64,541.3,46187504,541.3,6.579999999999927,1.23,2026-09-14 16:20:12.306099
SPY,2023-07-10,541.3,546.0,538.23,542.15,23058294,542.15,0.8500000000000227,0.16,2026-09-14 16:20:12.306099
SPY,2023-07-11,542.15,544.62,537.3,542.81,84652152,542.81,0.6599999999999682,0.12,2026-09-14 16:20:12.306099
SPY,2023-07-12,542.81,545.95,540.65,544.56,82403485,544.56,1.75,0.32,2026-09-14 16:20:12.306099
SPY,2023-07-13,544.56,546.28,539.95,543.54,13014150,543.54,-1.0199999999999818,-0.19,2026-09-14 16:20:12.306099
SPY,2023-07-14,543.54,547.68,536.32,539.14,60184209,539.14,-4.399999999999977,-0.81,2026-09-14 16:20:12.306099
SPY,2023-07-17,539.14,558.97,536.2,556.02,47239426,556.02,16.879999999999995,3.13,2026-09-14 16:20:12.306099
SPY,2023-07-18,556.02,556.29,547.46,549.75,87173798,549.75,-6.269999999999982,-1.13,2026-09-14 16:20:12.306099
SPY,2023-07-19,549.75,554.89,545.23,547.56,24093907,547.56,-2.1900000000000546,-0.4,2026-09-14 16:20:12.306099
SPY,2023-07-20,547.56,549.35,531.57,536.5,94518605,536.5,-11.059999999999944,-2.02,2026-09-14 16:20:12.306099
SPY,2023-07-21,536.5,537.14,527.42,529.84,47598372,529.84,-6.659999999999968,-1.24,2026-09-14 16:20:12.306099
SPY,2023-07-24,529.84,535.83,527.82,535.42,43466960,535.42,5.579999999999927,1.05,2026-09-14 16:20:12.306099
SPY,2023-07-25,535.42,553.47,535.35,551.3,11801681,551.3,15.879999999999995,2.97,2026-09-14 16:20:12.306099
SPY,2023-07-26,551.3,554.94,542.69,543.56,87960255,543.56,-7.740000000000009,-1.4,2026-09-14 16:20:12.306099
SPY,2023-07-27,543.56,547.38,542.0,546.54,97629655,546.54,2.980000000000018,0.55,2026-09-14 16:20:12.306099
SPY,2023-07-28,546.54,550.62,543.67,549.32,28499655,549.32,2.7800000000000864,0.51,2026-09-14 16:20:12.306099
SPY,2023-07-31,549.32,553.68,539.48,543.83,65554243,543.83,-5.490000000000009,-1.0,2026-09-14 16:20:12.306099
SPY,2023-08-01,543.83,546.94,539.05,545.19,22974554,545.19,1.3600000000000136,0.25,2026-09-14 16:20:12.306099
SPY,2023-08-02,545.19,550.98,539.95,545.56,55685857,545.56,0.3699999999998908,0.07,2026-09-14 16:20:12.306099
SPY,2023-08-03,545.56,554.75,541.96,554.1,12792921,554.1,8.540000000000077,1.57,2026-09-14 16:20:12.306099
SPY,2023-08-04,554.1,556.42,546.25,551.18,97160739,551.18,-2.9200000000000728,-0.53,2026-09-14 16:20:12.306099
SPY,2023-08-07,551.18,570.67,549.58,566.15,14081566,566.15,14.970000000000027,2.72,2026-09-14 16:20:12.306099
SPY,2023-08-08,566.15,567.83,560.21,563.91,43395252,563.91,-2.240000000000009,-0.4,2026-09-14 16:20:12.306099
SPY,2023-08-09,563.91,567.84,561.77,565.73,78320684,565.73,1.82000000000005,0.32,2026-09-14 16:20:12.306099
SPY,2023-08-10,565.73,567.17,554.21,557.99,60669434,557.99,-7.740000000000009,-1.37,2026-09-14 16:20:12.306099
SPY,2023-08-11,557.99,560.59,531.26,536.19,29061417,536.19,-21.799999999999955,-3.91,2026-09-14 16:20:12.306099
SPY,2023-08-14,536.19,537.67,528.45,531.3,97760165,531.3,-4.8900000000001,-0.91,2026-09-14 16:20:12.306099
SPY,2023-08-15,531.3,541.85,526.85,537.37,33347407,537.37,6.07000000000005,1.14,2026-09-14 16:20:12.306099
SPY,2023-08-16,537.37,542.68,531.32,536.44,64516638,536.44,-0.92999999999995,-0.17,2026-09-14 16:20:12.306099
SPY,2023-08-17,536.44,537.08,532.03,533.45,64118167,533.45,-2.990000000000009,-0.56,2026-09-14 16:20:12.306099
SPY,2023-08-18,533.45,537.18,528.87,533.07,26237947,533.07,-0.3799999999999954,-0.07,2026-09-14 16:20:12.306099
SPY,2023-08-21,533.07,533.39,530.43,531.84,83332006,531.84,-1.2300000000000182,-0.23,2026-09-14 16:20:12.306099
SPY,2023-08-22,531.84,533.01,523.39,528.55,92112790,528.55,-3.2900000000000773,-0.62,2026-09-14 16:20:12.306099
SPY,2023-08-23,528.55,529.47,518.34,519.66,31165093,519.66,-8.889999999999986,-1.68,2026-09-14 16:20:12.306099
SPY,2023-08-24,519.66,533.93,518.8,528.8,77204185,528.8,9.139999999999986,1.76,2026-09-14 16:20:12.306099
SPY,2023-08-25,528.8,532.88,528.43,530.0,15557817,530.0,1.2000000000000457,0.23,2026-09-14 16:20:12.306099
SPY,2023-08-28,530.0,537.54,526.62,532.61,68626135,532.61,2.6100000000000136,0.49,2026-09-14 16:20:12.306099
SPY,2023-08-29,532.61,536.47,527.86,531.48,51551689,531.48,-1.1299999999999957,-0.21,2026-09-14 16:20:12.306099
SPY,2023-08-30,531.48,540.3,526.38,535.66,99693451,535.66,4.17999999999995,0.79,2026-09-14 16:20:12.306099
SPY,2023-08-31,535.66,542.05,534.43,541.87,27716404,541.87,6.210000000000036,1.16,2026-09-14 16:20:12.306099
SPY,2023-09-01,541.87,548.15,538.25,546.18,57312006,546.18,4.309999999999945,0.8,2026-09-14 16:20:12.306099
SPY,2023-09-04,546.18,551.49,543.22,543.49,11295881,543.49,-2.689999999999941,-0.49,2026-09-14 16:20:12.306099
SPY,2023-09-05,543.49,548.67,540.86,545.69,86799476,545.69,2.200000000000045,0.4,2026-09-14 16:20:12.306099
SPY,2023-09-06,545.69,548.82,538.14,543.21,50126817,543.21,-2.480000000000018,-0.45,2026-09-14 16:20:12.306099
SPY,2023-09-07,543.21,551.28,541.31,550.9,13725847,550.9,7.689999999999941,1.42,2026-09-14 16:20:12.306099
SPY,2023-09-08,550.9,554.15,538.75,543.92,67456542,543.92,-6.980000000000018,-1.27,2026-09-14 16:20:12.306099
SPY,2023-09-11,543.92,548.45,541.71,543.5,74284452,543.5,-0.4199999999999591,-0.08,2026-09-14 16:20:12.306099
SPY,2023-09-12,543.5,547.63,537.08,542.1,17138714,542.1,-1.3999999999999773,-0.26,2026-09-14 16:20:12.306099
SPY,2023-09-13,542.1,546.11,540.55,543.17,40750692,543.17,1.0699999999999363,0.2,2026-09-14 16:20:12.306099
SPY,2023-09-14,543.17,548.64,543.01,547.04,79226758,547.04,3.870000000000005,0.71,2026-09-14 16:20:12.306099
SPY,2023-09-15,547.04,548.43,541.78,547.06,90858522,547.06,0.0199999999999818,0.0,2026-09-14 16:20:12.306099
SPY,2023-09-18,547.06,549.87,543.73,545.01,25644625,545.01,-2.0499999999999545,-0.37,2026-09-14 16:20:12.306099
SPY,2023-09-19,545.01,549.86,537.27,541.28,55946334,541.28,-3.730000000000018,-0.68,2026-09-14 16:20:12.306099
SPY,2023-09-20,541.28,545.34,541.22,541.54,57184984,541.54,0.2599999999999909,0.05,2026-09-14 16:20:12.306099
SPY,2023-09-21,541.54,545.62,534.28,536.7,77062526,536.7,-4.839999999999918,-0.89,2026-09-14 16:20:12.306099
SPY,2023-09-22,536.7,537.96,526.5,527.27,40585414,527.27,-9.430000000000064,-1.76,2026-09-14 16:20:12.306099
SPY,2023-09-25,527.27,529.24,520.17,522.6,49270036,522.6,-4.669999999999959,-0.89,2026-09-14 16:20:12.306099
SPY,2023-09-26,522.6,529.84,521.86,525.89,41563591,525.89,3.289999999999964,0.63,2026-09-14 16:20:12.306099
SPY,2023-09-27,525.89,526.05,522.7,525.9,88840139,525.9,0.0099999999999909,0.0,2026-09-14 16:20:12.306099
SPY,2023-09-28,525.9,528.01,520.41,521.51,22851970,521.51,-4.389999999999986,-0.83,2026-09-14 16:20:12.306099
SPY,2023-09-29,521.51,525.48,517.83,522.49,89370232,522.49,0.9800000000000182,0.19,2026-09-14 16:20:12.306099
SPY,2023-10-02,522.49,523.43,514.76,518.46,77302544,518.46,-4.029999999999973,-0.77,2026-09-14 16:20:12.306099
SPY,2023-10-03,518.46,524.31,515.94,521.09,39969947,521.09,2.6299999999999955,0.51,2026-09-14 16:20:12.306099
SPY,2023-10-04,521.09,522.38,516.15,517.85,46511987,517.85,-3.240000000000009,-0.62,2026-09-14 16:20:12.306099
SPY,2023-10-05,517.85,522.26,507.3,510.44,75347322,510.44,-7.410000000000025,-1.43,2026-09-14 16:20:12.306099
SPY,2023-10-06,510.44,513.44,507.9,508.43,51694480,508.43,-2.009999999999991,-0.39,2026-09-14 16:20:12.306099
SPY,2023-10-09,508.43,509.34,497.43,501.95,47547341,501.95,-6.480000000000018,-1.27,2026-09-14 16:20:12.306099
SPY,2023-10-10,501.95,507.05,498.28,504.68,62587291,504.68,2.730000000000018,0.54,2026-09-14 16:20:12.306099
SPY,2023-10-11,504.68,509.35,493.0,496.28,52486511,496.28,-8.400000000000034,-1.66,2026-09-14 16:20:12.306099
SPY,2023-10-12,496.28,500.68,492.46,499.38,47010286,499.38,3.1000000000000227,0.62,2026-09-14 16:20:12.306099
SPY,2023-10-13,499.38,500.74,494.15,498.09,91602259,498.09,-1.2900000000000205,-0.26,2026-09-14 16:20:12.306099
SPY,2023-10-16,498.09,501.96,483.17,486.59,56794777,486.59,-11.5,-2.31,2026-09-14 16:20:12.306099
SPY,2023-10-17,486.59,489.32,474.79,477.47,15826047,477.47,-9.119999999999948,-1.87,2026-09-14 16:20:12.306099
SPY,2023-10-18,477.47,478.19,467.87,470.68,52536990,470.68,-6.7900000000000205,-1.42,2026-09-14 16:20:12.306099
SPY,2023-10-19,470.68,471.78,469.87,470.68,59605400,470.68,0.0,0.0,2026-09-14 16:20:12.306099
SPY,2023-10-20,470.68,476.85,467.79,476.08,91523562,476.08,5.399999999999977,1.15,2026-09-14 16:20:12.306099
SPY,2023-10-23,476.08,477.08,467.69,468.8,60180510,468.8,-7.279999999999973,-1.53,2026-09-14 16:20:12.306099
SPY,2023-10-24,468.8,473.39,463.09,463.58,59171043,463.58,-5.220000000000027,-1.11,2026-09-14 16:20:12.306099
SPY,2023-10-25,463.58,473.7,459.07,473.18,51596014,473.18,9.600000000000025,2.07,2026-09-14 16:20:12.306099
SPY,2023-10-26,473.18,491.67,469.2,489.59,91766610,489.59,16.409999999999968,3.47,2026-09-14 16:20:12.306099
SPY,2023-10-27,489.59,493.25,486.64,486.74,34917412,486.74,-2.849999999999966,-0.58,2026-09-14 16:20:12.306099
SPY,2023-10-30,486.74,495.46,484.96,492.49,34339436,492.49,5.75,1.18,2026-09-14 16:20:12.306099
SPY,2023-10-31,492.49,499.55,491.85,498.35,33504944,498.35,5.860000000000014,1.19,2026-09-14 16:20:12.306099
SPY,2023-11-01,498.35,499.78,484.5,488.94,32070620,488.94,-9.410000000000023,-1.89,2026-09-14 16:20:12.306099
SPY,2023-11-02,488.94,498.05,488.85,497.22,66298621,497.22,8.28000000000003,1.69,2026-09-14 16:20:12.306099
SPY,2023-11-03,497.22,498.93,488.7,490.7,79998365,490.7,-6.520000000000039,-1.31,2026-09-14 16:20:12.306099
SPY,2023-11-06,490.7,492.24,489.33,491.81,61851629,491.81,1.1100000000000136,0.23,2026-09-14 16:20:12.306099
SPY,2023-11-07,491.81,492.52,480.65,482.21,53703396,482.21,-9.600000000000025,-1.95,2026-09-14 16:20:12.306099
SPY,2023-11-08,482.21,482.73,474.97,478.77,75065920,478.77,-3.4399999999999977,-0.71,2026-09-14 16:20:12.306099
SPY,2023-11-09,478.77,486.0,476.02,482.26,25422420,482.26,3.490000000000009,0.73,2026-09-14 16:20:12.306099
SPY,2023-11-10,482.26,486.58,480.71,484.99,77172884,484.99,2.730000000000018,0.57,2026-09-14 16:20:12.306099
SPY,2023-11-13,484.99,490.03,482.51,486.05,41547849,486.05,1.0600000000000025,0.22,2026-09-14 16:20:12.306099
SPY,2023-11-14,486.05,493.28,485.69,489.4,37131812,489.4,3.349999999999966,0.69,2026-09-14 16:20:12.306099
SPY,2023-11-15,489.4,493.14,483.43,483.76,64685591,483.76,-5.639999999999986,-1.15,2026-09-14 16:20:12.306099
SPY,2023-11-16,483.76,488.07,480.23,484.4,77325181,484.4,0.6399999999999864,0.13,2026-09-14 16:20:12.306099
SPY,2023-11-17,484.4,487.11,476.48,477.63,54622714,477.63,-6.769999999999982,-1.4,2026-09-14 16:20:12.306099
SPY,2023-11-20,477.63,478.06,466.71,469.5,24849957,469.5,-8.129999999999995,-1.7,2026-09-14 16:20:12.306099
SPY,2023-11-21,469.5,472.63,467.36,470.18,67565396,470.18,0.6800000000000068,0.14,2026-09-14 16:20:12.306099
SPY,2023-11-22,470.18,473.97,457.05,461.48,27050767,461.48,-8.699999999999989,-1.85,2026-09-14 16:20:12.306099
SPY,2023-11-23,461.48,462.88,454.4,454.56,49261248,454.56,-6.920000000000016,-1.5,2026-09-14 16:20:12.306099
SPY,2023-11-24,454.56,458.02,441.34,441.72,59320288,441.72,-12.839999999999977,-2.82,2026-09-14 16:20:12.306099
SPY,2023-11-27,441.72,445.55,437.86,444.63,56395471,444.63,2.909999999999968,0.66,2026-09-14 16:20:12.306099
SPY,2023-11-28,444.63,455.2,440.84,451.83,49787905,451.83,7.199999999999989,1.62,2026-09-14 16:20:12.306099
SPY,2023-11-29,451.83,456.32,445.91,447.52,28495393,447.52,-4.310000000000002,-0.95,2026-09-14 16:20:12.306099
SPY,2023-11-30,447.52,460.77,443.3,460.2,95199436,460.2,12.680000000000009,2.83,2026-09-14 16:20:12.306099
SPY,2023-12-01,460.2,463.38,455.44,459.26,60170912,459.26,-0.9399999999999976,-0.2,2026-09-14 16:20:12.306099
SPY,2023-12-04,459.26,467.67,458.47,463.19,22490517,463.19,3.930000000000007,0.86,2026-09-14 16:20:12.306099
SPY,2023-12-05,463.19,466.45,462.14,463.0,37217333,463.0,-0.1899999999999977,-0.04,2026-09-14 16:20:12.306099
SPY,2023-12-06,463.0,465.29,455.22,459.32,85343922,459.32,-3.680000000000007,-0.79,2026-09-14 16:20:12.306099
SPY,2023-12-07,459.32,471.38,456.37,468.26,18287078,468.26,8.939999999999998,1.95,2026-09-14 16:20:12.306099
SPY,2023-12-08,468.26,473.84,464.05,471.76,89675265,471.76,3.5,0.75,2026-09-14 16:20:12.306099
SPY,2023-12-11,471.76,475.75,466.05,468.92,11460337,468.92,-2.839999999999975,-0.6,2026-09-14 16:20:12.306099
SPY,2023-12-12,468.92,473.59,467.24,469.43,70880188,469.43,0.5099999999999909,0.11,2026-09-14 16:20:12.306099
SPY,2023-12-13,469.43,475.41,467.17,472.62,53410767,472.62,3.1899999999999977,0.68,2026-09-14 16:20:12.306099
SPY,2023-12-14,472.62,474.58,469.84,470.74,47775756,470.74,-1.879999999999996,-0.4,2026-09-14 16:20:12.306099
SPY,2023-12-15,470.74,475.47,467.29,473.23,31580546,473.23,2.490000000000009,0.53,2026-09-14 16:20:12.306099
SPY,2023-12-18,473.23,482.3,470.72,478.17,67313731,478.17,4.939999999999998,1.04,2026-09-14 16:20:12.306099
SPY,2023-12-19,478.17,481.7,473.19,474.85,66416203,474.85,-3.319999999999993,-0.69,2026-09-14 16:20:12.306099
SPY,2023-12-20,474.85,476.71,469.19,471.43,46703301,471.43,-3.420000000000016,-0.72,2026-09-14 16:20:12.306099
SPY,2023-12-21,471.43,474.93,467.45,470.19,22382178,470.19,-1.240000000000009,-0.26,2026-09-14 16:20:12.306099
SPY,2023-12-22,470.19,473.07,466.71,469.14,75107919,469.14,-1.0500000000000114,-0.22,2026-09-14 16:20:12.306099
SPY,2023-12-25,469.14,473.1,458.51,458.86,65186948,458.86,-10.279999999999973,-2.19,2026-09-14 16:20:12.306099
SPY,2023-12-26,458.86,468.08,454.53,466.65,87742674,466.65,7.789999999999964,1.7,2026-09-14 16:20:12.306099
SPY,2023-12-27,466.65,466.92,459.5,463.52,25236727,463.52,-3.1299999999999955,-0.67,2026-09-14 16:20:12.306099
SPY,2023-12-28,463.52,464.8,456.22,458.11,14048553,458.11,-5.409999999999968,-1.17,2026-09-14 16:20:12.306099
SPY,2023-12-29,458.11,458.97,453.06,455.02,92746513,455.02,-3.090000000000032,-0.67,2026-09-14 16:20:12.306099
SPY,2024-01-01,455.02,457.91,454.02,454.94,64886207,454.94,-0.079999999999984,-0.02,2026-09-14 16:20:12.306099
SPY,2024-01-02,454.94,458.04,450.57,454.07,89260854,454.07,-0.8700000000000045,-0.19,2026-09-14 16:20:12.306099
SPY,2024-01-03,454.07,455.17,450.81,451.39,14366546,451.39,-2.680000000000007,-0.59,2026-09-14 16:20:12.306099
SPY,2024-01-04,451.39,460.95,447.78,460.09,96833633,460.09,8.699999999999989,1.93,2026-09-14 16:20:12.306099
SPY,2024-01-05,460.09,463.93,457.68,462.62,48749429,462.62,2.5300000000000296,0.55,2026-09-14 16:20:12.306099
SPY,2024-01-08,462.62,463.62,455.18,459.26,71343037,459.26,-3.3600000000000136,-0.73,2026-09-14 16:20:12.306099
SPY,2024-01-09,459.26,461.69,455.76,461.67,11427185,461.67,2.410000000000025,0.52,2026-09-14 16:20:12.306099
SPY,2024-01-10,461.67,464.49,457.37,462.05,79467087,462.05,0.3799999999999954,0.08,2026-09-14 16:20:12.306099
SPY,2024-01-11,462.05,467.58,459.38,464.13,25575424,464.13,2.079999999999984,0.45,2026-09-14 16:20:12.306099
SPY,2024-01-12,464.13,466.88,456.96,459.05,60273216,459.05,-5.079999999999984,-1.09,2026-09-14 16:20:12.306099
SPY,2024-01-15,459.05,469.19,458.48,467.3,46879266,467.3,8.25,1.8,2026-09-14 16:20:12.306099
SPY,2024-01-16,467.3,471.31,458.62,461.06,91798169,461.06,-6.240000000000009,-1.34,2026-09-14 16:20:12.306099
SPY,2024-01-17,461.06,467.91,458.3,467.68,36931031,467.68,6.6200000000000045,1.44,2026-09-14 16:20:12.306099
SPY,2024-01-18,467.68,469.99,457.31,457.67,29350596,457.67,-10.009999999999993,-2.14,2026-09-14 16:20:12.306099
SPY,2024-01-19,457.67,458.03,453.02,454.75,88445967,454.75,-2.920000000000016,-0.64,2026-09-14 16:20:12.306099
SPY,2024-01-22,454.75,460.55,451.68,457.37,38866325,457.37,2.6200000000000045,0.58,2026-09-14 16:20:12.306099
SPY,2024-01-23,457.37,457.83,445.11,449.46,70922465,449.46,-7.910000000000025,-1.73,2026-09-14 16:20:12.306099
SPY,2024-01-24,449.46,453.21,448.93,449.4,21423509,449.4,-0.0600000000000022,-0.01,2026-09-14 16:20:12.306099
SPY,2024-01-25,449.4,452.83,444.17,445.99,67831866,445.99,-3.409999999999968,-0.76,2026-09-14 16:20:12.306099
SPY,2024-01-26,445.99,447.83,442.04,442.97,66704524,442.97,-3.019999999999982,-0.68,2026-09-14 16:20:12.306099
SPY,2024-01-29,442.97,444.09,440.24,443.44,56161791,443.44,0.4699999999999704,0.11,2026-09-14 16:20:12.306099
SPY,2024-01-30,443.44,444.73,441.61,442.6,67647059,442.6,-0.839999999999975,-0.19,2026-09-14 16:20:12.306099
SPY,2024-01-31,442.6,444.43,428.89,430.79,21119048,430.79,-11.810000000000002,-2.67,2026-09-14 16:20:12.306099
SPY,2024-02-01,430.79,443.8,430.31,439.57,61117116,439.57,8.779999999999973,2.04,2026-09-14 16:20:12.306099
SPY,2024-02-02,439.57,441.85,436.22,440.42,61044513,440.42,0.8500000000000227,0.19,2026-09-14 16:20:12.306099
SPY,2024-02-05,440.42,442.41,437.95,438.3,43617651,438.3,-2.1200000000000045,-0.48,2026-09-14 16:20:12.306099
SPY,2024-02-06,438.3,439.43,435.79,437.77,55030525,437.77,-0.5300000000000296,-0.12,2026-09-14 16:20:12.306099
SPY,2024-02-07,437.77,447.4,435.36,446.86,12771098,446.86,9.090000000000032,2.08,2026-09-14 16:20:12.306099
SPY,2024-02-08,446.86,447.84,437.67,440.85,13699793,440.85,-6.009999999999991,-1.34,2026-09-14 16:20:12.306099
SPY,2024-02-09,440.85,445.09,437.15,443.2,29968816,443.2,2.349999999999966,0.53,2026-09-14 16:20:12.306099
SPY,2024-02-12,443.2,446.42,434.73,436.39,55673910,436.39,-6.810000000000002,-1.54,2026-09-14 16:20:12.306099
SPY,2024-02-13,436.39,439.23,428.53,432.15,17783761,432.15,-4.240000000000009,-0.97,2026-09-14 16:20:12.306099
SPY,2024-02-14,432.15,434.74,423.34,425.92,62992919,425.92,-6.229999999999961,-1.44,2026-09-14 16:20:12.306099
SPY,2024-02-15,425.92,429.52,414.5,415.46,19410743,415.46,-10.460000000000036,-2.46,2026-09-14 16:20:12.306099
SPY,2024-02-16,415.46,416.12,411.63,414.35,47484852,414.35,-1.1099999999999568,-0.27,2026-09-14 16:20:12.306099
SPY,2024-02-19,414.35,430.21,410.62,426.33,58500239,426.33,11.97999999999996,2.89,2026-09-14 16:20:12.306099
SPY,2024-02-20,426.33,427.49,421.22,423.16,46982724,423.16,-3.169999999999959,-0.74,2026-09-14 16:20:12.306099
SPY,2024-02-21,423.16,426.89,421.31,423.68,30056437,423.68,0.5199999999999818,0.12,2026-09-14 16:20:12.306099
SPY,2024-02-22,423.68,428.57,422.35,426.66,30772967,426.66,2.980000000000018,0.7,2026-09-14 16:20:12.306099
SPY,2024-02-23,426.66,432.72,425.06,430.56,13629626,430.56,3.899999999999977,0.91,2026-09-14 16:20:12.306099
SPY,2024-02-26,430.56,434.04,426.83,428.93,85501036,428.93,-1.6299999999999957,-0.38,2026-09-14 16:20:12.306099
SPY,2024-02-27,428.93,429.65,418.76,420.94,38131026,420.94,-7.990000000000009,-1.86,2026-09-14 16:20:12.306099
SPY,2024-02-28,420.94,425.03,411.09,412.56,29430086,412.56,-8.379999999999995,-1.99,2026-09-14 16:20:12.306099
SPY,2024-02-29,412.56,416.44,412.5,412.79,91670835,412.79,0.2300000000000182,0.06,2026-09-14 16:20:12.306099
SPY,2024-03-01,412.79,419.84,411.58,416.7,32491666,416.7,3.909999999999968,0.95,2026-09-14 16:20:12.306099
SPY,2024-03-04,416.7,417.26,414.55,414.83,23954013,414.83,-1.8700000000000043,-0.45,2026-09-14 16:20:12.306099
SPY,2024-03-05,414.83,417.19,410.28,411.44,71189368,411.44,-3.3899999999999864,-0.82,2026-09-14 16:20:12.306099
SPY,2024-03-06,411.44,415.47,407.9,409.7,43713015,409.7,-1.740000000000009,-0.42,2026-09-14 16:20:12.306099
SPY,2024-03-07,409.7,419.05,405.91,415.14,64790717,415.14,5.439999999999998,1.33,2026-09-14 16:20:12.306099
SPY,2024-03-08,415.14,429.94,413.15,425.98,29212776,425.98,10.840000000000032,2.61,2026-09-14 16:20:12.306099
SPY,2024-03-11,425.98,434.42,425.74,430.79,20121852,430.79,4.810000000000002,1.13,2026-09-14 16:20:12.306099
SPY,2024-03-12,430.79,432.63,427.79,431.33,20603969,431.33,0.5399999999999636,0.13,2026-09-14 16:20:12.306099
SPY,2024-03-13,431.33,435.83,427.11,432.6,55197892,432.6,1.2700000000000389,0.29,2026-09-14 16:20:12.306099
SPY,2024-03-14,432.6,433.61,429.37,430.28,94174498,430.28,-2.32000000000005,-0.54,2026-09-14 16:20:12.306099
SPY,2024-03-15,430.28,436.71,426.59,432.61,50572576,432.61,2.330000000000041,0.54,2026-09-14 16:20:12.306099
SPY,2024-03-18,432.61,438.16,432.56,433.94,87051670,433.94,1.329999999999984,0.31,2026-09-14 16:20:12.306099
SPY,2024-03-19,433.94,439.2,432.17,437.88,42121849,437.88,3.9399999999999977,0.91,2026-09-14 16:20:12.306099
SPY,2024-03-20,437.88,446.39,436.76,443.85,57475103,443.85,5.970000000000027,1.36,2026-09-14 16:20:12.306099
SPY,2024-03-21,443.85,449.81,439.89,445.71,65561131,445.71,1.8599999999999568,0.42,2026-09-14 16:20:12.306099
SPY,2024-03-22,445.71,447.38,438.4,438.78,14288707,438.78,-6.930000000000007,-1.55,2026-09-14 16:20:12.306099
SPY,2024-03-25,438.78,440.47,431.22,434.96,51286167,434.96,-3.819999999999993,-0.87,2026-09-14 16:20:12.306099
SPY,2024-03-26,434.96,437.64,432.37,435.34,50635798,435.34,0.3799999999999954,0.09,2026-09-14 16:20:12.306099
SPY,2024-03-27,435.34,438.14,430.55,432.12,74710214,432.12,-3.2199999999999704,-0.74,2026-09-14 16:20:12.306099
SPY,2024-03-28,432.12,435.75,426.67,427.87,69994997,427.87,-4.25,-0.98,2026-09-14 16:20:12.306099
SPY,2024-03-29,427.87,432.15,425.17,431.72,44474842,431.72,3.850000000000023,0.9,2026-09-14 16:20:12.306099
SPY,2024-04-01,431.72,434.05,431.41,431.59,28448045,431.59,-0.1300000000000523,-0.03,2026-09-14 16:20:12.306099
SPY,2024-04-02,431.59,438.38,429.57,436.34,10215874,436.34,4.75,1.1,2026-09-14 16:20:12.306099
SPY,2024-04-03,436.34,439.26,429.3,433.14,61660635,433.14,-3.1999999999999886,-0.73,2026-09-14 16:20:12.306099
SPY,2024-04-04,433.14,435.18,427.03,429.95,81831804,429.95,-3.1899999999999977,-0.74,2026-09-14 16:20:12.306099
SPY,2024-04-05,429.95,433.02,419.8,420.83,12861306,420.83,-9.120000000000005,-2.12,2026-09-14 16:20:12.306099
SPY,2024-04-08,420.83,423.32,419.65,423.12,21445597,423.12,2.2900000000000205,0.54,2026-09-14 16:20:12.306099
SPY,2024-04-09,423.12,423.74,418.91,419.07,40919648,419.07,-4.050000000000011,-0.96,2026-09-14 16:20:12.306099
SPY,2024-04-10,419.07,421.39,412.15,412.42,43743095,412.42,-6.649999999999977,-1.59,2026-09-14 16:20:12.306099
SPY,2024-04-11,412.42,417.68,410.88,416.96,40307952,416.96,4.539999999999964,1.1,2026-09-14 16:20:12.306099
SPY,2024-04-12,416.96,430.35,414.97,427.37,16655864,427.37,10.410000000000023,2.5,2026-09-14 16:20:12.306099
SPY,2024-04-15,427.37,432.54,424.4,428.73,69146133,428.73,1.3600000000000136,0.32,2026-09-14 16:20:12.306099
SPY,2024-04-16,428.73,434.32,428.42,431.98,74294624,431.98,3.25,0.76,2026-09-14 16:20:12.306099
SPY,2024-04-17,431.98,434.86,426.99,428.71,12540322,428.71,-3.2700000000000387,-0.76,2026-09-14 16:20:12.306099
SPY,2024-04-18,428.71,430.4,424.39,426.92,25380749,426.92,-1.7899999999999636,-0.42,2026-09-14 16:20:12.306099
SPY,2024-04-19,426.92,428.53,417.06,420.44,80560496,420.44,-6.480000000000018,-1.52,2026-09-14 16:20:12.306099
SPY,2024-04-22,420.44,422.23,416.02,417.86,30334947,417.86,-2.579999999999984,-0.61,2026-09-14 16:20:12.306099
SPY,2024-04-23,417.86,418.27,414.27,418.2,54656615,418.2,0.339999999999975,0.08,2026-09-14 16:20:12.306099
SPY,2024-04-24,418.2,420.42,416.9,417.98,48462638,417.98,-0.2199999999999704,-0.05,2026-09-14 16:20:12.306099
SPY,2024-04-25,417.98,424.4,415.05,420.99,90666877,420.99,3.009999999999991,0.72,2026-09-14 16:20:12.306099
SPY,2024-04-26,420.99,423.78,414.01,417.72,37764992,417.72,-3.269999999999982,-0.78,2026-09-14 16:20:12.306099
SPY,2024-04-29,417.72,421.65,409.93,412.59,24783810,412.59,-5.130000000000052,-1.23,2026-09-14 16:20:12.306099
SPY,2024-04-30,412.59,415.72,409.01,412.91,12138101,412.91,0.32000000000005,0.08,2026-09-14 16:20:12.306099
SPY,2024-05-01,412.91,418.31,411.17,417.33,79163000,417.33,4.419999999999959,1.07,2026-09-14 16:20:12.306099
SPY,2024-05-02,417.33,419.49,414.7,417.24,56410635,417.24,-0.0899999999999749,-0.02,2026-09-14 16:20:12.306099
SPY,2024-05-03,417.24,417.69,412.63,412.72,84411091,412.72,-4.519999999999982,-1.08,2026-09-14 16:20:12.306099
SPY,2024-05-06,412.72,424.65,410.85,423.38,68508241,423.38,10.659999999999968,2.58,2026-09-14 16:20:12.306099
SPY,2024-05-07,423.38,432.77,421.0,429.08,82977365,429.08,5.699999999999989,1.35,2026-09-14 16:20:12.306099
SPY,2024-05-08,429.08,440.37,427.62,436.81,22551632,436.81,7.730000000000018,1.8,2026-09-14 16:20:12.306099
SPY,2024-05-09,436.81,443.24,432.95,439.35,99034457,439.35,2.5400000000000205,0.58,2026-09-14 16:20:12.306099
SPY,2024-05-10,439.35,441.61,433.89,437.38,19912106,437.38,-1.9700000000000275,-0.45,2026-09-14 16:20:12.306099
SPY,2024-05-13,437.38,444.02,434.85,440.45,44912782,440.45,3.069999999999993,0.7,2026-09-14 16:20:12.306099
SPY,2024-05-14,440.45,444.48,437.13,437.82,37999251,437.82,-2.6299999999999955,-0.6,2026-09-14 16:20:12.306099
SPY,2024-05-15,437.82,447.16,434.96,443.47,63175825,443.47,5.650000000000034,1.29,2026-09-14 16:20:12.306099
SPY,2024-05-16,443.47,453.67,439.52,451.71,42547658,451.71,8.239999999999952,1.86,2026-09-14 16:20:12.306099
SPY,2024-05-17,451.71,453.48,450.08,451.86,46428290,451.86,0.1500000000000341,0.03,2026-09-14 16:20:12.306099
SPY,2024-05-20,451.86,455.74,449.12,453.68,49817827,453.68,1.8199999999999927,0.4,2026-09-14 16:20:12.306099
SPY,2024-05-21,453.68,468.97,453.12,468.13,46695346,468.13,14.449999999999989,3.19,2026-09-14 16:20:12.306099
SPY,2024-05-22,468.13,471.41,460.73,463.59,45130110,463.59,-4.5400000000000205,-0.97,2026-09-14 16:20:12.306099
SPY,2024-05-23,463.59,471.75,461.61,467.28,73997644,467.28,3.6899999999999977,0.8,2026-09-14 16:20:12.306099
SPY,2024-05-24,467.28,470.35,462.81,463.88,35918532,463.88,-3.3999999999999773,-0.73,2026-09-14 16:20:12.306099
SPY,2024-05-27,463.88,470.55,460.01,466.04,46361038,466.04,2.160000000000025,0.47,2026-09-14 16:20:12.306099
SPY,2024-05-28,466.04,466.75,464.44,464.63,22176396,464.63,-1.410000000000025,-0.3,2026-09-14 16:20:12.306099
SPY,2024-05-29,464.63,465.94,464.32,465.19,26699219,465.19,0.5600000000000023,0.12,2026-09-14 16:20:12.306099
SPY,2024-05-30,465.19,467.5,462.37,463.47,82514506,463.47,-1.7199999999999704,-0.37,2026-09-14 16:20:12.306099
SPY,2024-05-31,463.47,464.82,453.91,458.18,83612753,458.18,-5.2900000000000205,-1.14,2026-09-14 16:20:12.306099
SPY,2024-06-03,458.18,458.45,453.64,457.46,62733258,457.46,-0.7200000000000273,-0.16,2026-09-14 16:20:12.306099
SPY,2024-06-04,457.46,462.76,456.35,459.3,81736814,459.3,1.840000000000032,0.4,2026-09-14 16:20:12.306099
SPY,2024-06-05,459.3,461.63,459.19,459.37,90070725,459.37,0.0699999999999931,0.02,2026-09-14 16:20:12.306099
SPY,2024-06-06,459.37,465.25,456.2,461.42,16261545,461.42,2.050000000000012,0.45,2026-09-14 16:20:12.306099
SPY,2024-06-07,461.42,465.86,455.17,459.41,23166853,459.41,-2.009999999999991,-0.44,2026-09-14 16:20:12.306099
SPY,2024-06-10,459.41,462.4,455.94,461.69,24467854,461.69,2.2799999999999727,0.5,2026-09-14 16:20:12.306099
SPY,2024-06-11,461.69,463.5,450.26,454.65,37743388,454.65,-7.0400000000000205,-1.52,2026-09-14 16:20:12.306099
SPY,2024-06-12,454.65,455.31,439.68,442.43,62304934,442.43,-12.21999999999997,-2.69,2026-09-14 16:20:12.306099
SPY,2024-06-13,442.43,445.6,439.82,440.35,46431993,440.35,-2.079999999999984,-0.47,2026-09-14 16:20:12.306099
SPY,2024-06-14,440.35,441.46,436.08,440.4,51016731,440.4,0.0499999999999545,0.01,2026-09-14 16:20:12.306099
SPY,2024-06-17,440.4,451.22,436.52,451.11,90045645,451.11,10.710000000000036,2.43,2026-09-14 16:20:12.306099
SPY,2024-06-18,451.11,453.41,447.16,452.89,90987750,452.89,1.7799999999999727,0.39,2026-09-14 16:20:12.306099
SPY,2024-06-19,452.89,453.81,450.26,452.04,40301091,452.04,-0.8499999999999659,-0.19,2026-09-14 16:20:12.306099
SPY,2024-06-20,452.04,465.76,448.09,461.66,25810545,461.66,9.620000000000005,2.13,2026-09-14 16:20:12.306099
SPY,2024-06-21,461.66,469.11,459.58,466.62,74323881,466.62,4.95999999999998,1.07,2026-09-14 16:20:12.306099
SPY,2024-06-24,466.62,467.9,463.4,465.02,89953145,465.02,-1.6000000000000227,-0.34,2026-09-14 16:20:12.306099
SPY,2024-06-25,465.02,467.08,453.12,457.57,87155276,457.57,-7.449999999999989,-1.6,2026-09-14 16:20:12.306099
SPY,2024-06-26,457.57,458.96,450.79,453.64,67781820,453.64,-3.930000000000007,-0.86,2026-09-14 16:20:12.306099
SPY,2024-06-27,453.64,456.32,451.97,456.16,55732012,456.16,2.5200000000000387,0.56,2026-09-14 16:20:12.306099
SPY,2024-06-28,456.16,459.48,448.54,449.03,37128007,449.03,-7.130000000000052,-1.56,2026-09-14 16:20:12.306099
SPY,2024-07-01,449.03,452.17,449.01,450.14,94159000,450.14,1.1100000000000136,0.25,2026-09-14 16:20:12.306099
SPY,2024-07-02,450.14,454.3,446.21,448.13,85003795,448.13,-2.009999999999991,-0.45,2026-09-14 16:20:12.306099
SPY,2024-07-03,448.13,450.42,438.7,439.04,25106679,439.04,-9.089999999999977,-2.03,2026-09-14 16:20:12.306099
SPY,2024-07-04,439.04,442.97,428.9,431.77,98472789,431.77,-7.270000000000039,-1.66,2026-09-14 16:20:12.306099
SPY,2024-07-05,431.77,432.14,426.35,428.4,20060600,428.4,-3.3700000000000045,-0.78,2026-09-14 16:20:12.306099
SPY,2024-07-08,428.4,429.59,426.66,427.51,56046844,427.51,-0.8899999999999864,-0.21,2026-09-14 16:20:12.306099
SPY,2024-07-09,427.51,433.91,427.34,431.7,76865997,431.7,4.189999999999998,0.98,2026-09-14 16:20:12.306099
SPY,2024-07-10,431.7,434.31,425.61,428.25,28766745,428.25,-3.4499999999999886,-0.8,2026-09-14 16:20:12.306099
SPY,2024-07-11,428.25,428.28,424.05,425.25,65741610,425.25,-3.0,-0.7,2026-09-14 16:20:12.306099
SPY,2024-07-12,425.25,427.71,422.39,427.5,76815566,427.5,2.25,0.53,2026-09-14 16:20:12.306099
SPY,2024-07-15,427.5,437.99,425.38,434.18,46662317,434.18,6.680000000000007,1.56,2026-09-14 16:20:12.306099
SPY,2024-07-16,434.18,443.44,432.12,439.95,99565010,439.95,5.769999999999982,1.33,2026-09-14 16:20:12.306099
SPY,2024-07-17,439.95,441.99,436.46,440.64,23568966,440.64,0.6899999999999977,0.16,2026-09-14 16:20:12.306099
SPY,2024-07-18,440.64,445.53,437.62,444.02,66277737,444.02,3.3799999999999955,0.77,2026-09-14 16:20:12.306099
SPY,2024-07-19,444.02,453.04,442.63,449.8,44306280,449.8,5.78000000000003,1.3,2026-09-14 16:20:12.306099
SPY,2024-07-22,449.8,457.3,445.93,453.63,22084058,453.63,3.829999999999984,0.85,2026-09-14 16:20:12.306099
SPY,2024-07-23,453.63,461.61,453.18,457.5,99768511,457.5,3.870000000000005,0.85,2026-09-14 16:20:12.306099
SPY,2024-07-24,457.5,461.54,454.95,457.69,96155523,457.69,0.1899999999999977,0.04,2026-09-14 16:20:12.306099
SPY,2024-07-25,457.69,459.34,447.71,451.51,73961739,451.51,-6.180000000000007,-1.35,2026-09-14 16:20:12.306099
SPY,2024-07-26,451.51,454.42,442.8,445.84,14305748,445.84,-5.670000000000016,-1.26,2026-09-14 16:20:12.306099
SPY,2024-07-29,445.84,454.54,445.05,453.72,85861601,453.72,7.880000000000052,1.77,2026-09-14 16:20:12.306099
SPY,2024-07-30,453.72,457.19,453.31,454.96,88353376,454.96,1.2399999999999525,0.27,2026-09-14 16:20:12.306099
SPY,2024-07-31,454.96,455.34,450.48,454.17,21753734,454.17,-0.7899999999999636,-0.17,2026-09-14 16:20:12.306099
SPY,2024-08-01,454.17,455.76,446.9,450.39,14531980,450.39,-3.7800000000000296,-0.83,2026-09-14 16:20:12.306099
SPY,2024-08-02,450.39,456.09,447.57,453.91,85259805,453.91,3.5200000000000387,0.78,2026-09-14 16:20:12.306099
SPY,2024-08-05,453.91,469.3,453.22,466.23,81565117,466.23,12.319999999999991,2.71,2026-09-14 16:20:12.306099
SPY,2024-08-06,466.23,466.45,455.67,456.04,80878673,456.04,-10.189999999999998,-2.19,2026-09-14 16:20:12.306099
SPY,2024-08-07,456.04,458.99,453.59,455.69,79216026,455.69,-0.3500000000000227,-0.08,2026-09-14 16:20:12.306099
SPY,2024-08-08,455.69,460.21,445.04,448.85,89841971,448.85,-6.839999999999975,-1.5,2026-09-14 16:20:12.306099
SPY,2024-08-09,448.85,453.04,444.03,444.31,91776498,444.31,-4.5400000000000205,-1.01,2026-09-14 16:20:12.306099
SPY,2024-08-12,444.31,451.18,442.67,449.56,30919047,449.56,5.25,1.18,2026-09-14 16:20:12.306099
SPY,2024-08-13,449.56,454.59,448.89,452.31,42356695,452.31,2.75,0.61,2026-09-14 16:20:12.306099
SPY,2024-08-14,452.31,455.36,440.26,442.83,74449826,442.83,-9.480000000000018,-2.1,2026-09-14 16:20:12.306099
SPY,2024-08-15,442.83,445.79,438.51,439.57,55190761,439.57,-3.259999999999991,-0.74,2026-09-14 16:20:12.306099
SPY,2024-08-16,439.57,439.9,427.54,431.4,18229182,431.4,-8.170000000000016,-1.86,2026-09-14 16:20:12.306099
SPY,2024-08-19,431.4,434.32,428.26,434.18,35881705,434.18,2.7800000000000296,0.64,2026-09-14 16:20:12.306099
SPY,2024-08-20,434.18,440.97,434.07,437.36,11975560,437.36,3.180000000000007,0.73,2026-09-14 16:20:12.306099
SPY,2024-08-21,437.36,438.02,434.44,434.5,97098585,434.5,-2.8600000000000136,-0.65,2026-09-14 16:20:12.306099
SPY,2024-08-22,434.5,434.55,431.64,433.77,24178314,433.77,-0.7300000000000182,-0.17,2026-09-14 16:20:12.306099
SPY,2024-08-23,433.77,433.89,429.6,431.2,31422549,431.2,-2.569999999999993,-0.59,2026-09-14 16:20:12.306099
SPY,2024-08-26,431.2,439.95,428.09,439.61,53022510,439.61,8.410000000000025,1.95,2026-09-14 16:20:12.306099
SPY,2024-08-27,439.61,443.33,435.85,442.38,95533052,442.38,2.769999999999982,0.63,2026-09-14 16:20:12.306099
SPY,2024-08-28,442.38,447.36,438.11,446.28,49071463,446.28,3.899999999999977,0.88,2026-09-14 16:20:12.306099
SPY,2024-08-29,446.28,454.08,444.89,450.28,26090656,450.28,4.0,0.9,2026-09-14 16:20:12.306099
SPY,2024-08-30,450.28,459.19,448.04,456.49,76311722,456.49,6.210000000000036,1.38,2026-09-14 16:20:12.306099
SPY,2024-09-02,456.49,464.0,456.01,460.29,49518502,460.29,3.8000000000000114,0.83,2026-09-14 16:20:12.306099
SPY,2024-09-03,460.29,460.84,457.49,459.01,91136171,459.01,-1.2800000000000296,-0.28,2026-09-14 16:20:12.306099
SPY,2024-09-04,459.01,460.27,455.82,458.9,73312390,458.9,-0.1100000000000136,-0.02,2026-09-14 16:20:12.306099
SPY,2024-09-05,458.9,460.22,454.3,455.67,26699147,455.67,-3.2299999999999613,-0.7,2026-09-14 16:20:12.306099
SPY,2024-09-06,455.67,466.34,452.74,465.56,90522078,465.56,9.889999999999986,2.17,2026-09-14 16:20:12.306099
SPY,2024-09-09,465.56,466.69,460.93,465.11,61122982,465.11,-0.4499999999999886,-0.1,2026-09-14 16:20:12.306099
SPY,2024-09-10,465.11,472.61,462.02,468.45,76821297,468.45,3.339999999999975,0.72,2026-09-14 16:20:12.306099
SPY,2024-09-11,468.45,472.84,464.24,467.54,16452514,467.54,-0.9099999999999682,-0.19,2026-09-14 16:20:12.306099
SPY,2024-09-12,467.54,472.86,465.09,472.41,17963870,472.41,4.8700000000000045,1.04,2026-09-14 16:20:12.306099
SPY,2024-09-13,472.41,474.59,469.8,472.44,68405550,472.44,0.0299999999999727,0.01,2026-09-14 16:20:12.306099
SPY,2024-09-16,472.44,473.97,470.16,472.46,60968031,472.46,0.0199999999999818,0.0,2026-09-14 16:20:12.306099
SPY,2024-09-17,472.46,478.63,469.66,476.95,93029067,476.95,4.490000000000009,0.95,2026-09-14 16:20:12.306099
SPY,2024-09-18,476.95,478.52,466.24,468.18,89090571,468.18,-8.769999999999982,-1.84,2026-09-14 16:20:12.306099
SPY,2024-09-19,468.18,469.36,458.88,461.3,26739837,461.3,-6.879999999999996,-1.47,2026-09-14 16:20:12.306099
SPY,2024-09-20,461.3,474.4,456.82,469.74,65241951,469.74,8.439999999999998,1.83,2026-09-14 16:20:12.306099
SPY,2024-09-23,469.74,473.57,464.48,468.94,88578655,468.94,-0.8000000000000114,-0.17,2026-09-14 16:20:12.306099
SPY,2024-09-24,468.94,470.01,466.25,466.99,13957463,466.99,-1.9499999999999889,-0.42,2026-09-14 16:20:12.306099
SPY,2024-09-25,466.99,472.2,462.34,467.83,86710829,467.83,0.839999999999975,0.18,2026-09-14 16:20:12.306099
SPY,2024-09-26,467.83,474.76,465.72,472.31,67628484,472.31,4.480000000000018,0.96,2026-09-14 16:20:12.306099
SPY,2024-09-27,472.31,476.52,469.21,472.76,25304412,472.76,0.4499999999999886,0.1,2026-09-14 16:20:12.306099
SPY,2024-09-30,472.76,475.6,467.76,471.47,85372975,471.47,-1.2899999999999636,-0.27,2026-09-14 16:20:12.306099
SPY,2024-10-01,471.47,475.41,470.62,471.57,45479149,471.57,0.0999999999999659,0.02,2026-09-14 16:20:12.306099
SPY,2024-10-02,471.57,475.36,464.23,468.45,11549496,468.45,-3.1200000000000045,-0.66,2026-09-14 16:20:12.306099
SPY,2024-10-03,468.45,472.56,459.26,463.68,34110027,463.68,-4.769999999999982,-1.02,2026-09-14 16:20:12.306099
SPY,2024-10-04,463.68,466.0,456.46,460.61,38405220,460.61,-3.069999999999993,-0.66,2026-09-14 16:20:12.306099
SPY,2024-10-07,460.61,465.19,458.4,460.5,66542553,460.5,-0.1100000000000136,-0.02,2026-09-14 16:20:12.306099
SPY,2024-10-08,460.5,462.19,449.8,451.03,35446559,451.03,-9.470000000000027,-2.06,2026-09-14 16:20:12.306099
SPY,2024-10-09,451.03,451.77,441.75,442.48,33412000,442.48,-8.549999999999955,-1.9,2026-09-14 16:20:12.306099
SPY,2024-10-10,442.48,448.03,440.14,444.28,80437730,444.28,1.7999999999999543,0.41,2026-09-14 16:20:12.306099
SPY,2024-10-11,444.28,451.4,441.42,448.08,10737496,448.08,3.8000000000000114,0.86,2026-09-14 16:20:12.306099
SPY,2024-10-14,448.08,456.56,445.79,455.34,95597602,455.34,7.259999999999991,1.62,2026-09-14 16:20:12.306099
SPY,2024-10-15,455.34,462.93,451.58,462.19,99152468,462.19,6.850000000000023,1.5,2026-09-14 16:20:12.306099
SPY,2024-10-16,462.19,466.52,459.64,465.87,46467122,465.87,3.680000000000007,0.8,2026-09-14 16:20:12.306099
SPY,2024-10-17,465.87,470.0,462.11,466.88,31607786,466.88,1.009999999999991,0.22,2026-09-14 16:20:12.306099
SPY,2024-10-18,466.88,467.88,456.43,457.0,84598411,457.0,-9.879999999999995,-2.12,2026-09-14 16:20:12.306099
SPY,2024-10-21,457.0,467.89,455.54,465.61,14177190,465.61,8.610000000000014,1.88,2026-09-14 16:20:12.306099
SPY,2024-10-22,465.61,474.71,464.56,471.12,99339932,471.12,5.509999999999991,1.18,2026-09-14 16:20:12.306099
SPY,2024-10-23,471.12,475.12,465.31,469.41,74701402,469.41,-1.7099999999999795,-0.36,2026-09-14 16:20:12.306099
SPY,2024-10-24,469.41,473.72,466.04,468.03,18623717,468.03,-1.3800000000000523,-0.29,2026-09-14 16:20:12.306099
SPY,2024-10-25,468.03,476.61,464.97,476.1,99777408,476.1,8.07000000000005,1.72,2026-09-14 16:20:12.306099
SPY,2024-10-28,476.1,477.11,469.51,470.16,42074757,470.16,-5.939999999999998,-1.25,2026-09-14 16:20:12.306099
SPY,2024-10-29,470.16,474.1,466.48,471.41,69232451,471.41,1.25,0.27,2026-09-14 16:20:12.306099
SPY,2024-10-30,471.41,479.92,470.6,477.83,67400168,477.83,6.419999999999959,1.36,2026-09-14 16:20:12.306099
SPY,2024-10-31,477.83,479.29,473.93,477.07,44068244,477.07,-0.7599999999999909,-0.16,2026-09-14 16:20:12.306099
SPY,2024-11-01,477.07,479.38,474.02,475.4,76013985,475.4,-1.670000000000016,-0.35,2026-09-14 16:20:12.306099
SPY,2024-11-04,475.4,479.45,469.91,472.08,11434944,472.08,-3.319999999999993,-0.7,2026-09-14 16:20:12.306099
SPY,2024-11-05,472.08,476.99,469.55,472.52,79169080,472.52,0.4399999999999977,0.09,2026-09-14 16:20:12.306099
SPY,2024-11-06,472.52,474.03,469.68,472.26,68529156,472.26,-0.2599999999999909,-0.06,2026-09-14 16:20:12.306099
SPY,2024-11-07,472.26,474.25,458.42,462.83,64640861,462.83,-9.430000000000009,-2.0,2026-09-14 16:20:12.306099
SPY,2024-11-08,462.83,468.96,460.68,468.57,26125251,468.57,5.740000000000009,1.24,2026-09-14 16:20:12.306099
SPY,2024-11-11,468.57,473.98,465.23,472.86,15658244,472.86,4.2900000000000205,0.92,2026-09-14 16:20:12.306099
SPY,2024-11-12,472.86,481.61,469.17,480.07,32605009,480.07,7.2099999999999795,1.52,2026-09-14 16:20:12.306099
SPY,2024-11-13,480.07,483.86,468.21,472.91,70942644,472.91,-7.159999999999968,-1.49,2026-09-14 16:20:12.306099
SPY,2024-11-14,472.91,476.89,472.39,474.03,56189992,474.03,1.1199999999999477,0.24,2026-09-14 16:20:12.306099
SPY,2024-11-15,474.03,480.57,473.43,480.47,64049433,480.47,6.440000000000055,1.36,2026-09-14 16:20:12.306099
SPY,2024-11-18,480.47,487.32,476.29,485.83,40377396,485.83,5.359999999999957,1.12,2026-09-14 16:20:12.306099
SPY,2024-11-19,485.83,490.46,481.5,483.51,63953313,483.51,-2.319999999999993,-0.48,2026-09-14 16:20:12.306099
SPY,2024-11-20,483.51,492.48,483.07,491.18,96222688,491.18,7.670000000000016,1.59,2026-09-14 16:20:12.306099
SPY,2024-11-21,491.18,495.93,480.27,484.47,63516385,484.47,-6.70999999999998,-1.37,2026-09-14 16:20:12.306099
SPY,2024-11-22,484.47,492.4,483.66,490.05,50820581,490.05,5.579999999999984,1.15,2026-09-14 16:20:12.306099
SPY,2024-11-25,490.05,494.9,479.48,484.13,96596073,484.13,-5.920000000000016,-1.21,2026-09-14 16:20:12.306099
SPY,2024-11-26,484.13,487.6,483.16,485.1,65375580,485.1,0.9700000000000272,0.2,2026-09-14 16:20:12.306099
SPY,2024-11-27,485.1,489.35,477.03,481.2,42914656,481.2,-3.900000000000034,-0.8,2026-09-14 16:20:12.306099
SPY,2024-11-28,481.2,482.67,478.53,481.32,37304907,481.32,0.1200000000000045,0.02,2026-09-14 16:20:12.306099
SPY,2024-11-29,481.32,486.87,477.95,484.62,88540048,484.62,3.300000000000012,0.69,2026-09-14 16:20:12.306099
SPY,2024-12-02,484.62,488.87,480.52,485.85,95565933,485.85,1.2300000000000182,0.25,2026-09-14 16:20:12.306099
SPY,2024-12-03,485.85,489.16,482.7,484.81,35697078,484.81,-1.0400000000000205,-0.21,2026-09-14 16:20:12.306099
SPY,2024-12-04,484.81,487.65,480.94,482.55,70114931,482.55,-2.259999999999991,-0.47,2026-09-14 16:20:12.306099
SPY,2024-12-05,482.55,482.56,475.27,478.95,24519446,478.95,-3.6000000000000227,-0.75,2026-09-14 16:20:12.306099
SPY,2024-12-06,478.95,480.08,477.19,478.83,53680772,478.83,-0.1200000000000045,-0.03,2026-09-14 16:20:12.306099
SPY,2024-12-09,478.83,489.84,478.13,486.67,26530844,486.67,7.840000000000032,1.64,2026-09-14 16:20:12.306099
SPY,2024-12-10,486.67,487.89,479.54,480.59,10321310,480.59,-6.080000000000041,-1.25,2026-09-14 16:20:12.306099
SPY,2024-12-11,480.59,484.14,475.44,477.1,10658336,477.1,-3.4899999999999523,-0.73,2026-09-14 16:20:12.306099
SPY,2024-12-12,477.1,478.67,474.9,478.19,85613285,478.19,1.089999999999975,0.23,2026-09-14 16:20:12.306099
SPY,2024-12-13,478.19,488.04,475.03,486.2,70584647,486.2,8.009999999999991,1.68,2026-09-14 16:20:12.306099
SPY,2024-12-16,486.2,494.34,484.16,492.21,53742943,492.21,6.009999999999991,1.24,2026-09-14 16:20:12.306099
SPY,2024-12-17,492.21,493.47,484.79,486.33,52999055,486.33,-5.879999999999996,-1.19,2026-09-14 16:20:12.306099
SPY,2024-12-18,486.33,489.47,483.26,486.62,99652934,486.62,0.2900000000000204,0.06,2026-09-14 16:20:12.306099
SPY,2024-12-19,486.62,497.68,486.15,494.05,78440392,494.05,7.430000000000007,1.53,2026-09-14 16:20:12.306099
SPY,2024-12-20,494.05,498.95,489.26,494.66,30732904,494.66,0.6100000000000136,0.12,2026-09-14 16:20:12.306099
SPY,2024-12-23,494.66,497.99,489.08,492.73,52512495,492.73,-1.9300000000000068,-0.39,2026-09-14 16:20:12.306099
SPY,2024-12-24,492.73,496.67,484.91,485.01,58653615,485.01,-7.720000000000027,-1.57,2026-09-14 16:20:12.306099
SPY,2024-12-25,485.01,486.25,477.41,480.9,77926475,480.9,-4.110000000000014,-0.85,2026-09-14 16:20:12.306099
SPY,2024-12-26,480.9,486.21,477.65,482.75,95060556,482.75,1.8500000000000227,0.38,2026-09-14 16:20:12.306099
SPY,2024-12-27,482.75,485.91,475.86,480.03,78732563,480.03,-2.720000000000028,-0.56,2026-09-14 16:20:12.306099
SPY,2024-12-30,480.03,483.86,477.5,481.28,68383602,481.28,1.25,0.26,2026-09-14 16:20:12.306099
SPY,2024-12-31,481.28,483.91,472.8,473.68,32357047,473.68,-7.599999999999966,-1.58,2026-09-14 16:20:12.306099
SPY,2025-01-01,473.68,482.98,471.67,482.0,23242691,482.0,8.319999999999993,1.76,2026-09-14 16:20:12.306099
SPY,2025-01-02,482.0,489.18,479.38,485.09,80239139,485.09,3.089999999999975,0.64,2026-09-14 16:20:12.306099
SPY,2025-01-03,485.09,487.11,485.0,485.72,10304393,485.72,0.6300000000000523,0.13,2026-09-14 16:20:12.306099
SPY,2025-01-06,485.72,488.25,482.34,482.78,81853659,482.78,-2.9400000000000546,-0.61,2026-09-14 16:20:12.306099
SPY,2025-01-07,482.78,485.69,478.73,484.5,55867389,484.5,1.7200000000000273,0.36,2026-09-14 16:20:12.306099
SPY,2025-01-08,484.5,487.25,475.83,479.05,60292332,479.05,-5.449999999999989,-1.12,2026-09-14 16:20:12.306099
SPY,2025-01-09,479.05,480.75,472.53,474.47,87296900,474.47,-4.579999999999984,-0.96,2026-09-14 16:20:12.306099
SPY,2025-01-10,474.47,480.35,470.71,475.76,56163545,475.76,1.2899999999999636,0.27,2026-09-14 16:20:12.306099
SPY,2025-01-13,475.76,477.69,474.68,475.29,46639948,475.29,-0.4699999999999704,-0.1,2026-09-14 16:20:12.306099
SPY,2025-01-14,475.29,480.33,472.11,477.09,94363110,477.09,1.7999999999999543,0.38,2026-09-14 16:20:12.306099
SPY,2025-01-15,477.09,485.55,475.19,483.29,57469454,483.29,6.2000000000000455,1.3,2026-09-14 16:20:12.306099
SPY,2025-01-16,483.29,491.85,480.11,489.45,38240767,489.45,6.159999999999968,1.27,2026-09-14 16:20:12.306099
SPY,2025-01-17,489.45,493.05,487.64,491.74,91655947,491.74,2.2900000000000205,0.47,2026-09-14 16:20:12.306099
SPY,2025-01-20,491.74,494.41,487.14,493.07,23233853,493.07,1.329999999999984,0.27,2026-09-14 16:20:12.306099
SPY,2025-01-21,493.07,496.27,489.85,494.02,65059596,494.02,0.9499999999999886,0.19,2026-09-14 16:20:12.306099
SPY,2025-01-22,494.02,498.67,491.86,493.8,54083155,493.8,-0.2199999999999704,-0.04,2026-09-14 16:20:12.306099
SPY,2025-01-23,493.8,494.43,482.68,487.3,95345237,487.3,-6.5,-1.32,2026-09-14 16:20:12.306099
SPY,2025-01-24,487.3,487.62,479.42,482.2,85435466,482.2,-5.100000000000023,-1.05,2026-09-14 16:20:12.306099
SPY,2025-01-27,482.2,489.3,480.97,486.43,21665210,486.43,4.230000000000018,0.88,2026-09-14 16:20:12.306099
SPY,2025-01-28,486.43,503.06,486.09,498.18,20918880,498.18,11.75,2.42,2026-09-14 16:20:12.306099
SPY,2025-01-29,498.18,503.74,495.03,503.31,74753716,503.31,5.129999999999996,1.03,2026-09-14 16:20:12.306099
SPY,2025-01-30,503.31,511.5,502.74,507.66,37111277,507.66,4.350000000000023,0.86,2026-09-14 16:20:12.306099
SPY,2025-01-31,507.66,512.71,506.21,512.26,65904652,512.26,4.599999999999966,0.91,2026-09-14 16:20:12.306099
SPY,2025-02-03,512.26,522.75,507.97,520.25,34269974,520.25,7.990000000000009,1.56,2026-09-14 16:20:12.306099
SPY,2025-02-04,520.25,528.28,516.56,528.19,41955328,528.19,7.940000000000055,1.53,2026-09-14 16:20:12.306099
SPY,2025-02-05,528.19,528.65,518.77,522.86,83241544,522.86,-5.330000000000041,-1.01,2026-09-14 16:20:12.306099
SPY,2025-02-06,522.86,526.7,519.89,521.13,47505924,521.13,-1.7300000000000182,-0.33,2026-09-14 16:20:12.306099
SPY,2025-02-07,521.13,523.04,518.56,521.78,72777973,521.78,0.6499999999999773,0.12,2026-09-14 16:20:12.306099
SPY,2025-02-10,521.78,533.14,518.08,528.0,49842919,528.0,6.220000000000027,1.19,2026-09-14 16:20:12.306099
SPY,2025-02-11,528.0,533.93,525.72,530.83,29974446,530.83,2.830000000000041,0.54,2026-09-14 16:20:12.306099
SPY,2025-02-12,530.83,534.4,526.09,527.98,35499134,527.98,-2.8500000000000227,-0.54,2026-09-14 16:20:12.306099
SPY,2025-02-13,527.98,529.9,512.78,514.03,78678885,514.03,-13.950000000000044,-2.64,2026-09-14 16:20:12.306099
SPY,2025-02-14,514.03,516.92,508.93,515.44,68110492,515.44,1.410000000000082,0.27,2026-09-14 16:20:12.306099
SPY,2025-02-17,515.44,519.72,510.38,514.26,55002578,514.26,-1.1800000000000637,-0.23,2026-09-14 16:20:12.306099
SPY,2025-02-18,514.26,518.43,502.73,503.36,47623173,503.36,-10.899999999999975,-2.12,2026-09-14 16:20:12.306099
SPY,2025-02-19,503.36,513.61,500.19,509.52,10696802,509.52,6.159999999999968,1.22,2026-09-14 16:20:12.306099
SPY,2025-02-20,509.52,521.22,505.85,516.81,82953577,516.81,7.289999999999964,1.43,2026-09-14 16:20:12.306099
SPY,2025-02-21,516.81,521.67,511.42,512.6,39906370,512.6,-4.209999999999923,-0.81,2026-09-14 16:20:12.306099
SPY,2025-02-24,512.6,517.58,509.3,515.48,59712721,515.48,2.8799999999999955,0.56,2026-09-14 16:20:12.306099
SPY,2025-02-25,515.48,516.29,505.93,506.43,66911837,506.43,-9.050000000000011,-1.76,2026-09-14 16:20:12.306099
SPY,2025-02-26,506.43,511.1,495.57,497.56,76137094,497.56,-8.870000000000005,-1.75,2026-09-14 16:20:12.306099
SPY,2025-02-27,497.56,500.71,497.44,499.12,32509948,499.12,1.5600000000000025,0.31,2026-09-14 16:20:12.306099
SPY,2025-02-28,499.12,503.46,497.68,502.11,87301852,502.11,2.990000000000009,0.6,2026-09-14 16:20:12.306099
SPY,2025-03-03,502.11,506.22,494.22,498.51,51739862,498.51,-3.6000000000000227,-0.72,2026-09-14 16:20:12.306099
SPY,2025-03-04,498.51,500.09,488.05,488.13,73868637,488.13,-10.379999999999995,-2.08,2026-09-14 16:20:12.306099
SPY,2025-03-05,488.13,490.39,465.69,469.91,75453205,469.91,-18.21999999999997,-3.73,2026-09-14 16:20:12.306099
SPY,2025-03-06,469.91,474.07,465.8,473.81,98617852,473.81,3.899999999999977,0.83,2026-09-14 16:20:12.306099
SPY,2025-03-07,473.81,478.13,471.42,474.48,31297855,474.48,0.6700000000000159,0.14,2026-09-14 16:20:12.306099
SPY,2025-03-10,474.48,480.87,471.88,477.59,71387591,477.59,3.109999999999957,0.66,2026-09-14 16:20:12.306099
SPY,2025-03-11,477.59,477.86,472.82,475.97,10469519,475.97,-1.6199999999999477,-0.34,2026-09-14 16:20:12.306099
SPY,2025-03-12,475.97,483.83,474.35,483.07,91748407,483.07,7.099999999999966,1.49,2026-09-14 16:20:12.306099
SPY,2025-03-13,483.07,484.8,469.98,473.58,87678245,473.58,-9.490000000000007,-1.96,2026-09-14 16:20:12.306099
SPY,2025-03-14,473.58,478.15,461.26,464.49,77032078,464.49,-9.089999999999977,-1.92,2026-09-14 16:20:12.306099
SPY,2025-03-17,464.49,467.09,460.92,464.94,68523675,464.94,0.4499999999999886,0.1,2026-09-14 16:20:12.306099
SPY,2025-03-18,464.94,469.64,461.53,466.71,24010216,466.71,1.7699999999999818,0.38,2026-09-14 16:20:12.306099
SPY,2025-03-19,466.71,469.33,456.45,456.53,92106750,456.53,-10.180000000000009,-2.18,2026-09-14 16:20:12.306099
SPY,2025-03-20,456.53,456.93,439.26,442.19,27436514,442.19,-14.339999999999977,-3.14,2026-09-14 16:20:12.306099
SPY,2025-03-21,442.19,443.29,436.47,437.19,76149647,437.19,-5.0,-1.13,2026-09-14 16:20:12.306099
SPY,2025-03-24,437.19,439.7,435.27,436.21,59717309,436.21,-0.9800000000000182,-0.22,2026-09-14 16:20:12.306099
SPY,2025-03-25,436.21,439.12,433.04,438.9,59712790,438.9,2.6899999999999977,0.62,2026-09-14 16:20:12.306099
SPY,2025-03-26,438.9,442.44,430.8,433.28,13875364,433.28,-5.6200000000000045,-1.28,2026-09-14 16:20:12.306099
SPY,2025-03-27,433.28,435.65,429.42,433.04,61997051,433.04,-0.2399999999999522,-0.06,2026-09-14 16:20:12.306099
SPY,2025-03-28,433.04,436.57,429.46,432.92,18946239,432.92,-0.1200000000000045,-0.03,2026-09-14 16:20:12.306099
SPY,2025-03-31,432.92,435.2,424.58,427.1,90041793,427.1,-5.819999999999993,-1.34,2026-09-14 16:20:12.306099
SPY,2025-04-01,427.1,427.99,421.13,425.01,29028083,425.01,-2.090000000000032,-0.49,2026-09-14 16:20:12.306099
SPY,2025-04-02,425.01,428.37,418.55,421.98,10939335,421.98,-3.0299999999999727,-0.71,2026-09-14 16:20:12.306099
SPY,2025-04-03,421.98,426.71,419.76,422.53,15733301,422.53,0.5499999999999545,0.13,2026-09-14 16:20:12.306099
SPY,2025-04-04,422.53,425.96,414.77,418.56,57204324,418.56,-3.9699999999999696,-0.94,2026-09-14 16:20:12.306099
SPY,2025-04-07,418.56,428.36,418.46,425.38,90902419,425.38,6.819999999999993,1.63,2026-09-14 16:20:12.306099
SPY,2025-04-08,425.38,426.6,424.05,425.79,15735487,425.79,0.410000000000025,0.1,2026-09-14 16:20:12.306099
SPY,2025-04-09,425.79,429.18,423.67,426.13,70118112,426.13,0.339999999999975,0.08,2026-09-14 16:20:12.306099
SPY,2025-04-10,426.13,427.83,417.69,419.87,61530262,419.87,-6.259999999999991,-1.47,2026-09-14 16:20:12.306099
SPY,2025-04-11,419.87,423.26,416.78,417.16,18845852,417.16,-2.7099999999999795,-0.65,2026-09-14 16:20:12.306099
SPY,2025-04-14,417.16,417.19,413.12,415.08,41199135,415.08,-2.080000000000041,-0.5,2026-09-14 16:20:12.306099
SPY,2025-04-15,415.08,419.48,412.42,416.75,20970357,416.75,1.670000000000016,0.4,2026-09-14 16:20:12.306099
SPY,2025-04-16,416.75,418.27,406.97,411.04,79173150,411.04,-5.70999999999998,-1.37,2026-09-14 16:20:12.306099
SPY,2025-04-17,411.04,422.18,409.17,418.14,44229874,418.14,7.099999999999966,1.73,2026-09-14 16:20:12.306099
SPY,2025-04-18,418.14,426.03,415.85,422.92,64062690,422.92,4.78000000000003,1.14,2026-09-14 16:20:12.306099
SPY,2025-04-21,422.92,423.56,415.96,417.41,47891473,417.41,-5.509999999999991,-1.3,2026-09-14 16:20:12.306099
SPY,2025-04-22,417.41,417.76,411.96,412.43,49183330,412.43,-4.980000000000018,-1.19,2026-09-14 16:20:12.306099
SPY,2025-04-23,412.43,417.95,410.94,415.1,86158671,415.1,2.670000000000016,0.65,2026-09-14 16:20:12.306099
SPY,2025-04-24,415.1,425.59,411.6,423.6,19073696,423.6,8.5,2.05,2026-09-14 16:20:12.306099
SPY,2025-04-25,423.6,435.64,422.56,433.02,14465919,433.02,9.41999999999996,2.22,2026-09-14 16:20:12.306099
SPY,2025-04-28,433.02,435.24,428.5,431.32,29163586,431.32,-1.6999999999999886,-0.39,2026-09-14 16:20:12.306099
SPY,2025-04-29,431.32,441.32,430.83,437.04,99946772,437.04,5.720000000000027,1.33,2026-09-14 16:20:12.306099
SPY,2025-04-30,437.04,446.95,435.56,444.15,88102279,444.15,7.109999999999957,1.63,2026-09-14 16:20:12.306099
SPY,2025-05-01,444.15,447.36,437.77,440.9,54383916,440.9,-3.25,-0.73,2026-09-14 16:20:12.306099
SPY,2025-05-02,440.9,445.3,438.02,438.08,54585765,438.08,-2.819999999999993,-0.64,2026-09-14 16:20:12.306099
SPY,2025-05-05,438.08,441.48,425.43,428.59,66524473,428.59,-9.490000000000007,-2.17,2026-09-14 16:20:12.306099
SPY,2025-05-06,428.59,439.54,428.18,438.5,98107872,438.5,9.910000000000023,2.31,2026-09-14 16:20:12.306099
SPY,2025-05-07,438.5,442.74,437.84,438.33,87600730,438.33,-0.1700000000000159,-0.04,2026-09-14 16:20:12.306099
SPY,2025-05-08,438.33,445.13,435.55,441.46,79195345,441.46,3.1299999999999955,0.71,2026-09-14 16:20:12.306099
SPY,2025-05-09,441.46,449.82,437.33,448.65,67928149,448.65,7.189999999999998,1.63,2026-09-14 16:20:12.306099
SPY,2025-05-12,448.65,461.08,446.26,459.67,89364406,459.67,11.02000000000004,2.46,2026-09-14 16:20:12.306099
SPY,2025-05-13,459.67,463.62,456.51,462.23,10149114,462.23,2.5600000000000023,0.56,2026-09-14 16:20:12.306099
SPY,2025-05-14,462.23,474.6,461.53,470.65,41805573,470.65,8.419999999999959,1.82,2026-09-14 16:20:12.306099
SPY,2025-05-15,470.65,470.81,469.97,470.7,19167674,470.7,0.0500000000000113,0.01,2026-09-14 16:20:12.306099
SPY,2025-05-16,470.7,474.94,453.1,453.49,88285318,453.49,-17.20999999999998,-3.66,2026-09-14 16:20:12.306099
SPY,2025-05-19,453.49,454.25,447.71,449.02,27476513,449.02,-4.470000000000027,-0.99,2026-09-14 16:20:12.306099
SPY,2025-05-20,449.02,454.73,447.65,451.46,14890089,451.46,2.4399999999999977,0.54,2026-09-14 16:20:12.306099
SPY,2025-05-21,451.46,454.3,450.41,450.82,58281895,450.82,-0.6399999999999864,-0.14,2026-09-14 16:20:12.306099
SPY,2025-05-22,450.82,459.85,450.25,456.71,51373529,456.71,5.889999999999986,1.31,2026-09-14 16:20:12.306099
SPY,2025-05-23,456.71,460.52,447.5,449.61,46611618,449.61,-7.099999999999966,-1.55,2026-09-14 16:20:12.306099
SPY,2025-05-26,449.61,459.16,446.83,455.99,74525486,455.99,6.379999999999996,1.42,2026-09-14 16:20:12.306099
SPY,2025-05-27,455.99,461.97,451.99,457.97,37691493,457.97,1.9800000000000184,0.43,2026-09-14 16:20:12.306099
SPY,2025-05-28,457.97,468.13,454.7,463.83,97387966,463.83,5.859999999999957,1.28,2026-09-14 16:20:12.306099
SPY,2025-05-29,463.83,476.42,463.26,471.88,63132810,471.88,8.050000000000011,1.74,2026-09-14 16:20:12.306099
SPY,2025-05-30,471.88,471.89,459.77,460.65,23812493,460.65,-11.230000000000018,-2.38,2026-09-14 16:20:12.306099
SPY,2025-06-02,460.65,468.12,456.21,463.72,90257499,463.72,3.07000000000005,0.67,2026-09-14 16:20:12.306099
SPY,2025-06-03,463.72,467.57,451.13,455.38,27786801,455.38,-8.340000000000032,-1.8,2026-09-14 16:20:12.306099
SPY,2025-06-04,455.38,459.88,453.19,455.95,74527518,455.95,0.5699999999999932,0.13,2026-09-14 16:20:12.306099
SPY,2025-06-05,455.95,457.34,448.22,449.5,77336164,449.5,-6.449999999999989,-1.41,2026-09-14 16:20:12.306099
SPY,2025-06-06,449.5,451.11,442.96,445.71,47794382,445.71,-3.790000000000021,-0.84,2026-09-14 16:20:12.306099
SPY,2025-06-09,445.71,455.06,443.67,452.0,95494655,452.0,6.2900000000000205,1.41,2026-09-14 16:20:12.306099
SPY,2025-06-10,452.0,456.34,443.22,447.01,90183462,447.01,-4.990000000000009,-1.1,2026-09-14 16:20:12.306099
SPY,2025-06-11,447.01,450.68,444.63,447.97,59648960,447.97,0.9600000000000364,0.21,2026-09-14 16:20:12.306099
SPY,2025-06-12,447.97,448.93,439.68,439.83,77100427,439.83,-8.140000000000043,-1.82,2026-09-14 16:20:12.306099
SPY,2025-06-13,439.83,440.12,436.98,439.32,88578630,439.32,-0.5099999999999909,-0.12,2026-09-14 16:20:12.306099
SPY,2025-06-16,439.32,451.31,439.28,447.2,51916510,447.2,7.8799999999999955,1.79,2026-09-14 16:20:12.306099
SPY,2025-06-17,447.2,448.61,445.31,445.41,13181273,445.41,-1.7899999999999636,-0.4,2026-09-14 16:20:12.306099
SPY,2025-06-18,445.41,454.52,444.49,451.57,91103407,451.57,6.159999999999968,1.38,2026-09-14 16:20:12.306099
SPY,2025-06-19,451.57,453.09,445.27,447.09,36330021,447.09,-4.480000000000018,-0.99,2026-09-14 16:20:12.306099
SPY,2025-06-20,447.09,454.81,446.49,452.57,28154237,452.57,5.480000000000018,1.23,2026-09-14 16:20:12.306099
SPY,2025-06-23,452.57,454.39,446.79,449.45,96774848,449.45,-3.1200000000000045,-0.69,2026-09-14 16:20:12.306099
SPY,2025-06-24,449.45,452.4,449.34,450.92,43529675,450.92,1.4700000000000273,0.33,2026-09-14 16:20:12.306099
SPY,2025-06-25,450.92,458.73,447.58,454.35,20619686,454.35,3.430000000000007,0.76,2026-09-14 16:20:12.306099
SPY,2025-06-26,454.35,459.81,453.49,455.99,94090858,455.99,1.6399999999999864,0.36,2026-09-14 16:20:12.306099
SPY,2025-06-27,455.99,465.06,453.89,461.45,28061532,461.45,5.45999999999998,1.2,2026-09-14 16:20:12.306099
SPY,2025-06-30,461.45,466.23,456.99,464.01,23800106,464.01,2.5600000000000023,0.55,2026-09-14 16:20:12.306099
SPY,2025-07-01,464.01,480.77,461.35,477.26,48994756,477.26,13.25,2.86,2026-09-14 16:20:12.306099
SPY,2025-07-02,477.26,480.76,469.2,471.92,38719305,471.92,-5.339999999999975,-1.12,2026-09-14 16:20:12.306099
SPY,2025-07-03,471.92,481.71,468.16,479.1,68811206,479.1,7.180000000000007,1.52,2026-09-14 16:20:12.306099
SPY,2025-07-04,479.1,479.19,469.02,469.8,40293486,469.8,-9.300000000000011,-1.94,2026-09-14 16:20:12.306099
SPY,2025-07-07,469.8,473.53,459.94,464.4,63982485,464.4,-5.400000000000034,-1.15,2026-09-14 16:20:12.306099
SPY,2025-07-08,464.4,467.28,459.11,461.09,64870901,461.09,-3.3100000000000023,-0.71,2026-09-14 16:20:12.306099
SPY,2025-07-09,461.09,463.19,455.16,459.34,60747369,459.34,-1.75,-0.38,2026-09-14 16:20:12.306099
SPY,2025-07-10,459.34,467.14,454.96,464.7,19003858,464.7,5.360000000000014,1.17,2026-09-14 16:20:12.306099
SPY,2025-07-11,464.7,469.29,452.35,454.9,39919485,454.9,-9.800000000000011,-2.11,2026-09-14 16:20:12.306099
SPY,2025-07-14,454.9,454.97,452.03,453.79,80476461,453.79,-1.1099999999999568,-0.24,2026-09-14 16:20:12.306099
SPY,2025-07-15,453.79,456.31,451.58,455.6,55155307,455.6,1.8100000000000025,0.4,2026-09-14 16:20:12.306099
SPY,2025-07-16,455.6,458.06,451.15,455.37,49467623,455.37,-0.2300000000000182,-0.05,2026-09-14 16:20:12.306099
SPY,2025-07-17,455.37,458.4,454.72,454.86,94610373,454.86,-0.5099999999999909,-0.11,2026-09-14 16:20:12.306099
SPY,2025-07-18,454.86,455.28,444.8,447.27,81765133,447.27,-7.590000000000032,-1.67,2026-09-14 16:20:12.306099
SPY,2025-07-21,447.27,449.41,437.11,441.39,30745728,441.39,-5.879999999999996,-1.31,2026-09-14 16:20:12.306099
SPY,2025-07-22,441.39,444.12,440.05,443.61,86581398,443.61,2.220000000000028,0.5,2026-09-14 16:20:12.306099
SPY,2025-07-23,443.61,451.97,443.1,449.22,86562869,449.22,5.610000000000014,1.26,2026-09-14 16:20:12.306099
SPY,2025-07-24,449.22,456.28,448.17,453.86,56866291,453.86,4.639999999999986,1.03,2026-09-14 16:20:12.306099
SPY,2025-07-25,453.86,455.4,448.41,450.69,46544713,450.69,-3.170000000000016,-0.7,2026-09-14 16:20:12.306099
SPY,2025-07-28,450.69,453.14,443.59,447.52,14467776,447.52,-3.170000000000016,-0.7,2026-09-14 16:20:12.306099
SPY,2025-07-29,447.52,449.78,446.99,448.94,57330619,448.94,1.420000000000016,0.32,2026-09-14 16:20:12.306099
SPY,2025-07-30,448.94,452.1,447.67,452.02,55828273,452.02,3.079999999999984,0.69,2026-09-14 16:20:12.306099
SPY,2025-07-31,452.02,458.47,447.67,456.47,27950739,456.47,4.4500000000000455,0.98,2026-09-14 16:20:12.306099
SPY,2025-08-01,456.47,458.55,452.79,457.39,26898261,457.39,0.9199999999999592,0.2,2026-09-14 16:20:12.306099
SPY,2025-08-04,457.39,460.67,450.42,452.94,57911326,452.94,-4.449999999999989,-0.97,2026-09-14 16:20:12.306099
SPY,2025-08-05,452.94,453.04,439.12,443.17,81544360,443.17,-9.769999999999982,-2.16,2026-09-14 16:20:12.306099
SPY,2025-08-06,443.17,444.11,441.81,443.57,78682546,443.57,0.3999999999999772,0.09,2026-09-14 16:20:12.306099
SPY,2025-08-07,443.57,446.63,443.55,443.73,93133409,443.73,0.160000000000025,0.04,2026-09-14 16:20:12.306099
SPY,2025-08-08,443.73,445.14,437.12,441.3,75960418,441.3,-2.430000000000007,-0.55,2026-09-14 16:20:12.306099
SPY,2025-08-11,441.3,445.95,441.03,442.13,16866354,442.13,0.8299999999999841,0.19,2026-09-14 16:20:12.306099
SPY,2025-08-12,442.13,444.63,439.0,443.46,57917586,443.46,1.329999999999984,0.3,2026-09-14 16:20:12.306099
SPY,2025-08-13,443.46,450.01,442.05,446.52,17691171,446.52,3.0600000000000023,0.69,2026-09-14 16:20:12.306099
SPY,2025-08-14,446.52,449.94,443.56,445.67,97943313,445.67,-0.8499999999999659,-0.19,2026-09-14 16:20:12.306099
SPY,2025-08-15,445.67,449.19,440.03,443.46,62301166,443.46,-2.2100000000000364,-0.5,2026-09-14 16:20:12.306099
SPY,2025-08-18,443.46,446.07,440.55,442.19,27631123,442.19,-1.2699999999999818,-0.29,2026-09-14 16:20:12.306099
SPY,2025-08-19,442.19,446.74,438.7,445.09,98470253,445.09,2.8999999999999773,0.66,2026-09-14 16:20:12.306099
SPY,2025-08-20,445.09,446.61,440.64,441.39,52781644,441.39,-3.6999999999999886,-0.83,2026-09-14 16:20:12.306099
SPY,2025-08-21,441.39,445.6,439.25,444.21,58336551,444.21,2.819999999999993,0.64,2026-09-14 16:20:12.306099
SPY,2025-08-22,444.21,444.32,441.07,442.02,82283467,442.02,-2.1899999999999977,-0.49,2026-09-14 16:20:12.306099
SPY,2025-08-25,442.02,445.19,440.15,445.13,71422411,445.13,3.1100000000000136,0.7,2026-09-14 16:20:12.306099
SPY,2025-08-26,445.13,446.98,442.47,445.01,77095742,445.01,-0.1200000000000045,-0.03,2026-09-14 16:20:12.306099
SPY,2025-08-27,445.01,448.4,441.94,445.55,18880761,445.55,0.5400000000000205,0.12,2026-09-14 16:20:12.306099
SPY,2025-08-28,445.55,450.62,444.83,446.65,37896347,446.65,1.099999999999966,0.25,2026-09-14 16:20:12.306099
SPY,2025-08-29,446.65,452.83,446.39,448.78,88344277,448.78,2.1299999999999955,0.48,2026-09-14 16:20:12.306099
SPY,2025-09-01,448.78,458.89,444.79,454.97,79793418,454.97,6.190000000000055,1.38,2026-09-14 16:20:12.306099
SPY,2025-09-02,454.97,463.67,450.76,459.25,56181616,459.25,4.279999999999973,0.94,2026-09-14 16:20:12.306099
SPY,2025-09-03,459.25,470.92,458.26,470.42,68712884,470.42,11.170000000000016,2.43,2026-09-14 16:20:12.306099
SPY,2025-09-04,470.42,474.86,469.16,470.23,17913789,470.23,-0.1899999999999977,-0.04,2026-09-14 16:20:12.306099
SPY,2025-09-05,470.23,477.03,469.45,476.8,62891565,476.8,6.569999999999993,1.4,2026-09-14 16:20:12.306099
SPY,2025-09-08,476.8,480.62,471.93,473.85,74256814,473.85,-2.9499999999999886,-0.62,2026-09-14 16:20:12.306099
SPY,2025-09-09,473.85,486.19,473.58,485.53,85779459,485.53,11.67999999999995,2.46,2026-09-14 16:20:12.306099
SPY,2025-09-10,485.53,493.76,482.23,492.9,39652118,492.9,7.370000000000003,1.52,2026-09-14 16:20:12.306099
SPY,2025-09-11,492.9,494.03,483.37,487.05,45165452,487.05,-5.849999999999966,-1.19,2026-09-14 16:20:12.306099
SPY,2025-09-12,487.05,489.34,486.6,488.67,31532701,488.67,1.6200000000000043,0.33,2026-09-14 16:20:12.306099
SPY,2025-09-15,488.67,497.17,484.94,492.99,24405797,492.99,4.319999999999993,0.88,2026-09-14 16:20:12.306099
SPY,2025-09-16,492.99,494.11,483.44,487.59,56426274,487.59,-5.400000000000034,-1.1,2026-09-14 16:20:12.306099
SPY,2025-09-17,487.59,493.12,484.71,491.31,63525955,491.31,3.7200000000000273,0.76,2026-09-14 16:20:12.306099
SPY,2025-09-18,491.31,493.7,490.13,491.39,48563636,491.39,0.079999999999984,0.02,2026-09-14 16:20:12.306099
SPY,2025-09-19,491.39,492.73,482.34,485.86,95025623,485.86,-5.529999999999973,-1.13,2026-09-14 16:20:12.306099
SPY,2025-09-22,485.86,488.24,481.64,482.22,77794047,482.22,-3.6399999999999855,-0.75,2026-09-14 16:20:12.306099
SPY,2025-09-23,482.22,486.95,479.7,480.67,92804987,480.67,-1.5500000000000114,-0.32,2026-09-14 16:20:12.306099
SPY,2025-09-24,480.67,483.65,470.01,471.06,32355079,471.06,-9.610000000000014,-2.0,2026-09-14 16:20:12.306099
SPY,2025-09-25,471.06,473.34,460.76,465.24,33801752,465.24,-5.819999999999993,-1.24,2026-09-14 16:20:12.306099
SPY,2025-09-26,465.24,467.48,464.62,465.34,31521404,465.34,0.0999999999999659,0.02,2026-09-14 16:20:12.306099
SPY,2025-09-29,465.34,469.19,464.66,464.85,46902667,464.85,-0.4899999999999522,-0.11,2026-09-14 16:20:12.306099
SPY,2025-09-30,464.85,467.71,450.87,453.82,84750286,453.82,-11.03000000000003,-2.37,2026-09-14 16:20:12.306099
SPY,2025-10-01,453.82,454.33,451.68,452.52,94316160,452.52,-1.3000000000000114,-0.29,2026-09-14 16:20:12.306099
SPY,2025-10-02,452.52,454.28,448.97,453.28,62830666,453.28,0.7599999999999909,0.17,2026-09-14 16:20:12.306099
SPY,2025-10-03,453.28,456.74,449.74,456.66,74569740,456.66,3.3800000000000523,0.75,2026-09-14 16:20:12.306099
SPY,2025-10-06,456.66,457.87,454.67,455.91,70337780,455.91,-0.75,-0.16,2026-09-14 16:20:12.306099
SPY,2025-10-07,455.91,457.33,449.16,450.86,98218119,450.86,-5.050000000000011,-1.11,2026-09-14 16:20:12.306099
SPY,2025-10-08,450.86,457.69,448.74,455.97,74728315,455.97,5.110000000000014,1.13,2026-09-14 16:20:12.306099
SPY,2025-10-09,455.97,460.72,453.76,456.2,51412873,456.2,0.2299999999999613,0.05,2026-09-14 16:20:12.306099
SPY,2025-10-10,456.2,459.76,448.27,451.23,42702806,451.23,-4.96999999999997,-1.09,2026-09-14 16:20:12.306099
SPY,2025-10-13,451.23,453.92,448.1,452.99,32691119,452.99,1.759999999999991,0.39,2026-09-14 16:20:12.306099
SPY,2025-10-14,452.99,458.42,451.99,458.11,27539429,458.11,5.1200000000000045,1.13,2026-09-14 16:20:12.306099
SPY,2025-10-15,458.11,461.29,452.03,454.47,44835086,454.47,-3.6399999999999855,-0.79,2026-09-14 16:20:12.306099
SPY,2025-10-16,454.47,458.49,450.48,453.21,69215324,453.21,-1.2600000000000475,-0.28,2026-09-14 16:20:12.306099
SPY,2025-10-17,453.21,456.49,446.27,447.28,55302463,447.28,-5.930000000000007,-1.31,2026-09-14 16:20:12.306099
SPY,2025-10-20,447.28,450.9,442.38,445.29,98118209,445.29,-1.9899999999999525,-0.44,2026-09-14 16:20:12.306099
SPY,2025-10-21,445.29,447.75,442.07,445.47,88060809,445.47,0.1800000000000068,0.04,2026-09-14 16:20:12.306099
SPY,2025-10-22,445.47,446.37,426.98,431.22,98320850,431.22,-14.25,-3.2,2026-09-14 16:20:12.306099
SPY,2025-10-23,431.22,433.86,420.97,424.5,16843024,424.5,-6.720000000000027,-1.56,2026-09-14 16:20:12.306099
SPY,2025-10-24,424.5,424.89,422.11,424.25,96825714,424.25,-0.25,-0.06,2026-09-14 16:20:12.306099
SPY,2025-10-27,424.25,426.21,419.36,422.72,59530258,422.72,-1.5299999999999727,-0.36,2026-09-14 16:20:12.306099
SPY,2025-10-28,422.72,428.54,420.55,425.86,67739069,425.86,3.1399999999999864,0.74,2026-09-14 16:20:12.306099
SPY,2025-10-29,425.86,431.68,424.09,429.7,60279898,429.7,3.839999999999975,0.9,2026-09-14 16:20:12.306099
SPY,2025-10-30,429.7,432.8,426.05,430.98,65544658,430.98,1.2800000000000296,0.3,2026-09-14 16:20:12.306099
SPY,2025-10-31,430.98,433.03,429.1,430.01,23532972,430.01,-0.9700000000000272,-0.23,2026-09-14 16:20:12.306099
SPY,2025-11-03,430.01,433.07,414.48,417.1,58316781,417.1,-12.909999999999968,-3.0,2026-09-14 16:20:12.306099
SPY,2025-11-04,417.1,418.72,407.89,411.54,93920881,411.54,-5.560000000000002,-1.33,2026-09-14 16:20:12.306099
SPY,2025-11-05,411.54,412.73,406.28,410.03,83722183,410.03,-1.5100000000000475,-0.37,2026-09-14 16:20:12.306099
SPY,2025-11-06,410.03,413.02,403.86,405.99,34019612,405.99,-4.039999999999964,-0.99,2026-09-14 16:20:12.306099
SPY,2025-11-07,405.99,407.85,397.69,400.35,55785334,400.35,-5.639999999999986,-1.39,2026-09-14 16:20:12.306099
SPY,2025-11-10,400.35,403.29,396.35,400.81,25900187,400.81,0.4599999999999795,0.11,2026-09-14 16:20:12.306099
SPY,2025-11-11,400.81,402.32,399.02,399.9,88794300,399.9,-0.910000000000025,-0.23,2026-09-14 16:20:12.306099
SPY,2025-11-12,399.9,401.3,396.71,398.1,18258587,398.1,-1.7999999999999543,-0.45,2026-09-14 16:20:12.306099
SPY,2025-11-13,398.1,407.62,396.12,407.52,23753307,407.52,9.41999999999996,2.37,2026-09-14 16:20:12.306099
SPY,2025-11-14,407.52,411.3,405.63,405.99,79996643,405.99,-1.5299999999999727,-0.38,2026-09-14 16:20:12.306099
SPY,2025-11-17,405.99,406.7,398.43,402.14,65882605,402.14,-3.850000000000023,-0.95,2026-09-14 16:20:12.306099
SPY,2025-11-18,402.14,406.35,400.98,403.64,12286978,403.64,1.5,0.37,2026-09-14 16:20:12.306099
SPY,2025-11-19,403.64,409.09,399.93,406.07,48709343,406.07,2.430000000000007,0.6,2026-09-14 16:20:12.306099
SPY,2025-11-20,406.07,406.61,401.54,405.33,30785056,405.33,-0.7400000000000091,-0.18,2026-09-14 16:20:12.306099
SPY,2025-11-21,405.33,409.05,405.26,408.3,30179829,408.3,2.970000000000028,0.73,2026-09-14 16:20:12.306099
SPY,2025-11-24,408.3,409.72,397.47,401.11,59057608,401.11,-7.189999999999998,-1.76,2026-09-14 16:20:12.306099
SPY,2025-11-25,401.11,403.62,387.21,388.72,71104721,388.72,-12.389999999999986,-3.09,2026-09-14 16:20:12.306099
SPY,2025-11-26,388.72,394.57,386.48,390.72,43007560,390.72,2.0,0.51,2026-09-14 16:20:12.306099
SPY,2025-11-27,390.72,395.77,388.96,394.18,12705280,394.18,3.4599999999999795,0.89,2026-09-14 16:20:12.306099
SPY,2025-11-28,394.18,398.08,385.57,389.18,14346007,389.18,-5.0,-1.27,2026-09-14 16:20:12.306099
SPY,2025-12-01,389.18,398.74,389.17,395.61,92211719,395.61,6.430000000000007,1.65,2026-09-14 16:20:12.306099
SPY,2025-12-02,395.61,404.25,392.49,401.73,39927848,401.73,6.1200000000000045,1.55,2026-09-14 16:20:12.306099
SPY,2025-12-03,401.73,404.66,394.98,397.21,37414456,397.21,-4.520000000000039,-1.13,2026-09-14 16:20:12.306099
SPY,2025-12-04,397.21,402.64,393.89,399.29,21895387,399.29,2.080000000000041,0.52,2026-09-14 16:20:12.306099
SPY,2025-12-05,399.29,406.55,396.76,406.4,31794599,406.4,7.109999999999957,1.78,2026-09-14 16:20:12.306099
SPY,2025-12-08,406.4,408.02,402.96,405.93,28665252,405.93,-0.4699999999999704,-0.12,2026-09-14 16:20:12.306099
SPY,2025-12-09,405.93,412.73,403.57,412.37,89998169,412.37,6.439999999999998,1.59,2026-09-14 16:20:12.306099
SPY,2025-12-10,412.37,415.5,408.53,408.68,41800606,408.68,-3.6899999999999977,-0.89,2026-09-14 16:20:12.306099
SPY,2025-12-11,408.68,413.94,404.82,410.55,66931332,410.55,1.8700000000000043,0.46,2026-09-14 16:20:12.306099
SPY,2025-12-12,410.55,410.8,402.8,403.92,93080062,403.92,-6.629999999999996,-1.61,2026-09-14 16:20:12.306099
SPY,2025-12-15,403.92,408.84,402.91,407.44,20229132,407.44,3.519999999999982,0.87,2026-09-14 16:20:12.306099
SPY,2025-12-16,407.44,409.12,403.54,407.35,50895254,407.35,-0.0899999999999749,-0.02,2026-09-14 16:20:12.306099
SPY,2025-12-17,407.35,411.94,406.74,411.4,34589072,411.4,4.0499999999999545,0.99,2026-09-14 16:20:12.306099
SPY,2025-12-18,411.4,415.42,401.94,405.21,41357101,405.21,-6.189999999999998,-1.5,2026-09-14 16:20:12.306099
SPY,2025-12-19,405.21,408.48,402.75,406.31,19325507,406.31,1.1000000000000227,0.27,2026-09-14 16:20:12.306099
SPY,2025-12-22,406.31,416.37,402.58,416.01,46310848,416.01,9.699999999999989,2.39,2026-09-14 16:20:12.306099
SPY,2025-12-23,416.01,419.84,411.68,412.96,17906427,412.96,-3.050000000000012,-0.73,2026-09-14 16:20:12.306099
SPY,2025-12-24,412.96,423.46,410.9,420.64,16745821,420.64,7.680000000000007,1.86,2026-09-14 16:20:12.306099
SPY,2025-12-25,420.64,423.58,408.2,411.23,19855700,411.23,-9.409999999999968,-2.24,2026-09-14 16:20:12.306099
SPY,2025-12-26,411.23,412.65,409.44,409.72,40047493,409.72,-1.509999999999991,-0.37,2026-09-14 16:20:12.306099
SPY,2025-12-29,409.72,412.41,398.66,400.59,35168741,400.59,-9.130000000000052,-2.23,2026-09-14 16:20:12.306099
SPY,2025-12-30,400.59,406.7,399.03,405.15,54072365,405.15,4.560000000000002,1.14,2026-09-14 16:20:12.306099
SPY,2025-12-31,405.15,405.57,400.73,401.89,21619836,401.89,-3.259999999999991,-0.8,2026-09-14 16:20:12.306099
SPY,2026-01-01,401.89,403.59,391.48,394.13,17884288,394.13,-7.759999999999991,-1.93,2026-09-14 16:20:12.306099
SPY,2026-01-02,394.13,394.84,383.75,384.11,79610210,384.11,-10.019999999999982,-2.54,2026-09-14 16:20:12.306099
SPY,2026-01-05,384.11,384.92,382.7,384.25,36348651,384.25,0.1399999999999863,0.04,2026-09-14 16:20:12.306099
SPY,2026-01-06,384.25,390.83,382.62,387.0,28102135,387.0,2.75,0.72,2026-09-14 16:20:12.306099
SPY,2026-01-07,387.0,392.96,386.5,392.88,22690772,392.88,5.879999999999996,1.52,2026-09-14 16:20:12.306099
SPY,2026-01-08,392.88,399.76,389.43,397.45,30102056,397.45,4.569999999999993,1.16,2026-09-14 16:20:12.306099
SPY,2026-01-09,397.45,399.14,397.32,398.24,68487249,398.24,0.7900000000000205,0.2,2026-09-14 16:20:12.306099
SPY,2026-01-12,398.24,411.17,394.52,407.42,19452860,407.42,9.180000000000009,2.31,2026-09-14 16:20:12.306099
SPY,2026-01-13,407.42,414.49,403.71,413.62,17022142,413.62,6.199999999999989,1.52,2026-09-14 16:20:12.306099
SPY,2026-01-14,413.62,414.81,411.18,413.58,25955385,413.58,-0.0400000000000204,-0.01,2026-09-14 16:20:12.306099
SPY,2026-01-15,413.58,418.89,413.5,416.09,31341929,416.09,2.509999999999991,0.61,2026-09-14 16:20:12.306099
SPY,2026-01-16,416.09,426.73,412.65,424.48,44826811,424.48,8.390000000000043,2.02,2026-09-14 16:20:12.306099
SPY,2026-01-19,424.48,427.36,420.84,426.53,91386957,426.53,2.0499999999999545,0.48,2026-09-14 16:20:12.306099
SPY,2026-01-20,426.53,430.79,424.78,426.66,72935484,426.66,0.1300000000000523,0.03,2026-09-14 16:20:12.306099
SPY,2026-01-21,426.66,428.28,424.24,427.11,88834038,427.11,0.4499999999999886,0.11,2026-09-14 16:20:12.306099
SPY,2026-01-22,427.11,433.52,423.45,431.02,81930916,431.02,3.909999999999968,0.92,2026-09-14 16:20:12.306099
SPY,2026-01-23,431.02,433.93,428.96,433.45,53763352,433.45,2.430000000000007,0.56,2026-09-14 16:20:12.306099
SPY,2026-01-26,433.45,437.49,429.89,434.94,96080552,434.94,1.490000000000009,0.34,2026-09-14 16:20:12.306099
SPY,2026-01-27,434.94,438.39,430.95,433.38,66313241,433.38,-1.5600000000000025,-0.36,2026-09-14 16:20:12.306099
SPY,2026-01-28,433.38,450.38,429.83,446.1,77674724,446.1,12.720000000000027,2.94,2026-09-14 16:20:12.306099
SPY,2026-01-29,446.1,448.26,439.93,443.75,94274491,443.75,-2.3500000000000227,-0.53,2026-09-14 16:20:12.306099
SPY,2026-01-30,443.75,451.45,440.51,448.16,18448781,448.16,4.410000000000025,0.99,2026-09-14 16:20:12.306099
SPY,2026-02-02,448.16,449.85,444.29,448.3,11012570,448.3,0.1399999999999863,0.03,2026-09-14 16:20:12.306099
SPY,2026-02-03,448.3,452.64,447.73,450.46,64089872,450.46,2.159999999999968,0.48,2026-09-14 16:20:12.306099
SPY,2026-02-04,450.46,459.41,447.3,455.86,59803776,455.86,5.400000000000034,1.2,2026-09-14 16:20:12.306099
SPY,2026-02-05,455.86,464.49,451.37,460.52,80020628,460.52,4.659999999999968,1.02,2026-09-14 16:20:12.306099
SPY,2026-02-06,460.52,464.63,459.28,461.15,96589016,461.15,0.6299999999999955,0.14,2026-09-14 16:20:12.306099
SPY,2026-02-09,461.15,467.73,460.31,467.3,77784229,467.3,6.150000000000034,1.33,2026-09-14 16:20:12.306099
SPY,2026-02-10,467.3,473.35,465.65,469.93,89161818,469.93,2.6299999999999955,0.56,2026-09-14 16:20:12.306099
SPY,2026-02-11,469.93,470.56,462.31,465.89,57658453,465.89,-4.0400000000000205,-0.86,2026-09-14 16:20:12.306099
SPY,2026-02-12,465.89,467.68,456.65,459.92,13201115,459.92,-5.96999999999997,-1.28,2026-09-14 16:20:12.306099
SPY,2026-02-13,459.92,461.88,450.72,454.11,33928228,454.11,-5.810000000000002,-1.26,2026-09-14 16:20:12.306099
SPY,2026-02-16,454.11,464.57,451.93,463.09,28888965,463.09,8.979999999999961,1.98,2026-09-14 16:20:12.306099
SPY,2026-02-17,463.09,469.76,461.14,468.21,60183408,468.21,5.1200000000000045,1.11,2026-09-14 16:20:12.306099
SPY,2026-02-18,468.21,471.49,465.01,468.08,78115139,468.08,-0.1299999999999954,-0.03,2026-09-14 16:20:12.306099
SPY,2026-02-19,468.08,471.16,467.14,469.43,49319750,469.43,1.3500000000000227,0.29,2026-09-14 16:20:12.306099
SPY,2026-02-20,469.43,470.0,457.22,458.2,69872122,458.2,-11.230000000000018,-2.39,2026-09-14 16:20:12.306099
SPY,2026-02-23,458.2,462.4,453.94,454.07,89066465,454.07,-4.129999999999996,-0.9,2026-09-14 16:20:12.306099
SPY,2026-02-24,454.07,460.32,452.35,456.78,37659270,456.78,2.7099999999999795,0.6,2026-09-14 16:20:12.306099
SPY,2026-02-25,456.78,461.57,456.04,457.97,30351625,457.97,1.1900000000000546,0.26,2026-09-14 16:20:12.306099
SPY,2026-02-26,457.97,461.95,454.22,455.53,48311491,455.53,-2.4400000000000546,-0.53,2026-09-14 16:20:12.306099
SPY,2026-02-27,455.53,469.44,451.93,465.28,58187248,465.28,9.75,2.14,2026-09-14 16:20:12.306099
SPY,2026-03-02,465.28,466.02,464.0,465.18,47238899,465.18,-0.0999999999999659,-0.02,2026-09-14 16:20:12.306099
SPY,2026-03-03,465.18,478.53,463.26,476.09,75346003,476.09,10.909999999999968,2.35,2026-09-14 16:20:12.306099
SPY,2026-03-04,476.09,485.71,472.07,480.92,40147000,480.92,4.830000000000041,1.01,2026-09-14 16:20:12.306099
SPY,2026-03-05,480.92,485.56,474.77,479.26,45385620,479.26,-1.660000000000025,-0.35,2026-09-14 16:20:12.306099
SPY,2026-03-06,479.26,483.99,469.38,472.47,72370162,472.47,-6.789999999999964,-1.42,2026-09-14 16:20:12.306099
SPY,2026-03-09,472.47,476.33,468.44,471.07,52321810,471.07,-1.400000000000034,-0.3,2026-09-14 16:20:12.306099
SPY,2026-03-10,471.07,485.15,469.05,483.35,68709414,483.35,12.28000000000003,2.61,2026-09-14 16:20:12.306099
SPY,2026-03-11,483.35,488.41,480.63,483.71,38888690,483.71,0.3599999999999568,0.07,2026-09-14 16:20:12.306099
SPY,2026-03-12,483.71,486.3,482.15,482.73,62928901,482.73,-0.9799999999999612,-0.2,2026-09-14 16:20:12.306099
SPY,2026-03-13,482.73,484.43,480.19,481.11,54587202,481.11,-1.6200000000000043,-0.34,2026-09-14 16:20:12.306099
SPY,2026-03-16,481.11,484.03,476.44,477.8,91456302,477.8,-3.3100000000000023,-0.69,2026-09-14 16:20:12.306099
SPY,2026-03-17,477.8,482.62,473.74,478.88,89108486,478.88,1.079999999999984,0.23,2026-09-14 16:20:12.306099
SPY,2026-03-18,478.88,480.34,472.81,476.18,58385654,476.18,-2.6999999999999886,-0.56,2026-09-14 16:20:12.306099
SPY,2026-03-19,476.18,479.41,473.76,474.3,25147579,474.3,-1.879999999999996,-0.39,2026-09-14 16:20:12.306099
SPY,2026-03-20,474.3,477.27,469.65,473.53,72440365,473.53,-0.7700000000000387,-0.16,2026-09-14 16:20:12.306099
SPY,2026-03-23,473.53,473.86,469.69,471.53,43414511,471.53,-2.0,-0.42,2026-09-14 16:20:12.306099
SPY,2026-03-24,471.53,474.7,466.77,470.88,55383560,470.88,-0.6499999999999773,-0.14,2026-09-14 16:20:12.306099
SPY,2026-03-25,470.88,473.25,469.15,470.16,15447754,470.16,-0.7199999999999704,-0.15,2026-09-14 16:20:12.306099
SPY,2026-03-26,470.16,477.36,466.77,477.21,67991601,477.21,7.0499999999999545,1.5,2026-09-14 16:20:12.306099
SPY,2026-03-27,477.21,485.69,476.82,482.26,56589096,482.26,5.050000000000011,1.06,2026-09-14 16:20:12.306099
SPY,2026-03-30,482.26,490.24,478.66,487.8,44700995,487.8,5.5400000000000205,1.15,2026-09-14 16:20:12.306099
SPY,2026-03-31,487.8,499.24,486.13,496.82,23614871,496.82,9.019999999999982,1.85,2026-09-14 16:20:12.306099
SPY,2026-04-01,496.82,504.96,494.48,503.95,63327521,503.95,7.129999999999996,1.44,2026-09-14 16:20:12.306099
SPY,2026-04-02,503.95,512.74,500.58,508.4,90418797,508.4,4.449999999999989,0.88,2026-09-14 16:20:12.306099
SPY,2026-04-03,508.4,512.01,499.82,503.7,84236134,503.7,-4.699999999999989,-0.92,2026-09-14 16:20:12.306099
SPY,2026-04-06,503.7,508.24,501.29,503.67,95813389,503.67,-0.0299999999999727,-0.01,2026-09-14 16:20:12.306099
SPY,2026-04-07,503.67,505.02,502.75,504.66,60243930,504.66,0.9900000000000092,0.2,2026-09-14 16:20:12.306099
SPY,2026-04-08,504.66,505.46,501.68,503.56,66186740,503.56,-1.1000000000000227,-0.22,2026-09-14 16:20:12.306099
SPY,2026-04-09,503.56,509.46,500.23,506.55,78729348,506.55,2.990000000000009,0.59,2026-09-14 16:20:12.306099
SPY,2026-04-10,506.55,507.81,499.08,504.11,89942381,504.11,-2.4399999999999977,-0.48,2026-09-14 16:20:12.306099
SPY,2026-04-13,504.11,525.69,499.75,522.92,83974893,522.92,18.809999999999945,3.73,2026-09-14 16:20:12.306099
SPY,2026-04-14,522.92,528.68,519.2,523.61,24615778,523.61,0.6900000000000546,0.13,2026-09-14 16:20:12.306099
SPY,2026-04-15,523.61,524.4,518.06,519.1,15525126,519.1,-4.509999999999991,-0.86,2026-09-14 16:20:12.306099
SPY,2026-04-16,519.1,523.17,508.79,508.81,82326368,508.81,-10.29000000000002,-1.98,2026-09-14 16:20:12.306099
SPY,2026-04-17,508.81,514.23,508.7,513.45,53142844,513.45,4.640000000000043,0.91,2026-09-14 16:20:12.306099
SPY,2026-04-20,513.45,523.55,513.27,519.72,70593797,519.72,6.269999999999982,1.22,2026-09-14 16:20:12.306099
SPY,2026-04-21,519.72,521.13,508.65,511.99,54455406,511.99,-7.730000000000018,-1.49,2026-09-14 16:20:12.306099
SPY,2026-04-22,511.99,516.61,506.61,507.74,85642788,507.74,-4.25,-0.83,2026-09-14 16:20:12.306099
SPY,2026-04-23,507.74,508.86,498.68,502.26,12340442,502.26,-5.480000000000018,-1.08,2026-09-14 16:20:12.306099
SPY,2026-04-24,502.26,503.69,486.76,491.13,92384874,491.13,-11.129999999999995,-2.22,2026-09-14 16:20:12.306099
SPY,2026-04-27,491.13,493.46,483.39,488.18,69937977,488.18,-2.9499999999999886,-0.6,2026-09-14 16:20:12.306099
SPY,2026-04-28,488.18,490.09,481.11,483.14,37575699,483.14,-5.0400000000000205,-1.03,2026-09-14 16:20:12.306099
SPY,2026-04-29,483.14,488.38,479.8,484.81,41639335,484.81,1.670000000000016,0.35,2026-09-14 16:20:12.306099
SPY,2026-04-30,484.81,496.15,481.08,493.51,20250011,493.51,8.699999999999989,1.79,2026-09-14 16:20:12.306099
SPY,2026-05-01,493.51,495.25,489.76,493.21,60141566,493.21,-0.3000000000000113,-0.06,2026-09-14 16:20:12.306099
SPY,2026-05-04,493.21,496.85,489.73,494.2,70761470,494.2,0.9900000000000092,0.2,2026-09-14 16:20:12.306099
SPY,2026-05-05,494.2,499.2,490.55,494.99,26212522,494.99,0.7900000000000205,0.16,2026-09-14 16:20:12.306099
SPY,2026-05-06,494.99,502.34,491.69,500.68,99187276,500.68,5.689999999999998,1.15,2026-09-14 16:20:12.306099
SPY,2026-05-07,500.68,505.74,499.76,504.38,98567015,504.38,3.6999999999999886,0.74,2026-09-14 16:20:12.306099
SPY,2026-05-08,504.38,508.33,498.38,498.63,26238160,498.63,-5.75,-1.14,2026-09-14 16:20:12.306099
SPY,2026-05-11,498.63,504.53,498.1,500.45,93084542,500.45,1.8199999999999927,0.37,2026-09-14 16:20:12.306099
SPY,2026-05-12,500.45,505.0,494.68,496.71,57309206,496.71,-3.740000000000009,-0.75,2026-09-14 16:20:12.306099
SPY,2026-05-13,496.71,499.02,492.04,494.97,19053107,494.97,-1.7399999999999525,-0.35,2026-09-14 16:20:12.306099
SPY,2026-05-14,494.97,502.3,493.64,502.27,65405942,502.27,7.299999999999954,1.47,2026-09-14 16:20:12.306099
SPY,2026-05-15,502.27,503.48,481.47,486.27,26998966,486.27,-16.0,-3.19,2026-09-14 16:20:12.306099
SPY,2026-05-18,486.27,486.84,477.87,478.14,53908458,478.14,-8.129999999999995,-1.67,2026-09-14 16:20:12.306099
SPY,2026-05-19,478.14,486.58,476.73,484.01,11505672,484.01,5.8700000000000045,1.23,2026-09-14 16:20:12.306099
SPY,2026-05-20,484.01,487.73,481.23,486.7,11397363,486.7,2.6899999999999977,0.56,2026-09-14 16:20:12.306099
SPY,2026-05-21,486.7,487.52,477.17,477.7,57767830,477.7,-9.0,-1.85,2026-09-14 16:20:12.306099
SPY,2026-05-22,477.7,484.17,477.15,480.32,48796121,480.32,2.6200000000000045,0.55,2026-09-14 16:20:12.306099
SPY,2026-05-25,480.32,485.13,479.86,484.01,10959653,484.01,3.6899999999999977,0.77,2026-09-14 16:20:12.306099
SPY,2026-05-26,484.01,487.47,483.75,485.53,45510180,485.53,1.5199999999999818,0.31,2026-09-14 16:20:12.306099
SPY,2026-05-27,485.53,493.06,484.6,490.88,54884376,490.88,5.350000000000023,1.1,2026-09-14 16:20:12.306099
SPY,2026-05-28,490.88,496.73,490.65,491.87,14849065,491.87,0.9900000000000092,0.2,2026-09-14 16:20:12.306099
SPY,2026-05-29,491.87,493.17,482.49,483.38,88703673,483.38,-8.490000000000009,-1.73,2026-09-14 16:20:12.306099
SPY,2026-06-01,483.38,486.36,480.13,480.17,33467590,480.17,-3.2099999999999795,-0.66,2026-09-14 16:20:12.306099
SPY,2026-06-02,480.17,484.04,478.32,480.39,61969175,480.39,0.2199999999999704,0.05,2026-09-14 16:20:12.306099
SPY,2026-06-03,480.39,492.36,479.78,487.56,60028039,487.56,7.170000000000016,1.49,2026-09-14 16:20:12.306099
SPY,2026-06-04,487.56,491.37,477.46,481.9,75550349,481.9,-5.660000000000025,-1.16,2026-09-14 16:20:12.306099
SPY,2026-06-05,481.9,486.07,479.27,485.8,63888888,485.8,3.900000000000034,0.81,2026-09-14 16:20:12.306099
SPY,2026-06-08,485.8,488.64,478.98,480.95,53871172,480.95,-4.850000000000023,-1.0,2026-09-14 16:20:12.306099
SPY,2026-06-09,480.95,482.54,470.4,474.12,64669610,474.12,-6.829999999999984,-1.42,2026-09-14 16:20:12.306099
SPY,2026-06-10,474.12,484.96,471.57,482.96,81981325,482.96,8.839999999999975,1.86,2026-09-14 16:20:12.306099
SPY,2026-06-11,482.96,496.84,479.22,492.36,41412544,492.36,9.400000000000034,1.95,2026-09-14 16:20:12.306099
SPY,2026-06-12,492.36,493.49,491.65,492.97,19322202,492.97,0.6100000000000136,0.12,2026-09-14 16:20:12.306099
SPY,2026-06-15,492.97,500.81,489.72,496.04,83857485,496.04,3.069999999999993,0.62,2026-09-14 16:20:12.306099
SPY,2026-06-16,496.04,499.12,486.96,491.29,33577227,491.29,-4.75,-0.96,2026-09-14 16:20:12.306099
SPY,2026-06-17,491.29,502.87,486.69,498.39,49964341,498.39,7.099999999999966,1.45,2026-09-14 16:20:12.306099
SPY,2026-06-18,498.39,500.9,479.54,480.78,32586316,480.78,-17.610000000000014,-3.53,2026-09-14 16:20:12.306099
SPY,2026-06-19,480.78,484.91,480.64,483.67,19499229,483.67,2.890000000000043,0.6,2026-09-14 16:20:12.306099
SPY,2026-06-22,483.67,487.93,471.05,475.2,59834110,475.2,-8.470000000000027,-1.75,2026-09-14 16:20:12.306099
SPY,2026-06-23,475.2,484.23,473.0,481.82,52694394,481.82,6.6200000000000045,1.39,2026-09-14 16:20:12.306099
SPY,2026-06-24,481.82,485.13,479.66,482.17,97719190,482.17,0.3500000000000227,0.07,2026-09-14 16:20:12.306099
SPY,2026-06-25,482.17,482.54,475.18,476.86,29399492,476.86,-5.310000000000002,-1.1,2026-09-14 16:20:12.306099
SPY,2026-06-26,476.86,479.52,465.34,467.02,67846702,467.02,-9.840000000000032,-2.06,2026-09-14 16:20:12.306099
SPY,2026-06-29,467.02,469.98,465.18,469.01,35771892,469.01,1.990000000000009,0.43,2026-09-14 16:20:12.306099
SPY,2026-06-30,469.01,473.75,467.77,469.91,65919400,469.91,0.9000000000000341,0.19,2026-09-14 16:20:12.306099
SPY,2026-07-01,469.91,471.65,461.71,463.97,42293500,463.97,-5.939999999999998,-1.26,2026-09-14 16:20:12.306099
SPY,2026-07-02,463.97,473.38,462.6,471.28,53949696,471.28,7.309999999999945,1.58,2026-09-14 16:20:12.306099
SPY,2026-07-03,471.28,473.14,466.72,471.17,29619597,471.17,-0.1099999999999568,-0.02,2026-09-14 16:20:12.306099
SPY,2026-07-06,471.17,480.49,468.61,477.61,95224660,477.61,6.439999999999998,1.37,2026-09-14 16:20:12.306099
SPY,2026-07-07,477.61,479.42,469.52,472.34,63673020,472.34,-5.270000000000039,-1.1,2026-09-14 16:20:12.306099
SPY,2026-07-08,472.34,476.09,470.64,470.69,78777944,470.69,-1.6499999999999773,-0.35,2026-09-14 16:20:12.306099
SPY,2026-07-09,470.69,479.93,469.2,477.13,91635045,477.13,6.439999999999998,1.37,2026-09-14 16:20:12.306099
SPY,2026-07-10,477.13,478.36,469.59,471.03,73941013,471.03,-6.100000000000023,-1.28,2026-09-14 16:20:12.306099
SPY,2026-07-13,471.03,476.33,466.89,474.01,44390304,474.01,2.980000000000018,0.63,2026-09-14 16:20:12.306099
SPY,2026-07-14,474.01,477.26,473.06,473.3,22502964,473.3,-0.7099999999999795,-0.15,2026-09-14 16:20:12.306099
SPY,2026-07-15,473.3,474.44,460.12,460.92,18014745,460.92,-12.379999999999995,-2.62,2026-09-14 16:20:12.306099
SPY,2026-07-16,460.92,462.08,444.16,445.68,94449659,445.68,-15.240000000000007,-3.31,2026-09-14 16:20:12.306099
SPY,2026-07-17,445.68,449.88,445.09,446.78,27340001,446.78,1.099999999999966,0.25,2026-09-14 16:20:12.306099
SPY,2026-07-20,446.78,450.49,443.16,447.65,42171636,447.65,0.8700000000000045,0.19,2026-09-14 16:20:12.306099
SPY,2026-07-21,447.65,449.9,440.85,441.75,84229255,441.75,-5.899999999999977,-1.32,2026-09-14 16:20:12.306099
SPY,2026-07-22,441.75,448.75,441.17,446.66,67452102,446.66,4.910000000000025,1.11,2026-09-14 16:20:12.306099
SPY,2026-07-23,446.66,448.49,439.15,443.49,33182556,443.49,-3.170000000000016,-0.71,2026-09-14 16:20:12.306099
SPY,2026-07-24,443.49,461.96,439.37,458.65,76658339,458.65,15.159999999999968,3.42,2026-09-14 16:20:12.306099
SPY,2026-07-27,458.65,460.55,445.1,448.83,85632712,448.83,-9.819999999999991,-2.14,2026-09-14 16:20:12.306099
SPY,2026-07-28,448.83,449.81,445.72,445.95,68833484,445.95,-2.8799999999999955,-0.64,2026-09-14 16:20:12.306099
SPY,2026-07-29,445.95,448.91,438.3,440.77,40816077,440.77,-5.180000000000007,-1.16,2026-09-14 16:20:12.306099
SPY,2026-07-30,440.77,445.1,440.12,444.81,66546836,444.81,4.0400000000000205,0.92,2026-09-14 16:20:12.306099
SPY,2026-07-31,444.81,449.46,444.43,445.42,83262361,445.42,0.6100000000000136,0.14,2026-09-14 16:20:12.306099
SPY,2026-08-03,445.42,446.76,435.95,439.14,99041862,439.14,-6.28000000000003,-1.41,2026-09-14 16:20:12.306099
SPY,2026-08-04,439.14,441.89,437.84,438.99,28452527,438.99,-0.1499999999999772,-0.03,2026-09-14 16:20:12.306099
SPY,2026-08-05,438.99,440.2,435.81,440.06,23136306,440.06,1.0699999999999932,0.24,2026-09-14 16:20:12.306099
SPY,2026-08-06,440.06,443.88,433.19,436.89,36906852,436.89,-3.170000000000016,-0.72,2026-09-14 16:20:12.306099
SPY,2026-08-07,436.89,442.7,434.41,441.05,67991226,441.05,4.160000000000025,0.95,2026-09-14 16:20:12.306099
SPY,2026-08-10,441.05,445.86,437.23,444.85,95039897,444.85,3.8000000000000114,0.86,2026-09-14 16:20:12.306099
SPY,2026-08-11,444.85,448.68,441.92,446.2,21575842,446.2,1.349999999999966,0.3,2026-09-14 16:20:12.306099
SPY,2026-08-12,446.2,447.13,440.53,443.5,29977359,443.5,-2.6999999999999886,-0.61,2026-09-14 16:20:12.306099
SPY,2026-08-13,443.5,454.06,440.21,450.67,48582867,450.67,7.170000000000016,1.62,2026-09-14 16:20:12.306099
SPY,2026-08-14,450.67,456.57,447.42,453.85,54910077,453.85,3.180000000000007,0.71,2026-09-14 16:20:12.306099
SPY,2026-08-17,453.85,457.36,453.08,454.25,68723184,454.25,0.3999999999999772,0.09,2026-09-14 16:20:12.306099
SPY,2026-08-18,454.25,459.96,452.48,456.65,85562444,456.65,2.3999999999999773,0.53,2026-09-14 16:20:12.306099
SPY,2026-08-19,456.65,458.75,452.65,453.41,88197687,453.41,-3.2399999999999523,-0.71,2026-09-14 16:20:12.306099
SPY,2026-08-20,453.41,455.62,452.93,453.42,81794120,453.42,0.0099999999999909,0.0,2026-09-14 16:20:12.306099
SPY,2026-08-21,453.42,459.1,452.65,456.38,41644529,456.38,2.9599999999999795,0.65,2026-09-14 16:20:12.306099
SPY,2026-08-24,456.38,458.9,449.92,449.94,99376434,449.94,-6.439999999999998,-1.41,2026-09-14 16:20:12.306099
SPY,2026-08-25,449.94,452.77,445.74,447.02,32792334,447.02,-2.920000000000016,-0.65,2026-09-14 16:20:12.306099
SPY,2026-08-26,447.02,456.07,444.14,452.63,77707441,452.63,5.610000000000014,1.25,2026-09-14 16:20:12.306099
SPY,2026-08-27,452.63,456.86,446.25,448.28,88184050,448.28,-4.350000000000023,-0.96,2026-09-14 16:20:12.306099
SPY,2026-08-28,448.28,449.57,436.15,438.65,96998121,438.65,-9.629999999999995,-2.15,2026-09-14 16:20:12.306099
SPY,2026-08-31,438.65,440.52,433.46,436.16,40590645,436.16,-2.4899999999999523,-0.57,2026-09-14 16:20:12.306099
SPY,2026-09-01,436.16,439.43,427.39,431.34,58386549,431.34,-4.82000000000005,-1.11,2026-09-14 16:20:12.306099
SPY,2026-09-02,431.34,438.23,430.36,437.78,17894075,437.78,6.439999999999998,1.49,2026-09-14 16:20:12.306099
SPY,2026-09-03,437.78,443.82,436.9,441.06,50368481,441.06,3.2800000000000296,0.75,2026-09-14 16:20:12.306099
SPY,2026-09-04,441.06,443.88,436.63,439.39,64542903,439.39,-1.670000000000016,-0.38,2026-09-14 16:20:12.306099
SPY,2026-09-07,439.39,452.75,435.41,449.54,95655719,449.54,10.150000000000034,2.31,2026-09-14 16:20:12.306099
SPY,2026-09-08,449.54,461.05,447.16,460.61,44336123,460.61,11.069999999999991,2.46,2026-09-14 16:20:12.306099
SPY,2026-09-09,460.61,463.21,450.16,451.12,62356349,451.12,-9.490000000000007,-2.06,2026-09-14 16:20:12.306099
SPY,2026-09-10,451.12,456.7,446.83,454.91,78982167,454.91,3.790000000000021,0.84,2026-09-14 16:20:12.306099
SPY,2026-09-11,454.91,455.42,447.21,451.46,13107624,451.46,-3.450000000000045,-0.76,2026-09-14 16:20:12.306099
SPY,2026-09-14,451.46,458.77,450.73,458.63,38381058,458.63,7.170000000000016,1.59,2026-09-14 16:20:12.306099
SPY,2026-09-15,451.46,458.77,450.73,458.63,38381058,458.63,7.170000000000016,1.59,2026-09-15 07:27:40.144938
SPY,2026-09-16,462.1,463.8,458.3,459.88,71153290,459.88,-2.2200000000000273,-0.48,2026-09-16 09:38:16.456517
